sample_id,parent_id,copy_number_for_parent,length,folded_residue_count,disordered_residue_count,mutation_count,mutation_fraction,parent_identity,idr_unchanged,mutated_positions_1based,sequence_sha256
pos_train_seq0_hmm_aug001,pos_train_seq0,1,496,354,142,15,0.03024193548387097,0.969758064516129,1,"72,97,106,114,132,144,150,182,188,242,261,288,327,359,417",9fde2dd3d8e26fa0be0f9d700afb51afb87a25af24265d38b4491f95dc7109b1
pos_train_seq1_hmm_aug001,pos_train_seq1,1,231,231,0,11,0.047619047619047616,0.9523809523809523,1,"22,40,45,48,108,111,142,143,151,186,203",4de2c24cae3828738af797a61b7792d2a8321d57b8ad0080f1d5040f91eef968
pos_train_seq2_hmm_aug001,pos_train_seq2,1,163,78,85,3,0.018404907975460124,0.9815950920245399,1,"45,59,80",64cce0a86ddef2dd280ae259263baf9457e47d8364c2a868e3b1efde48ccdc54
pos_train_seq3_hmm_aug001,pos_train_seq3,1,157,120,37,8,0.050955414012738856,0.9490445859872612,1,"62,71,78,89,91,116,150,155",3ed5d092177192ab8a858525605d92d505107b048a56620ce85f2184cd090889
pos_train_seq7_hmm_aug001,pos_train_seq7,1,480,148,332,4,0.008333333333333333,0.9916666666666667,1,"209,251,339,375",dce3cbef54dbef4d82dc0b9db7dc6fba85b0a57bb0f6d2d7574e35e5175b60a5
pos_train_seq8_hmm_aug001,pos_train_seq8,1,180,1,179,1,0.005555555555555556,0.9944444444444445,1,97,0bc1e3f04366c824c678b980f4064e436034aa369428356504da26e381d0eb95
pos_train_seq10_hmm_aug001,pos_train_seq10,1,474,318,156,22,0.046413502109704644,0.9535864978902954,1,"29,86,91,94,122,127,141,144,149,169,181,186,187,207,208,245,251,269,278,435,446,453",43c5ca88117123d4a5cc937886737a6cd449c1fdcf2ac60c7b6ab642ed48f94d
pos_train_seq11_hmm_aug001,pos_train_seq11,1,378,159,219,2,0.005291005291005291,0.9947089947089947,1,"121,135",4a3f296ee307321680ff67b3747610cd2040faf24a3eba6be09671837ca085c8
pos_train_seq12_hmm_aug001,pos_train_seq12,1,359,6,353,1,0.002785515320334262,0.9972144846796658,1,183,f083809318cdeb5bde9213ff3e3d7b0b10f073ff8e2c71262bf6b985f83068f4
pos_train_seq14_hmm_aug001,pos_train_seq14,1,501,305,196,16,0.031936127744510975,0.9680638722554891,1,"17,25,29,61,93,111,112,174,176,179,228,245,253,345,355,359",4b80562700560a3e938ce3773078dcd03706c9d8a95fef1c6c6f2ea46f535d50
pos_train_seq16_hmm_aug001,pos_train_seq16,1,461,210,251,7,0.015184381778741865,0.9848156182212582,1,"4,28,54,71,100,142,423",cafc3f594028642a1d3ab51355ee3928f7083d6fc95451bb8d1361dbdc123a04
pos_train_seq17_hmm_aug001,pos_train_seq17,1,280,124,156,5,0.017857142857142856,0.9821428571428571,1,"31,58,247,256,273",6985d3317b8eb35ab0a32d5d0f9e68e37fbb1116953d2a6903b4d948f5fb8685
pos_train_seq18_hmm_aug001,pos_train_seq18,1,184,171,13,7,0.03804347826086957,0.9619565217391304,1,"34,91,92,101,123,130,156",d88c8931e8d9a807cf66a9d7f8b579f5b828d1cef3f533741a0713f9d8d34a05
pos_train_seq19_hmm_aug001,pos_train_seq19,1,501,305,196,17,0.033932135728542916,0.9660678642714571,1,"25,26,81,94,119,131,140,149,159,172,193,208,217,225,239,284,359",e4715194d3593fc7f461aa72adcedcaeba339fb0c9a3d12fb8a2eacac4b8a153
pos_train_seq24_hmm_aug001,pos_train_seq24,1,165,4,161,1,0.006060606060606061,0.9939393939393939,1,165,ef3cb4e18d7cf68d1b3ed82eca5109b1018af56584eb920e83508729bb68c70a
pos_train_seq25_hmm_aug001,pos_train_seq25,1,198,190,8,9,0.045454545454545456,0.9545454545454546,1,"20,99,108,123,127,151,165,170,190",c40511257f6889c1a3aa17975fefe5cc4d4d16b2470f9cc2941e107ad066a03a
pos_train_seq28_hmm_aug001,pos_train_seq28,1,391,312,79,15,0.03836317135549872,0.9616368286445013,1,"19,66,79,162,163,185,218,268,282,293,298,303,305,315,318",da7398b6cb2482503cf85817e6cf03bcd8a2061dd5de45f0713c8ad2b54579a4
pos_train_seq29_hmm_aug001,pos_train_seq29,1,267,135,132,9,0.033707865168539325,0.9662921348314607,1,"86,91,106,125,147,151,156,163,171",5a5f288575a7f319847443591de02c83292fb62687c2be86651cdf08aab66127
pos_train_seq31_hmm_aug001,pos_train_seq31,1,388,18,370,2,0.005154639175257732,0.9948453608247423,1,"370,372",96a914de985d8ec75254cba7f92072ae7d665e31f83652a2437716a7901e7597
pos_train_seq32_hmm_aug001,pos_train_seq32,1,240,131,109,1,0.004166666666666667,0.9958333333333333,1,138,1da31df7d3108b838a5a6cd36799b9726611f0ca40e32004838299999e71e781
pos_train_seq33_hmm_aug001,pos_train_seq33,1,495,493,2,21,0.04242424242424243,0.9575757575757575,1,"8,25,27,75,89,160,178,231,272,279,292,300,387,436,440,451,454,472,478,484,494",af74f751f87ce42e1ba9bb564f0632396a47400a424cc5f25c8597a0e52bd9ea
pos_train_seq34_hmm_aug001,pos_train_seq34,1,357,189,168,5,0.014005602240896359,0.9859943977591037,1,"26,279,292,311,318",1d3f32751b235308887e7a4f96985b86470bbcd361105b0d50feeae690f168b1
pos_train_seq35_hmm_aug001,pos_train_seq35,1,214,135,79,5,0.02336448598130841,0.9766355140186916,1,"73,102,112,128,176",a1ea20482fc88cfa8ab5f9183773ba3e2667755fdbb6e972a687b1ff7f4884c9
pos_train_seq36_hmm_aug001,pos_train_seq36,1,412,405,7,17,0.0412621359223301,0.9587378640776699,1,"12,36,38,41,78,96,126,218,226,237,257,267,316,323,326,336,351",f2876bfbc330d10e0cc7345b9d6adb55d33537899f381a95128ac55139f57be4
pos_train_seq37_hmm_aug001,pos_train_seq37,1,213,94,119,6,0.028169014084507043,0.971830985915493,1,"39,40,60,62,161,213",7a2ec5629b087f102b76f1348e370eb092a29d93d5392854b9a4c468ff1bf8cd
pos_train_seq38_hmm_aug001,pos_train_seq38,1,352,148,204,7,0.019886363636363636,0.9801136363636364,1,"149,156,166,184,196,250,271",63f39bdeebebe74001299bbe1f0482bce3cf10cf01f098b66608947e9e2a7a37
pos_train_seq39_hmm_aug001,pos_train_seq39,1,328,108,220,5,0.01524390243902439,0.9847560975609756,1,"111,112,114,305,320",124bf00bc05e446832cccc83d722c063d236718e116b754fdfd6329075ee11c7
pos_train_seq42_hmm_aug001,pos_train_seq42,1,387,240,147,7,0.01808785529715762,0.9819121447028424,1,"22,42,47,67,155,172,198",c52418c89f9db0a33f6cf3a162f1c77a11b816049f1d6197a17185349cb10372
pos_train_seq44_hmm_aug001,pos_train_seq44,1,452,227,225,23,0.05088495575221239,0.9491150442477876,1,"233,250,262,283,297,305,320,327,345,347,356,360,371,388,390,394,396,397,417,432,441,446,451",186a095664d519ce3c601a9a75044f45481e9208a00554a0921f5543bc5f5126
pos_train_seq45_hmm_aug001,pos_train_seq45,1,429,252,177,7,0.016317016317016316,0.9836829836829837,1,"28,65,196,210,247,255,299",f8884785a1de049c18989f2eb44d4da7100e369e2aaba77064375a4cfdc1e91e
pos_train_seq46_hmm_aug001,pos_train_seq46,1,392,47,345,1,0.002551020408163265,0.9974489795918368,1,56,6fb5252d26a6eba2b25e61ddea606aa4be561325429e7ca04610a79665b4b879
pos_train_seq47_hmm_aug001,pos_train_seq47,1,127,126,1,5,0.03937007874015748,0.9606299212598425,1,"15,25,46,101,115",a8aa28ee08c565937a706fb376b1a5df1d5662aa54caa2bafc7253710ecc24b4
pos_train_seq50_hmm_aug001,pos_train_seq50,1,343,145,198,9,0.026239067055393587,0.9737609329446064,1,"207,223,274,278,291,295,301,305,309",687bbce4ae966f8319a378f0fe6d6d81a9e60f4f69c39ce55c601a9aede6745d
pos_train_seq51_hmm_aug001,pos_train_seq51,1,401,12,389,1,0.0024937655860349127,0.9975062344139651,1,315,6f9ea8ee98e47b46f8ce87cb45ec2f17cb1ccce413c619b5f2e6ba28cdaf6da0
pos_train_seq52_hmm_aug001,pos_train_seq52,1,175,37,138,1,0.005714285714285714,0.9942857142857143,1,146,15c99eb74c9e58352287f79fb349b4a3e832d594658c4fde370490c323acd9bd
pos_train_seq54_hmm_aug001,pos_train_seq54,1,376,282,94,13,0.034574468085106384,0.9654255319148937,1,"3,8,58,222,243,247,271,272,280,292,338,341,342",3cd0f29a063b64f1fb25ad82c359554d83677300e11443f7c66af938d4319743
pos_train_seq55_hmm_aug001,pos_train_seq55,1,393,186,207,11,0.027989821882951654,0.9720101781170484,1,"110,112,156,157,171,188,192,230,246,262,277",dfec9bc73839c8a1eb841456194407a86a704df3a9a8ab8fb3ef4315f07e8f77
pos_train_seq57_hmm_aug001,pos_train_seq57,1,246,35,211,3,0.012195121951219513,0.9878048780487805,1,"215,217,232",0ade8541cb51ffdb859237a75dc5e73deb63f7745d92d9a643f7c8cafaa81b55
pos_train_seq59_hmm_aug001,pos_train_seq59,1,185,137,48,7,0.03783783783783784,0.9621621621621621,1,"55,63,78,85,106,165,167",9f92669a30ee5157cf785ad1e2c41aae3aaeffd189cc8db6aa8e0545c13438c7
pos_train_seq60_hmm_aug001,pos_train_seq60,1,341,304,37,13,0.03812316715542522,0.9618768328445748,1,"13,49,85,101,106,147,186,205,212,262,279,289,304",1dfe9d74275918aa1179a44724721a0553fd7513cc8dfd612d8c4a04d42f32cf
pos_train_seq65_hmm_aug001,pos_train_seq65,1,341,271,70,12,0.03519061583577713,0.9648093841642229,1,"89,104,151,155,158,173,258,274,280,290,295,316",b5a732f27d769ac3409d845f0bfc005ec056580621b480be64c25ea8f6758639
pos_train_seq66_hmm_aug001,pos_train_seq66,1,481,468,13,15,0.031185031185031187,0.9688149688149688,1,"22,39,83,106,146,155,225,288,313,314,327,333,397,411,427",77a6dc1447fa7e9403a62dd664ecd56d6ad80b664c58cd34ec60a33fbb3ed811
pos_train_seq67_hmm_aug001,pos_train_seq67,1,326,314,12,10,0.03067484662576687,0.9693251533742331,1,"22,29,47,84,86,148,207,210,252,326",08ac4ea153ee105058b2721d5a4ff2b034e9578670da88422d7461baf83a57ec
pos_train_seq68_hmm_aug001,pos_train_seq68,1,341,228,113,6,0.017595307917888565,0.9824046920821115,1,"17,33,65,97,123,280",7a9c578850642a96847b250c87b7444b02ec8a383f84e3b01d09ed062dc37de8
pos_train_seq69_hmm_aug001,pos_train_seq69,1,394,379,15,16,0.04060913705583756,0.9593908629441624,1,"28,31,46,83,84,89,107,139,276,298,310,342,352,361,366,383",99ef16c8f19c7b0ad5effbaa4716992c06835c517fea46bb05a0336ff447f077
pos_train_seq70_hmm_aug001,pos_train_seq70,1,130,78,52,2,0.015384615384615385,0.9846153846153847,1,"57,105",debfda52cdf75a3d2c77307d6edf4499d8153cf9be97a40b14bfc81048a23eaf
pos_train_seq73_hmm_aug001,pos_train_seq73,1,201,191,10,11,0.05472636815920398,0.945273631840796,1,"56,65,81,102,121,124,134,135,144,156,177",56dc93483e7b7d7b5466b6e82e63b08c6b947b41545864a4d74c5137815e0d1a
pos_train_seq75_hmm_aug001,pos_train_seq75,1,501,173,328,6,0.011976047904191617,0.9880239520958084,1,"18,54,69,116,214,230",421e2e328f0dfe521224308f553902f99404d06f130bc493c2190462b9224dd7
pos_train_seq76_hmm_aug001,pos_train_seq76,1,183,123,60,6,0.03278688524590164,0.9672131147540983,1,"34,43,69,81,96,99",ffac170d46e642020b143d70500982717b98a3c1834e722726cca16d9ba3b560
pos_train_seq79_hmm_aug001,pos_train_seq79,1,178,157,21,6,0.033707865168539325,0.9662921348314607,1,"51,59,124,125,137,149",6c1890cebe45325a44612d8d5277aa57424e3d3410436b8339a63f5df6da1edb
pos_train_seq80_hmm_aug001,pos_train_seq80,1,427,281,146,12,0.02810304449648712,0.9718969555035128,1,"114,125,137,155,164,175,246,264,272,340,377,403",c425912411928c4880c32f5d4a472066c18680bbfa539a4d04ba3d6c08951117
pos_train_seq82_hmm_aug001,pos_train_seq82,1,479,466,13,20,0.04175365344467641,0.9582463465553236,1,"12,37,73,106,197,224,226,299,301,304,309,351,353,361,380,388,395,409,411,430",6c0beb3fb277968e16a3fb8c0a0be639cab24dc0448adbc602027f5c1178c66e
pos_train_seq86_hmm_aug001,pos_train_seq86,1,377,318,59,16,0.042440318302387266,0.9575596816976127,1,"34,100,102,144,180,195,203,209,210,234,242,261,274,309,315,355",e1c24bebd8cac6036bb96dd1bb27d065e9e4fc38426ac7ec9897a3def0945f3b
pos_train_seq87_hmm_aug001,pos_train_seq87,1,321,199,122,5,0.01557632398753894,0.9844236760124611,1,"128,149,166,183,245",6beea5ce17a660a60eefd3a9a2984bb97c2548e726dbecf2458f31b14df96af2
pos_train_seq89_hmm_aug001,pos_train_seq89,1,493,325,168,13,0.02636916835699797,0.973630831643002,1,"62,92,100,117,124,147,176,180,184,235,267,348,364",87fea03e01bb566ce209dc092983cc0e2be0c125823a431319f158a10576d6f3
pos_train_seq90_hmm_aug001,pos_train_seq90,1,435,229,206,14,0.03218390804597701,0.967816091954023,1,"124,223,236,241,247,251,289,317,326,341,351,388,408,418",e799ad15c4b81bb7bb57768e1845eb9294e7dfade10e526cbc62f37fd633b5f9
pos_train_seq91_hmm_aug001,pos_train_seq91,1,472,313,159,24,0.05084745762711865,0.9491525423728814,1,"14,20,61,78,105,115,116,119,144,174,179,181,191,285,290,294,302,305,308,331,339,349,352,370",e362c442f30b3976582c441535b632d35a11da562a6bbb25e73d3ec83bc6d899
pos_train_seq93_hmm_aug001,pos_train_seq93,1,316,127,189,8,0.02531645569620253,0.9746835443037974,1,"82,94,105,111,148,158,160,161",a1f3ae9a398eb23088fe3bb1223c776dd65f66fb2b2903978bb96c7c8603ac99
pos_train_seq94_hmm_aug001,pos_train_seq94,1,422,246,176,15,0.035545023696682464,0.9644549763033176,1,"42,51,55,63,83,101,117,119,143,154,158,210,360,391,406",ef88f2cd61b83ed9752ee729029132808b72534dd2f8b483624eeee7b52fdb35
pos_train_seq95_hmm_aug001,pos_train_seq95,1,341,168,173,5,0.01466275659824047,0.9853372434017595,1,"7,33,106,135,167",31b1a50ed9fbd19b711451d1a676e74ea18fc750c97d4b11211adc575ef67fb4
pos_train_seq96_hmm_aug001,pos_train_seq96,1,336,214,122,8,0.023809523809523808,0.9761904761904762,1,"42,79,104,109,140,273,284,319",6b347504b44ec3c8c1c39afe6f62aa019c1dc0d977624b479fd547c01ea9f30c
pos_train_seq97_hmm_aug001,pos_train_seq97,1,191,117,74,5,0.02617801047120419,0.9738219895287958,1,"31,50,70,138,140",633499215ea893a7a8448c53d4cb6de777350a68d48d9e105353d2cb63e8731f
pos_train_seq98_hmm_aug001,pos_train_seq98,1,178,107,71,2,0.011235955056179775,0.9887640449438202,1,"82,135",cf56c8f77d8d14248365632544b3e0715259af6ec8af706d847f58701e52f826
pos_train_seq99_hmm_aug001,pos_train_seq99,1,125,114,11,2,0.016,0.984,1,"95,101",45add5c52c23b5c3bdc3a3521583421ce75af2a741f9a890523a997bbcbdcd2f
pos_train_seq101_hmm_aug001,pos_train_seq101,1,297,210,87,14,0.04713804713804714,0.9528619528619529,1,"51,77,92,101,105,121,137,140,149,167,186,205,208,247",93976ae457f42e6150a05ec924c06c292061a6c260487f46cf1bcb4152397e75
pos_train_seq103_hmm_aug001,pos_train_seq103,1,426,256,170,9,0.02112676056338028,0.9788732394366197,1,"4,66,84,115,122,128,177,190,213",d3b5aa7168c12678a9abebb084e64f47aaa18b520c86d2bdf67032fca88ddda8
pos_train_seq104_hmm_aug001,pos_train_seq104,1,332,326,6,19,0.0572289156626506,0.9427710843373494,1,"9,21,45,65,77,78,83,94,120,139,143,211,222,223,244,281,285,313,332",4fe1a247fd633bf3ac053d2e0f523e7b38f623e355a2d2a84152736ba3542161
pos_train_seq105_hmm_aug001,pos_train_seq105,1,380,78,302,6,0.015789473684210527,0.9842105263157894,1,"286,293,298,301,307,323",45f491a5efbb0bb4e588ec5b4e76beb359c0ad6f0a5e69147524395922998e85
pos_train_seq106_hmm_aug001,pos_train_seq106,1,320,156,164,8,0.025,0.975,1,"28,46,95,145,164,165,171,182",7aea7b892fd93a2f265979114a5813334351de5e7d10c58cebd12c0ad9e4bf5b
pos_train_seq107_hmm_aug001,pos_train_seq107,1,219,162,57,2,0.0091324200913242,0.9908675799086758,1,"26,72",6704ae82d1ce82e16bc62d1591d51f8c0c3b8493e03c8aa198dec7c2f9adf7ff
pos_train_seq108_hmm_aug001,pos_train_seq108,1,189,181,8,10,0.05291005291005291,0.9470899470899471,1,"17,19,80,84,98,105,110,144,151,186",42e9f121cc347d03c6a3111a63addb82dff1b8e2aa16549adf7ad36c23f961f4
pos_train_seq109_hmm_aug001,pos_train_seq109,1,244,75,169,1,0.004098360655737705,0.9959016393442623,1,136,30ff106ebe99494025d76321356ebf0926e52b713ce52a4c0a68cfc5e6c6441e
pos_train_seq112_hmm_aug001,pos_train_seq112,1,194,36,158,2,0.010309278350515464,0.9896907216494846,1,"48,53",5dbaf7a701b0904f4f5a3f7fa4b644f3a717c40a421c3ff25c5b6513434723f3
pos_train_seq113_hmm_aug001,pos_train_seq113,1,427,344,83,19,0.04449648711943794,0.955503512880562,1,"14,30,33,41,44,76,89,189,195,214,233,237,239,256,297,324,349,358,402",58c6bdeadec600184f1c08d1b983bb8de0ab971c38f4593ece5cbbf60788ff65
pos_train_seq116_hmm_aug001,pos_train_seq116,1,272,267,5,15,0.05514705882352941,0.9448529411764706,1,"16,17,46,58,76,81,92,96,99,116,131,133,160,190,248",44cf7f8307c49f6840df40f8a69f39d3a89595d21217ce17dfba33d2cba14c96
pos_train_seq118_hmm_aug001,pos_train_seq118,1,339,177,162,11,0.032448377581120944,0.967551622418879,1,"189,216,223,256,257,260,274,275,309,313,319",acd5a13900339750bcad73ec73998fdaac7b00a185291d71c5b3ea6edf2cbb28
pos_train_seq119_hmm_aug001,pos_train_seq119,1,471,157,314,10,0.021231422505307854,0.9787685774946921,1,"72,79,129,130,134,154,202,204,212,223",7d7b2564decd10bac6963235bbd83c3b846e90b070aa9a9f6f2048cf6880c7e3
pos_train_seq121_hmm_aug001,pos_train_seq121,1,172,131,41,7,0.040697674418604654,0.9593023255813954,1,"36,77,103,129,140,141,150",d06c86ded8abc18813722e4b832232603b6f360cfcb741588faa69875a2d115e
pos_train_seq122_hmm_aug001,pos_train_seq122,1,175,157,18,8,0.045714285714285714,0.9542857142857143,1,"48,73,81,102,110,114,128,134",2e5dd33f71a440f6d790e8e33bb3371c4044af6efff6249abee3f17ed5e86fcb
pos_train_seq123_hmm_aug001,pos_train_seq123,1,175,37,138,2,0.011428571428571429,0.9885714285714285,1,"141,152",e158c45eb179084412f992941d8dc816d0aa7ef7f15e304b2cb6904b24dce06a
pos_train_seq124_hmm_aug001,pos_train_seq124,1,375,285,90,17,0.04533333333333334,0.9546666666666667,1,"25,44,82,112,130,146,161,172,208,210,213,229,233,260,261,293,301",ab4c05997f5833cf1e53e4c1edcbead97e9333e70c73fc83c3bd35bf64a9c185
pos_train_seq126_hmm_aug001,pos_train_seq126,1,196,188,8,7,0.03571428571428571,0.9642857142857143,1,"29,37,58,88,161,186,188",a8f0952decaf14c7f6a068b3fdb5e8042117276f95fb174458b19fffba166065
pos_train_seq127_hmm_aug001,pos_train_seq127,1,454,363,91,18,0.039647577092511016,0.960352422907489,1,"88,126,129,134,135,171,181,191,228,235,289,290,292,294,309,328,349,395",6e3b6dc1899775534bf1fc4a54e0627d6d578fbdd3d1a81a34b15bfcf423a9ca
pos_train_seq129_hmm_aug001,pos_train_seq129,1,385,19,366,1,0.0025974025974025974,0.9974025974025974,1,320,862a22a6075d8b01147df7d6fbb0d36533e3a13c192a634b8e58d97f682c4688
pos_train_seq130_hmm_aug001,pos_train_seq130,1,307,47,260,2,0.006514657980456026,0.993485342019544,1,"193,195",513075980fb7971df77826e1c259fd0b350a62a02b09d7eb42d9892ebfe7b8cd
pos_train_seq132_hmm_aug001,pos_train_seq132,1,241,59,182,2,0.008298755186721992,0.991701244813278,1,"173,185",777d3b423a6cf3c1146810ec0d3d7042dbb7586425eeacb9ad7be5e457a7fc86
pos_train_seq133_hmm_aug001,pos_train_seq133,1,284,83,201,7,0.02464788732394366,0.9753521126760564,1,"102,111,120,132,133,145,157",975892b61767a633cd703d168b2e5c435c7737ae05de30a50f2dac9dab08150b
pos_train_seq135_hmm_aug001,pos_train_seq135,1,185,73,112,1,0.005405405405405406,0.9945945945945946,1,146,39fda3affddaa359a4fe1ff5524c835cd8f4467c1b293a3bbb3e36952f5c3440
pos_train_seq137_hmm_aug001,pos_train_seq137,1,435,239,196,7,0.016091954022988506,0.9839080459770115,1,"65,112,175,203,205,215,435",725ef58eafb2631c14d4779be59c43c65bb4f111c3557e7c1884aae300103da9
pos_train_seq138_hmm_aug001,pos_train_seq138,1,452,88,364,4,0.008849557522123894,0.9911504424778761,1,"18,78,87,95",c405361662d3450fd5b01770073a185ddfed889cf09bc7672cf103ad1df1d02d
pos_train_seq139_hmm_aug001,pos_train_seq139,1,297,179,118,6,0.020202020202020204,0.9797979797979798,1,"83,121,128,244,276,285",e5c6b73188a77ab32947f771b5678a9e82cc103463634c14f06ea739adfa69eb
pos_train_seq140_hmm_aug001,pos_train_seq140,1,414,249,165,12,0.028985507246376812,0.9710144927536232,1,"17,58,61,110,111,127,133,141,145,184,190,198",d2181b339c59bb6e2f4564bcf1ea9e6f6e97dc4ec84aeb2cd6f16e9d5d108d6b
pos_train_seq143_hmm_aug001,pos_train_seq143,1,454,373,81,24,0.05286343612334802,0.947136563876652,1,"19,79,82,84,92,111,112,119,121,153,161,171,179,192,197,214,244,251,254,294,298,334,344,355",31edc44331a738b56b0ae6898ad57fbea637385b634fcfcf4ae5e0845fc41f2f
pos_train_seq144_hmm_aug001,pos_train_seq144,1,437,99,338,5,0.011441647597254004,0.988558352402746,1,"115,126,161,162,169",90697d3c0ff5a934049ea1debcce5c00a3286baa5825b8488e574e0446771f9d
pos_train_seq145_hmm_aug001,pos_train_seq145,1,441,4,437,1,0.0022675736961451248,0.9977324263038548,1,352,8ac4a58c523db3d32a7820fd6f6c0ae196852b37713751a3c42750923ac23898
pos_train_seq146_hmm_aug001,pos_train_seq146,1,196,39,157,2,0.01020408163265306,0.9897959183673469,1,"99,157",903ef621eda7d1aeb77afd1b5f36c14904017b55173a407df325250a2708316d
pos_train_seq148_hmm_aug001,pos_train_seq148,1,475,327,148,18,0.037894736842105266,0.9621052631578947,1,"168,172,175,179,180,186,187,218,229,237,246,268,320,335,353,370,382,463",3a25be7ab5e9c9602086ea3c61cd640063d4606c1440819fb03656c60544ad33
pos_train_seq151_hmm_aug001,pos_train_seq151,1,414,360,54,15,0.036231884057971016,0.9637681159420289,1,"23,73,102,139,150,167,184,204,230,233,255,339,341,370,405",c1f6d78fd08b1df4be4416c5bc5249d60dd5a8053caf85411445d9d6a3ae335e
pos_train_seq153_hmm_aug001,pos_train_seq153,1,163,75,88,2,0.012269938650306749,0.9877300613496932,1,"28,30",221c1a10a40fe12e9c3ffc88a260827f0985852c8f4d108f9021407b21fcf184
pos_train_seq155_hmm_aug001,pos_train_seq155,1,471,138,333,5,0.010615711252653927,0.9893842887473461,1,"24,46,47,153,158",152897d2357e8f2314cabc28cffe4e81c1e881a6f231283e0c50894be5fd4e20
pos_train_seq157_hmm_aug001,pos_train_seq157,1,268,245,23,11,0.041044776119402986,0.9589552238805971,1,"27,37,39,76,84,109,115,116,172,198,219",aedc4da9da346ab4996d7e78df705cabbad5e3599600211c1c0da5cabecbfa2f
pos_train_seq158_hmm_aug001,pos_train_seq158,1,214,189,25,8,0.037383177570093455,0.9626168224299065,1,"8,49,55,58,92,117,130,160",a7214ef07d2fa41ed8432df79f87c2bba741ecc90cbe0a4d242f302424e3a249
pos_train_seq160_hmm_aug001,pos_train_seq160,1,311,155,156,8,0.02572347266881029,0.9742765273311897,1,"67,97,104,120,136,157,169,173",995822fb98359579cfe5d7dff6cd7612139fe6c9fb0c4659eeadf913365c3c3b
pos_train_seq161_hmm_aug001,pos_train_seq161,1,501,84,417,4,0.007984031936127744,0.9920159680638723,1,"328,338,353,355",79a9e2f52d6fb24f1c308de82cadc04e24b251ed43a6e29e032b84ba7171e4e9
pos_train_seq163_hmm_aug001,pos_train_seq163,1,163,72,91,1,0.006134969325153374,0.9938650306748467,1,47,406bfa2288e640e2c99e242bae3d8d6aac10ec3a312e07496c02cfae530cf16b
pos_train_seq165_hmm_aug001,pos_train_seq165,1,457,403,54,17,0.037199124726477024,0.962800875273523,1,"21,79,108,136,140,179,181,199,256,299,300,326,331,336,353,355,419",eba6adcd29211bdcc609bdb43e3ca87c1749ada836a1f6d6876fbae5be66265d
pos_train_seq166_hmm_aug001,pos_train_seq166,1,178,165,13,10,0.056179775280898875,0.9438202247191011,1,"18,21,69,102,114,115,132,145,147,173",32ea054175ce067c6e04d7f403e09ef53eb5c03829b11adea6123f1bae778b3e
pos_train_seq169_hmm_aug001,pos_train_seq169,1,130,23,107,1,0.007692307692307693,0.9923076923076923,1,69,4bcc036dfc083a3a0fa509064fc7376e0acd595506e4530fdc30877b2466d133
pos_train_seq171_hmm_aug001,pos_train_seq171,1,69,5,64,1,0.014492753623188406,0.9855072463768116,1,39,0e301579fdbfbe501f23dca1ddfe02907ac50118cedac084ea170e9a82a89127
pos_train_seq173_hmm_aug001,pos_train_seq173,1,431,258,173,15,0.03480278422273782,0.9651972157772621,1,"1,8,12,44,50,57,59,113,117,138,199,219,240,242,256",6b5598960dd4ce1b15d744b3c5a4761f074e384bcd9d8c42c68dfeb53e5d14e0
pos_train_seq174_hmm_aug001,pos_train_seq174,1,453,50,403,3,0.006622516556291391,0.9933774834437086,1,"15,38,107",fb838511d6bc2940bf149f488048dc82824b2ba2a5ed09217a93989800ccb7f2
pos_train_seq176_hmm_aug001,pos_train_seq176,1,175,37,138,4,0.022857142857142857,0.9771428571428571,1,"139,142,153,155",8312d8b0ab8d948aa40f1b3a578bc25fc69e3ce4c42cbf2de954832a08458ac4
pos_train_seq178_hmm_aug001,pos_train_seq178,1,321,1,320,1,0.003115264797507788,0.9968847352024922,1,321,79d385bfba21d0907bdac0a0bd14767f1da5c58540fd80ce68780c17aa2eb4a3
pos_train_seq179_hmm_aug001,pos_train_seq179,1,134,7,127,1,0.007462686567164179,0.9925373134328358,1,26,eff7b9a1ac2e8d017fae04dd6eda37d0d97f6d73033a9c626356a1ac2d663cd9
pos_train_seq180_hmm_aug001,pos_train_seq180,1,405,23,382,1,0.0024691358024691358,0.9975308641975309,1,32,61ba161c5ad60e818a1cb7aad96c7a3401a0fe86dff8f7d8ef4b193c2bff0f2a
pos_train_seq181_hmm_aug001,pos_train_seq181,1,175,36,139,2,0.011428571428571429,0.9885714285714285,1,"133,139",b3bdcac409a20a63b7b0de776940c3e2bffb809ed6609cc68c4bd5eb76cc77a2
pos_train_seq183_hmm_aug001,pos_train_seq183,1,412,411,1,21,0.050970873786407765,0.9490291262135923,1,"47,97,98,166,181,201,215,219,238,257,272,286,296,306,310,312,329,348,351,377,405",08a49d33566ea0e8a27157901ec80737d666ad921a4aa2e14c560581f0214c2d
pos_train_seq184_hmm_aug001,pos_train_seq184,1,158,145,13,4,0.02531645569620253,0.9746835443037974,1,"26,53,124,141",02cce4651c92717465b4270ff6636f15d1f493035634f0e6d8d979f7c5c2d317
pos_train_seq185_hmm_aug001,pos_train_seq185,1,494,236,258,15,0.030364372469635626,0.9696356275303644,1,"5,43,57,70,83,106,108,111,112,119,136,153,185,188,210",87d8b366e7f4ad99064a29c29efe956b4f70b46bfd2d5432c9724e90d203c445
pos_train_seq186_hmm_aug001,pos_train_seq186,1,240,1,239,1,0.004166666666666667,0.9958333333333333,1,1,c538afc1d7b1087eefc035e4c517d7abd9a9c419bf02235f5455560c9d814101
pos_train_seq187_hmm_aug001,pos_train_seq187,1,136,106,30,5,0.03676470588235294,0.9632352941176471,1,"74,114,121,123,133",0a830b948b175912c210662c7c59379f13f5487992d7560aa4b568c3fa13cf31
pos_train_seq188_hmm_aug001,pos_train_seq188,1,326,211,115,11,0.03374233128834356,0.9662576687116564,1,"49,108,125,167,179,183,193,198,243,249,284",b53845ac1063f10440d84d410b1e8f3e4d27597257119eaa76129c4b27855e9b
pos_train_seq189_hmm_aug001,pos_train_seq189,1,180,158,22,8,0.044444444444444446,0.9555555555555556,1,"26,48,49,55,91,114,129,168",6e0d2fd9339d27e21915b6d64c96fb6c7f235b5cca8f1b52d5b6dd125d29485a
pos_train_seq190_hmm_aug001,pos_train_seq190,1,255,239,16,17,0.06666666666666667,0.9333333333333333,1,"33,34,52,80,96,105,111,120,121,125,160,165,167,168,197,218,233",2364019c9e3bd8e36f8e3fe835bdcfe8b4e39fd33621807c23faa7fc540d3bb0
pos_train_seq191_hmm_aug001,pos_train_seq191,1,175,36,139,1,0.005714285714285714,0.9942857142857143,1,136,13190d77fa5975b70687b9348183efae4d0cd4a012be0830f2de37ab6c11127f
pos_train_seq193_hmm_aug001,pos_train_seq193,1,213,136,77,5,0.023474178403755867,0.9765258215962441,1,"114,139,160,179,192",cb53aac92bd1296bf6c0bd53c85ab0a2d17e7b2bcbf0e276b7ad6c8df2c6d415
pos_train_seq195_hmm_aug001,pos_train_seq195,1,483,372,111,11,0.022774327122153208,0.9772256728778468,1,"182,189,196,202,277,287,343,355,420,434,463",774f72e019435e51f7057ee75aaf8b3841635e480f5b1a9ca593b492efcf908b
pos_train_seq197_hmm_aug001,pos_train_seq197,1,373,9,364,1,0.002680965147453083,0.9973190348525469,1,366,d2c88856583cebe27977a2cc027b3006eec1b11c72eb264d558f4b939b520f7b
pos_train_seq199_hmm_aug001,pos_train_seq199,1,25,7,18,1,0.04,0.96,1,4,bbef61d6a324412c1834182bd84c13a3db05ebd9c3f4bae7004eafb1a9f6d42e
pos_train_seq200_hmm_aug001,pos_train_seq200,1,317,317,0,20,0.06309148264984227,0.9369085173501577,1,"13,18,20,29,32,41,81,89,95,114,124,136,163,199,222,239,296,305,311,316",e707fdb2498c5c8714c23af5ea215950e1cb23fabb9956b1cb01f70e17161e10
pos_train_seq201_hmm_aug001,pos_train_seq201,1,403,288,115,17,0.04218362282878412,0.9578163771712159,1,"128,150,162,164,176,186,196,238,275,280,291,297,298,322,334,357,375",29a7736152ec71222fc205709ed7a666f3d6f2a5cd7c9dd328f5b5d10fce6ea4
pos_train_seq203_hmm_aug001,pos_train_seq203,1,480,82,398,4,0.008333333333333333,0.9916666666666667,1,"344,359,368,369",c8fcce82b0470fa5c44e203e3f828548b2308983d66ca81aa64fb2085aeee8a5
pos_train_seq204_hmm_aug001,pos_train_seq204,1,507,351,156,14,0.027613412228796843,0.9723865877712031,1,"174,177,245,250,257,272,296,325,348,351,422,443,480,497",2df4bc1afaa0feacb33b06e1422dcb2fa3058db181747731e6e5bce25d2c30c3
pos_train_seq206_hmm_aug001,pos_train_seq206,1,101,33,68,2,0.019801980198019802,0.9801980198019802,1,"56,62",208e189fa014ded83c132862192abb30c7a5c56d239635fb3dead9f55dcb7971
pos_train_seq207_hmm_aug001,pos_train_seq207,1,509,322,187,13,0.025540275049115914,0.9744597249508841,1,"78,96,117,121,172,191,199,208,218,241,249,251,376",874463886e1e7a561cae9b9e76a0b70a987f01b0611e881a5926f05b9036eda4
pos_train_seq208_hmm_aug001,pos_train_seq208,1,224,201,23,8,0.03571428571428571,0.9642857142857143,1,"10,81,111,135,142,174,194,198",436ffe3336a0b3ed320f4b38058d5d7631c1aefb6510156fcee9580e021fa159
pos_train_seq209_hmm_aug001,pos_train_seq209,1,501,305,196,9,0.017964071856287425,0.9820359281437125,1,"122,129,142,144,203,242,282,332,344",40999ddf3b41b9c3e8b805a28db8177d05ab93fa1de8a8b72222a869bfa9254e
pos_train_seq210_hmm_aug001,pos_train_seq210,1,239,239,0,14,0.058577405857740586,0.9414225941422594,1,"18,36,39,41,55,57,59,90,180,202,203,209,211,219",a2050bfb84624e8d7881841bcdf3d7e41349a6b27afb412c6217d6d38016f68d
pos_train_seq211_hmm_aug001,pos_train_seq211,1,406,29,377,2,0.0049261083743842365,0.9950738916256158,1,"13,23",ba4d7aa443b791c02a999c1e48400b5a05dd89c4d6ca300319b79d4e14c52c6d
pos_train_seq212_hmm_aug001,pos_train_seq212,1,175,37,138,2,0.011428571428571429,0.9885714285714285,1,"143,165",75c212b4b43fbcc7d0fc9a6dc0e8c545555d09638e06ec8f520328191b9fe706
pos_train_seq213_hmm_aug001,pos_train_seq213,1,361,124,237,9,0.024930747922437674,0.9750692520775623,1,"251,261,264,265,267,269,273,280,284",c0ab9571f3d9de3d88a0978f213fbc68b258c72445583353b31d4b9172b10857
pos_train_seq215_hmm_aug001,pos_train_seq215,1,475,473,2,27,0.056842105263157895,0.9431578947368421,1,"3,6,38,65,75,86,98,104,107,131,134,146,183,208,235,251,272,273,292,303,307,318,384,409,441,473,475",e4db16557f84f2029cdcf95c272ea1ec19e3847e0ca8fa9c38c5d6ffb749de33
pos_train_seq216_hmm_aug001,pos_train_seq216,1,419,138,281,9,0.021479713603818614,0.9785202863961814,1,"106,111,149,161,300,309,320,333,358",51990fc49e716dc6a82192a1149ff08b5f4794bd3c8d7bf28224ecbdef5399e2
pos_train_seq217_hmm_aug001,pos_train_seq217,1,91,88,3,4,0.04395604395604396,0.9560439560439561,1,"17,21,38,85",c3ff0b689bae7b23a5ed94ad3fd9191d4e2583bb21a74f37583cd831c8a34202
pos_train_seq218_hmm_aug001,pos_train_seq218,1,503,246,257,14,0.027833001988071572,0.9721669980119284,1,"34,258,266,274,310,334,336,349,392,451,455,459,462,482",a517e4c02549a42aa9c7d5a435756fbfc4dcbb2aac073ca535522068fba1a226
pos_train_seq219_hmm_aug001,pos_train_seq219,1,111,104,7,6,0.05405405405405406,0.9459459459459459,1,"19,46,50,62,91,107",3656b8d7430d23b48fbd8845d769a1de356935e682ba56a9a9fcf22797bf73c8
pos_train_seq220_hmm_aug001,pos_train_seq220,1,361,2,359,1,0.002770083102493075,0.997229916897507,1,272,6c19b4bbfcfa1d9c5440664a9b0ce1dcb8850464b63bc3e11342f1ce84c4d976
pos_train_seq221_hmm_aug001,pos_train_seq221,1,175,37,138,1,0.005714285714285714,0.9942857142857143,1,139,38f2613a1ebc78f9e61a48bf3784c76788123a37628f902170d559876db76510
pos_train_seq222_hmm_aug001,pos_train_seq222,1,440,212,228,9,0.020454545454545454,0.9795454545454545,1,"5,56,112,135,138,166,167,400,423",3d1a12f02489243c56649dd22524ec33a4a4c541d90249e7ea03a594cf133e07
pos_train_seq223_hmm_aug001,pos_train_seq223,1,338,303,35,11,0.03254437869822485,0.9674556213017751,1,"36,47,57,91,97,120,253,297,308,335,337",106893fa53ca2eeca291945f0f7f596ae855e30c833ba42edff8416ee57d91aa
pos_train_seq228_hmm_aug001,pos_train_seq228,1,223,38,185,3,0.013452914798206279,0.9865470852017937,1,"115,129,141",6b5dd8ab523ac805f85946e45c1b508e20d32fbd2a070436b6c83f2573aeab7a
pos_train_seq229_hmm_aug001,pos_train_seq229,1,320,154,166,10,0.03125,0.96875,1,"35,38,56,61,99,109,114,116,135,167",aebc26c7e9a2ae3b965745fd2d133c0bff80529e43b23dd9c3da206857c81949
pos_train_seq231_hmm_aug001,pos_train_seq231,1,375,98,277,5,0.013333333333333334,0.9866666666666667,1,"283,307,309,313,335",ed41501e470175bd1b5d0154a0a7673e31f67cedd3277ff0d4bd93951cc7c831
pos_train_seq233_hmm_aug001,pos_train_seq233,1,281,253,28,12,0.042704626334519574,0.9572953736654805,1,"35,50,73,144,160,169,179,237,252,254,272,273",af763ab7fcb78a77694d61d825ba4f2715d18b63b9c3445aa00f2e1d1ccc6159
pos_train_seq234_hmm_aug001,pos_train_seq234,1,472,175,297,10,0.0211864406779661,0.978813559322034,1,"274,276,277,300,311,344,358,366,403,443",1b333d7442e992e30d4d3161942bb8e2dcf6d57f387e69cc897e5191fca39a3b
pos_train_seq236_hmm_aug001,pos_train_seq236,1,453,219,234,10,0.02207505518763797,0.977924944812362,1,"113,142,152,199,208,358,374,382,399,407",129e528f95cd53e4cff67ecf207d04641d5e8435bb7be36c3fbbc3357d8c6513
pos_train_seq238_hmm_aug001,pos_train_seq238,1,158,1,157,1,0.006329113924050633,0.9936708860759493,1,148,16aecdf91332145830e85b5a8c7953af77a069b757bc9db953d915e4313b30bc
pos_train_seq239_hmm_aug001,pos_train_seq239,1,502,140,362,9,0.017928286852589643,0.9820717131474104,1,"29,61,65,71,87,107,112,291,297",5e263e2b2e47ad4f3a20dc40471e4d374e02ca8e098661c0895b0a3b009ea95e
pos_train_seq240_hmm_aug001,pos_train_seq240,1,341,168,173,5,0.01466275659824047,0.9853372434017595,1,"19,27,121,129,169",49b69bbb7683eb4dee27a8e4c762cb3da3db6e8ed4f198ffc78cede03f931180
pos_train_seq243_hmm_aug001,pos_train_seq243,1,382,6,376,1,0.002617801047120419,0.9973821989528796,1,259,a1986afdb034b011f84fd15705a393443d5f213ef5197e8457723ceb707fae4e
pos_train_seq244_hmm_aug001,pos_train_seq244,1,500,359,141,20,0.04,0.96,1,"21,25,37,42,58,69,88,95,103,174,194,261,288,323,331,352,375,399,418,431",f90f45b64146b91704188dc2ac37813268e974ae1e041ec053c6283da7b23773
pos_train_seq246_hmm_aug001,pos_train_seq246,1,88,41,47,2,0.022727272727272728,0.9772727272727273,1,"79,83",5ada63979248235f4b8f01aab7b3967fbd53c870a69a2dff3d14e2a6d540bab8
pos_train_seq247_hmm_aug001,pos_train_seq247,1,184,171,13,6,0.03260869565217391,0.967391304347826,1,"60,65,75,110,128,183",7edc4ecaacba541b781b6345cfee1053c8514eea71ea3a0acad234255d7bad0f
pos_train_seq248_hmm_aug001,pos_train_seq248,1,449,299,150,21,0.0467706013363029,0.953229398663697,1,"3,8,35,38,44,71,72,111,114,133,154,159,174,185,286,290,291,292,301,317,353",22d487ab1a5ef810a0a368567632bb77d6ef5e8f26a64c3cebf0d4c0ccb05d7c
pos_train_seq249_hmm_aug001,pos_train_seq249,1,184,171,13,15,0.08152173913043478,0.9184782608695652,1,"15,34,38,92,93,103,111,112,117,121,122,126,148,179,184",2ee98bb6979323cfd76f56978c415aeab988010650159d44d8c22b4163f6bbc0
pos_train_seq250_hmm_aug001,pos_train_seq250,1,462,293,169,12,0.025974025974025976,0.974025974025974,1,"92,98,128,139,225,235,240,247,253,343,361,397",ca18eb38f9f83a1958691d1510e1e8537f22bfc03b1ee516913667d2c6493b1b
pos_train_seq251_hmm_aug001,pos_train_seq251,1,482,211,271,10,0.02074688796680498,0.979253112033195,1,"27,72,100,101,111,117,342,352,394,396",d36b40f7130a2ff2f69c6b47feb5f0336ad4666ce532fe4b90e43a73db112143
pos_train_seq254_hmm_aug001,pos_train_seq254,1,411,155,256,5,0.012165450121654502,0.9878345498783455,1,"42,46,62,162,175",d542fde4cefbbba88317aa90ec14e0d3cfa90b6c2212a7fbdcfc5178f56bb62e
pos_train_seq257_hmm_aug001,pos_train_seq257,1,294,75,219,5,0.017006802721088437,0.9829931972789115,1,"38,102,144,147,152",5e19985ed9168334b6dbf4596a011592a05cfbaad876adec7d0bce53373ab4f1
pos_train_seq258_hmm_aug001,pos_train_seq258,1,191,118,73,10,0.05235602094240838,0.9476439790575917,1,"26,40,48,53,61,69,122,129,159,186",335a718c09c9af2a9e953d53352f348901b307f86921ebb51a1175e178cf874c
pos_train_seq259_hmm_aug001,pos_train_seq259,1,409,7,402,1,0.0024449877750611247,0.9975550122249389,1,395,560ee4868994a849ef743bdebba2f5aa22f7b5c5e4704915938aecbb4c7243c1
pos_train_seq260_hmm_aug001,pos_train_seq260,1,460,289,171,17,0.03695652173913044,0.9630434782608696,1,"112,117,128,130,141,215,231,234,236,249,275,279,284,288,312,313,332",7c00495f35d265e27595220b68f7d38fd4022b5420ba45a34bf85c0554f4f1c0
pos_train_seq261_hmm_aug001,pos_train_seq261,1,244,34,210,2,0.00819672131147541,0.9918032786885246,1,"90,103",cf8f7b9eb581904787ae5ee1b6889b2ba3b9d0c3aff4bbbfcb4308509f9ab0bb
pos_train_seq262_hmm_aug001,pos_train_seq262,1,184,158,26,6,0.03260869565217391,0.967391304347826,1,"67,94,105,146,156,179",43851f5695374688fdc929c19183ef2c187f5875b26684d64a761e9117da087a
pos_train_seq264_hmm_aug001,pos_train_seq264,1,106,51,55,3,0.02830188679245283,0.9716981132075472,1,"57,66,90",e43ac29f3c5307adb8c89a3f49a7194085a891c59480f810de9156b9b8ef2071
pos_train_seq267_hmm_aug001,pos_train_seq267,1,456,273,183,15,0.03289473684210526,0.9671052631578947,1,"122,151,169,184,185,202,224,226,263,270,271,336,355,376,386",5fdbac981449fd73240c6e8f0c2f5a4ba7d5de6e0713a3d89df89cbb19d6b8d0
pos_train_seq268_hmm_aug001,pos_train_seq268,1,379,315,64,19,0.05013192612137203,0.9498680738786279,1,"46,84,102,107,136,137,163,172,181,204,209,246,249,253,273,286,303,310,320",1fd26a3e017309e5e251ca6b7692302d7cc42cd52741fa1ab9706271af1ab0fc
pos_train_seq269_hmm_aug001,pos_train_seq269,1,396,375,21,26,0.06565656565656566,0.9343434343434344,1,"50,67,71,80,94,111,135,157,190,191,208,215,218,221,236,242,252,261,311,316,317,318,346,352,371,384",fd704f93f4a141ae04bc2de5817167a196f972bec83b24e48aa893f053a1e4ee
pos_train_seq273_hmm_aug001,pos_train_seq273,1,341,182,159,9,0.026392961876832845,0.9736070381231672,1,"33,55,72,87,88,160,187,190,207",21b5d2a43d31ab9ee69e88e7155d0562a8512cae580628c163ebd24851f528f7
pos_train_seq274_hmm_aug001,pos_train_seq274,1,163,54,109,1,0.006134969325153374,0.9938650306748467,1,30,10bc432fc441dbdc548f0ddba5f0d19e86da34bd4ee02b2dda2cdfe69c08fe3d
pos_train_seq276_hmm_aug001,pos_train_seq276,1,250,132,118,7,0.028,0.972,1,"123,130,144,147,186,199,206",fcb83a55d7fd3785c87a4537842f24f04c2bfbadaade84d426c648e30d4808b6
pos_train_seq277_hmm_aug001,pos_train_seq277,1,177,102,75,6,0.03389830508474576,0.9661016949152542,1,"24,137,160,165,174,177",2f97251b0264db2b25df1ced90655c66af3525e7a7d9d9a666324c8ee904090f
pos_train_seq278_hmm_aug001,pos_train_seq278,1,392,117,275,6,0.015306122448979591,0.9846938775510204,1,"280,312,325,343,348,351",f32c146c6e53937fc1489d271907a7985a45e38bd0afffd23f33520d782a09b8
pos_train_seq279_hmm_aug001,pos_train_seq279,1,329,156,173,10,0.030395136778115502,0.9696048632218845,1,"21,26,36,41,49,112,131,135,156,166",c8588560ccdfe0d25162550d2c29efb070d60f2023e602160aa5ee3d3961807f
pos_train_seq280_hmm_aug001,pos_train_seq280,1,211,87,124,1,0.004739336492890996,0.995260663507109,1,163,7097d38d56250d7dc870ecb0df2f589f805d6afd92a95246e20ef1b8114771a8
pos_train_seq281_hmm_aug001,pos_train_seq281,1,404,160,244,8,0.019801980198019802,0.9801980198019802,1,"2,5,25,57,61,108,130,151",2b46d9a2d79ac76c5d0d0b73746d55adeda66feb356f2a200b390c8d405b23fe
pos_train_seq282_hmm_aug001,pos_train_seq282,1,310,271,39,20,0.06451612903225806,0.935483870967742,1,"30,71,90,104,107,108,110,112,121,136,146,153,169,185,209,215,295,296,300,305",0ea34ff9688fc3878210815a16313e04b80a3b756776db9f4c75986ea8ade128
pos_train_seq284_hmm_aug001,pos_train_seq284,1,175,37,138,2,0.011428571428571429,0.9885714285714285,1,"146,155",9a8937ac950d91ff6e7846c4619177b39101df0ba03cac782817815d66a50bf2
pos_train_seq285_hmm_aug001,pos_train_seq285,1,396,141,255,11,0.027777777777777776,0.9722222222222222,1,"33,77,78,80,85,97,102,115,117,130,134",833fa74e9ef3792f13bfa5edb44dd036434d9279434fa62907b9e002127f918c
pos_train_seq286_hmm_aug001,pos_train_seq286,1,471,194,277,11,0.02335456475583864,0.9766454352441614,1,"19,24,36,70,94,100,104,160,163,166,257",24b7bde3144cf2fad6521b3c6912303fdeba2c719ac97053a9d6e0696b7cfa5f
pos_train_seq288_hmm_aug001,pos_train_seq288,1,204,118,86,4,0.0196078431372549,0.9803921568627451,1,"54,62,76,151",1c0ea4d563a2e3a5603d40e11022fbf0efd4e96c3c21b7346f4b3faf88dd70cb
pos_train_seq289_hmm_aug001,pos_train_seq289,1,245,97,148,4,0.0163265306122449,0.9836734693877551,1,"47,85,99,106",7209ddf3559930767b394b3e828b0fc6bcdb7a9bb2b0df44c0660721010c2abb
pos_train_seq290_hmm_aug001,pos_train_seq290,1,391,355,36,21,0.05370843989769821,0.9462915601023018,1,"41,57,91,93,159,174,189,191,193,197,219,254,285,292,293,296,309,310,335,352,379",04fb88732469f4339fb9a2b4e77e5896e5d8ec0794b07e3352478a3360ef3ac9
pos_train_seq291_hmm_aug001,pos_train_seq291,1,290,169,121,9,0.03103448275862069,0.9689655172413794,1,"50,54,65,68,114,123,159,197,206",d7bf62f19e32d65da9bf40f2af31cf724318ffb05d41fd2bdd970fda4c2f18eb
pos_train_seq292_hmm_aug001,pos_train_seq292,1,262,231,31,10,0.03816793893129771,0.9618320610687023,1,"30,42,55,56,64,91,124,150,171,174",6c4e5578bdd33ebeb0573a80793d2355ceec887ebb199f951fdd3ff1db0c6ab2
pos_train_seq293_hmm_aug001,pos_train_seq293,1,163,62,101,5,0.03067484662576687,0.9693251533742331,1,"11,31,39,48,77",bc9745b0b1802b58d9eddb8f7dfdedfa03840291837d87342d363ff259126610
pos_train_seq294_hmm_aug001,pos_train_seq294,1,494,84,410,1,0.0020242914979757085,0.9979757085020243,1,358,dec8e08c7320702d8746eaca06e5e3972f590e97cf75dd5014e5f4122925e770
pos_train_seq295_hmm_aug001,pos_train_seq295,1,163,66,97,2,0.012269938650306749,0.9877300613496932,1,"16,19",4368d706e2c9de13e75a9f09daaff0ba1e6948cee820ba0805acdb2d2512353f
pos_train_seq297_hmm_aug001,pos_train_seq297,1,395,319,76,13,0.03291139240506329,0.9670886075949368,1,"6,20,91,107,114,120,133,169,177,180,220,292,313",4e4e504f9d0c6b173e24610183f8b52167a46f691b2fafbdf922870b85263f69
pos_train_seq298_hmm_aug001,pos_train_seq298,1,450,370,80,16,0.035555555555555556,0.9644444444444444,1,"27,58,65,93,144,156,160,182,214,226,277,281,292,348,355,382",2c379a0e493611442af3aa150a1b66ec367a3a57465abd17be886d4736291110
pos_train_seq300_hmm_aug001,pos_train_seq300,1,505,173,332,18,0.03564356435643564,0.9643564356435643,1,"26,28,32,37,44,47,66,73,77,81,87,90,116,126,219,232,237,246",80570cb6a1535e66987b8418cb0b386cf4b050c608a43ab0195dd96c88f160ec
pos_train_seq301_hmm_aug001,pos_train_seq301,1,332,158,174,4,0.012048192771084338,0.9879518072289156,1,"97,143,190,214",435a601b06a2584e76ceabdf450c5b9eaa270ed82b1d1820159764accbcbd92c
pos_train_seq303_hmm_aug001,pos_train_seq303,1,412,331,81,20,0.04854368932038835,0.9514563106796117,1,"55,64,115,133,140,153,159,170,185,197,202,224,228,273,310,334,360,376,377,388",a2f16f8208a5c697c260320a59071802884226674361bbcccc89fc8908df9862
pos_train_seq304_hmm_aug001,pos_train_seq304,1,352,321,31,11,0.03125,0.96875,1,"54,116,138,149,159,188,200,245,274,312,316",31de648278d66a4b9e1c098aaeb69a346850b260ec39156d2ce2d9e7b0f42214
pos_train_seq305_hmm_aug001,pos_train_seq305,1,330,260,70,14,0.04242424242424243,0.9575757575757575,1,"88,91,101,135,147,151,185,204,209,255,257,269,285,319",9fdf3508edb0ce6092b0c24216b8e4f88d6eeb284907efb2aba614da989320cb
pos_train_seq307_hmm_aug001,pos_train_seq307,1,174,153,21,7,0.040229885057471264,0.9597701149425287,1,"24,64,106,155,163,165,166",ac2bca7958ad72fb05c99d12cbe4f142e1232934deabd5c938485100dae56c8a
pos_train_seq310_hmm_aug001,pos_train_seq310,1,206,93,113,4,0.019417475728155338,0.9805825242718447,1,"65,152,155,167",27694b936b1875751b56828be89958d171d8d5414c41a3b15151b5fb99cda861
pos_train_seq312_hmm_aug001,pos_train_seq312,1,422,420,2,23,0.054502369668246446,0.9454976303317536,1,"15,26,53,54,76,87,94,95,123,131,153,200,202,215,225,238,243,262,269,292,295,349,363",c2a6aae4976e00847f73d4903c09cd11e77d60fbf1233537e39f6e6fac505233
pos_train_seq313_hmm_aug001,pos_train_seq313,1,191,122,69,8,0.041884816753926704,0.9581151832460733,1,"44,48,57,69,129,135,171,185",66b6cafddd638569b1284f6f8141eb422c8efb322165e810320ecbe0c7732817
pos_train_seq316_hmm_aug001,pos_train_seq316,1,503,399,104,19,0.03777335984095427,0.9622266401590457,1,"4,21,31,32,35,41,60,75,120,211,224,225,229,237,256,260,402,411,413",1b4df25a46bf2628518f4598d8896a608c4e486ef7ffad6a18b585f558277330
pos_train_seq318_hmm_aug001,pos_train_seq318,1,175,1,174,1,0.005714285714285714,0.9942857142857143,1,175,dd9f97e571551262117b13dd22321ccf2ee2d3592825873c287e800658806029
pos_train_seq319_hmm_aug001,pos_train_seq319,1,175,37,138,5,0.02857142857142857,0.9714285714285714,1,"134,144,148,151,161",8b92201243c94f0771a3b9be6c6602630c22a607338faa0572d43f3a3cfd83d1
pos_train_seq321_hmm_aug001,pos_train_seq321,1,317,30,287,2,0.006309148264984227,0.9936908517350158,1,"70,79",120abe52e186dbdd65e3031abfa5f61983776da95cec1f4754a5d24c5f280805
pos_train_seq322_hmm_aug001,pos_train_seq322,1,326,197,129,7,0.02147239263803681,0.9785276073619632,1,"54,58,76,77,94,190,217",0b3ddc28dc1f91ec5df5a969dd408de538084bbb6104fc17aec34bf1462751f2
pos_train_seq324_hmm_aug001,pos_train_seq324,1,244,187,57,12,0.04918032786885246,0.9508196721311475,1,"33,37,42,61,75,80,101,201,204,205,211,238",8217bd38b738515ebbf06f980769601e012ccdd6479f3e68c878cc5298f87dc1
pos_train_seq326_hmm_aug001,pos_train_seq326,1,338,163,175,10,0.029585798816568046,0.9704142011834319,1,"179,185,189,198,220,248,275,281,299,307",6d803827475f5884fdb108c7e485302ff9c3228f467f247976af2495f75e8bed
pos_train_seq327_hmm_aug001,pos_train_seq327,1,93,33,60,4,0.043010752688172046,0.956989247311828,1,"36,39,44,67",f2e6c874c97ce042729a344def006c40af09beca32063b2c2b3a5854d1c68f7e
pos_train_seq328_hmm_aug001,pos_train_seq328,1,257,184,73,10,0.038910505836575876,0.9610894941634242,1,"47,52,59,69,91,97,114,131,140,144",55dca5d010aa83ba99d4a14c144e153c75a782c885190c5e53a570182aec9034
pos_train_seq330_hmm_aug001,pos_train_seq330,1,351,351,0,15,0.042735042735042736,0.9572649572649573,1,"11,17,21,30,68,71,82,110,203,211,274,311,315,334,336",027cf1a7ee99a9c8b7998fb71b2d8fa6b8beadb99d399fb1afdf1771c8b5ef57
pos_train_seq331_hmm_aug001,pos_train_seq331,1,150,1,149,1,0.006666666666666667,0.9933333333333333,1,1,fb084fb73bd666ce8cbf841485599abf75801516bbb288b2fb3056673472f882
pos_train_seq332_hmm_aug001,pos_train_seq332,1,366,216,150,12,0.03278688524590164,0.9672131147540983,1,"55,64,73,81,120,155,164,174,210,212,246,255",316fa46716a40b02e860f9f86051b8539d59c2774c52ed950ec22a64b488967c
pos_train_seq333_hmm_aug001,pos_train_seq333,1,293,257,36,21,0.07167235494880546,0.9283276450511946,1,"31,33,78,79,83,94,96,102,106,109,115,140,142,150,174,205,220,228,238,245,265",f21ca2ecbe1f0e3bff116fc77f147d14c9c8514812b3dc9ca7fb21f5c771621b
pos_train_seq334_hmm_aug001,pos_train_seq334,1,184,171,13,6,0.03260869565217391,0.967391304347826,1,"15,87,116,126,146,179",4a1c2cfcaa978eefd8b2e7281c9f315285c53c1b709af3b4c81114461ed326e5
pos_train_seq336_hmm_aug001,pos_train_seq336,1,118,28,90,2,0.01694915254237288,0.9830508474576272,1,"18,40",c1ccd8021f2193ea1c10aa5a6cdfabf7e6fd8adace13bad3a9a87a5d691bb1fa
pos_train_seq338_hmm_aug001,pos_train_seq338,1,505,301,204,21,0.041584158415841586,0.9584158415841584,1,"213,224,234,262,277,283,285,306,335,336,349,389,424,441,455,456,474,476,478,485,498",5d3ce38bf471cd2feaaa2672d7d5b822649fd2d829e18deee489b0471774f1d9
pos_train_seq340_hmm_aug001,pos_train_seq340,1,299,146,153,2,0.006688963210702341,0.9933110367892977,1,"253,273",b4a2e555f6a7c948262c14f6d8660ec306408c9fd35d5c3711e737ab03e8f487
pos_train_seq342_hmm_aug001,pos_train_seq342,1,445,88,357,6,0.01348314606741573,0.9865168539325843,1,"31,33,69,81,101,109",8e14a354ba164706b2976243794527a0806c7b1df09a4916f9832433c2c0736e
pos_train_seq343_hmm_aug001,pos_train_seq343,1,460,442,18,23,0.05,0.95,1,"2,25,49,77,82,86,90,124,139,190,199,220,253,276,281,297,301,314,321,331,346,349,433",64893fab2f82b3f29e0dc74740ed2526cfadb2b017e07cf8c299947f3f3eb24c
pos_train_seq347_hmm_aug001,pos_train_seq347,1,294,112,182,4,0.013605442176870748,0.9863945578231292,1,"47,139,152,175",5db3e9ed87b56570a17e00f92cc31137b1c782ab5dd248e22a4afdd69e09a875
pos_train_seq350_hmm_aug001,pos_train_seq350,1,327,157,170,8,0.024464831804281346,0.9755351681957186,1,"80,81,98,105,116,172,208,220",807dc3a8f9c61557912388fac3d9e776357889ab9398f5a7332f397d5fefb520
pos_train_seq351_hmm_aug001,pos_train_seq351,1,484,484,0,26,0.05371900826446281,0.9462809917355371,1,"6,9,17,22,41,54,72,84,104,105,111,136,140,163,190,204,221,224,237,322,362,369,373,439,446,467",7135b1bfc794678a31e176fca29b2c0e01ab843d872bc2bf6dadde1cff5a6d8c
pos_train_seq352_hmm_aug001,pos_train_seq352,1,442,214,228,6,0.013574660633484163,0.9864253393665159,1,"20,24,54,59,402,427",e3b75c246a97a201c45d2c2dabfae60ea47b2675b87e23f61841b78c67248c39
pos_train_seq353_hmm_aug001,pos_train_seq353,1,501,306,195,10,0.01996007984031936,0.9800399201596807,1,"25,122,156,165,169,172,217,219,307,315",c2faf6efb6588bfebfdd7ad86d8cb050e6ad3bafad2606173e2d9e152b936c7f
pos_train_seq355_hmm_aug001,pos_train_seq355,1,207,178,29,11,0.05314009661835749,0.9468599033816425,1,"3,29,56,65,67,102,119,120,125,154,163",fef4a69e633223186c641b4e04d4a75091ec163dd507c0d9548204ac6fcf8c62
pos_train_seq356_hmm_aug001,pos_train_seq356,1,490,59,431,2,0.004081632653061225,0.9959183673469387,1,"375,408",85ebeaaf1f7a6b0c96c670e0a95941c8e43073d94a28a775fe1d3bfde5b4c409
pos_train_seq359_hmm_aug001,pos_train_seq359,1,117,104,13,4,0.03418803418803419,0.9658119658119658,1,"29,43,51,103",3aff050d1fa419de0ececff135efded0c9de79fcbb6f8971a28399115a389001
pos_train_seq360_hmm_aug001,pos_train_seq360,1,377,206,171,11,0.029177718832891247,0.9708222811671088,1,"4,22,37,74,112,115,148,156,178,196,197",b5252daf5eeb79bce89feb9ffe5f5027cd428ab33de9c14cd6c419731174ba50
pos_train_seq361_hmm_aug001,pos_train_seq361,1,418,128,290,7,0.01674641148325359,0.9832535885167464,1,"66,92,125,136,138,149,168",a7511eacde2c64c14391c77f5af17daaa63c7890ef0671b41f15b5e54e2a1d5d
pos_train_seq362_hmm_aug001,pos_train_seq362,1,208,108,100,4,0.019230769230769232,0.9807692307692307,1,"68,139,143,148",4120a11f69ecf02faa951199ec36dd7ef60209eb373d6a3f8e52901ecf1448cd
pos_train_seq363_hmm_aug001,pos_train_seq363,1,463,278,185,13,0.028077753779697623,0.9719222462203023,1,"272,289,298,309,351,372,400,406,412,433,438,444,446",e0a20486015150c70dbcf4862469b5e126c128c9fc645b3ca63329d1c6eea54f
pos_train_seq367_hmm_aug001,pos_train_seq367,1,352,140,212,5,0.014204545454545454,0.9857954545454546,1,"42,217,280,283,295",7136ed81517d7343e48fe58012ff7d0f29154091145fd6e6fc1bfc5b55cef376
pos_train_seq369_hmm_aug001,pos_train_seq369,1,486,28,458,3,0.006172839506172839,0.9938271604938271,1,"125,149,150",dfa06034b7cf7124958d27ae35846b4bc9058eb49e5356efc895f416af0afe4f
pos_train_seq370_hmm_aug001,pos_train_seq370,1,506,377,129,19,0.037549407114624504,0.9624505928853755,1,"68,73,82,88,90,94,160,233,252,264,296,300,325,340,354,368,378,386,399",563e57be44809f254386f213b70a0436ccb1aa03642951e47e3dddf74a1c31ad
pos_train_seq371_hmm_aug001,pos_train_seq371,1,466,210,256,21,0.045064377682403435,0.9549356223175965,1,"23,29,36,39,43,46,49,56,58,79,90,92,98,136,356,366,368,382,391,393,410",ab09677ef57b91d15c82f2e5eaa118285fd21efc587003f755de5887c5fa5fcc
pos_train_seq372_hmm_aug001,pos_train_seq372,1,459,457,2,23,0.05010893246187364,0.9498910675381264,1,"17,28,31,35,62,68,83,97,147,196,211,224,241,264,268,282,301,304,306,328,381,412,418",a9f4ac90f2438ae2d839221e9cbf4fb4ad7783bd240af696bde2a826db3520d4
pos_train_seq373_hmm_aug001,pos_train_seq373,1,471,376,95,22,0.04670912951167728,0.9532908704883227,1,"45,52,194,213,243,255,289,296,300,305,323,327,332,362,372,376,399,415,430,438,443,450",f30b9c6dd01b13146f09fe3265f83ca898dc35de94ad1cc76f073e6ede79657e
pos_train_seq374_hmm_aug001,pos_train_seq374,1,129,21,108,2,0.015503875968992248,0.9844961240310077,1,"68,77",5431333711b8c1e947ce5f4c0eb5ca92e6063ccd9afbff3a06af2072490397bb
pos_train_seq376_hmm_aug001,pos_train_seq376,1,439,221,218,9,0.02050113895216401,0.979498861047836,1,"82,113,123,163,190,245,393,419,426",035075a9276a6caf790c7977cd39536ccff5ed11e7d3d88cc57054a722d2a181
pos_train_seq377_hmm_aug001,pos_train_seq377,1,174,159,15,6,0.034482758620689655,0.9655172413793104,1,"31,54,92,100,109,160",88d8687722cdd03c768dadc24e667aa369d2b6db7c05d25e2103604ae69174bb
pos_train_seq379_hmm_aug001,pos_train_seq379,1,409,171,238,11,0.02689486552567237,0.9731051344743277,1,"4,23,30,57,207,209,374,385,387,390,408",64302532691e05f5e6b1b4cdcbeceaf59622d440ba2999bb1fff70a52e320b69
pos_train_seq380_hmm_aug001,pos_train_seq380,1,210,208,2,13,0.06190476190476191,0.9380952380952381,1,"14,35,54,73,114,115,117,131,145,166,188,199,210",716acf44743c5e40041898eac335e21194f9ae7b6910d453fdb13babd95a63ef
pos_train_seq381_hmm_aug001,pos_train_seq381,1,311,156,155,5,0.01607717041800643,0.9839228295819936,1,"17,60,115,168,173",fe0ccb1b76c2575c7206c67e882c1870717aa8a214c2118109a373be609d9b01
pos_train_seq383_hmm_aug001,pos_train_seq383,1,434,295,139,15,0.03456221198156682,0.9654377880184332,1,"67,244,259,261,270,276,303,308,310,314,317,326,371,389,424",9bbcd55917be824d57bce63b5971e6923ec79adaed82dcccdabf80c6921f5604
pos_train_seq384_hmm_aug001,pos_train_seq384,1,388,372,16,14,0.03608247422680412,0.9639175257731959,1,"11,48,74,104,120,151,155,171,200,271,325,339,346,374",0cc97f539e5eaf6e7536b7ba0333bf6e28ab4508881c51950a734001d55d0bbb
pos_train_seq385_hmm_aug001,pos_train_seq385,1,495,305,190,18,0.03636363636363636,0.9636363636363636,1,"27,78,83,86,97,130,158,171,240,251,253,279,280,314,316,320,355,363",908382e15c2c160fdd9c8b843b6d0790b28dde1f8139be0a0bd56661f749cf42
pos_train_seq386_hmm_aug001,pos_train_seq386,1,240,51,189,6,0.025,0.975,1,"33,53,55,64,67,194",b558062c8ea6a65de0941827e7fcb245d348dcdc0a8c008a3279f3c86a581ba2
pos_train_seq389_hmm_aug001,pos_train_seq389,1,253,79,174,5,0.019762845849802372,0.9802371541501976,1,"153,155,196,214,224",297a233ae061556f7c92c2ef1cce2e1b843482ae455bfca529abd6a063fde056
pos_train_seq391_hmm_aug001,pos_train_seq391,1,296,124,172,8,0.02702702702702703,0.972972972972973,1,"29,30,82,107,113,114,260,272",65733c65ff467619d00edbf19786c58f3208282fa3f3494fe9405176695cfba9
pos_train_seq393_hmm_aug001,pos_train_seq393,1,374,340,34,15,0.040106951871657755,0.9598930481283422,1,"61,77,108,118,120,137,145,149,168,250,261,293,316,323,324",8a861fb79b7fe9711dc0dff4fd2afc54546a25751bc934294046a11b8bcae750
pos_train_seq394_hmm_aug001,pos_train_seq394,1,25,14,11,1,0.04,0.96,1,11,f5188342170562f2028c892b3a44301896e18e14683321f3864cc170b5001c99
pos_train_seq395_hmm_aug001,pos_train_seq395,1,191,118,73,5,0.02617801047120419,0.9738219895287958,1,"39,50,142,147,156",9010623e6077b030b22a0ef5c252d7f058fa8e3331612e8ef4b1185810be9446
pos_train_seq396_hmm_aug001,pos_train_seq396,1,264,235,29,9,0.03409090909090909,0.9659090909090909,1,"58,64,76,107,127,163,165,167,172",7afe441bd38ef1d0d1efa494de234befceb8f9a62bfa1cf0acd8297c4492470e
pos_train_seq397_hmm_aug001,pos_train_seq397,1,305,92,213,4,0.013114754098360656,0.9868852459016394,1,"223,247,266,274",b4d59f280e9a7ab289788806e1cb8dbf6ecd5c5dba590ab0050930cd616bed5a
pos_train_seq399_hmm_aug001,pos_train_seq399,1,183,140,43,12,0.06557377049180328,0.9344262295081968,1,"47,52,62,63,65,74,115,119,130,142,143,149",cc19ef90af962e2999de3069b3ab48eca341a419b860a5f1b0681263602dfcb8
pos_train_seq400_hmm_aug001,pos_train_seq400,1,381,243,138,7,0.01837270341207349,0.9816272965879265,1,"36,48,61,160,197,203,242",da0975af2e6687a569ff96c7ca95143993f94f7ddfdf347e367efcad1e09c24a
pos_train_seq402_hmm_aug001,pos_train_seq402,1,314,156,158,6,0.01910828025477707,0.9808917197452229,1,"12,47,52,104,136,178",478c6ae1f5f009fe0333cdad275c97165747f953737c5abab7d14549a1ee9a6e
pos_train_seq404_hmm_aug001,pos_train_seq404,1,332,8,324,1,0.0030120481927710845,0.9969879518072289,1,298,32ed69df1cd5da117ce07c92c6394828352d34587797622de3c068c5e5078983
pos_train_seq405_hmm_aug001,pos_train_seq405,1,100,56,44,2,0.02,0.98,1,"46,55",8f654a250e32ac3bd35c1cf2faca43e479a02be1f6c5311ef6e4a8993d27b9cf
pos_train_seq406_hmm_aug001,pos_train_seq406,1,371,231,140,16,0.0431266846361186,0.9568733153638814,1,"46,74,76,128,138,140,141,145,156,162,196,204,205,218,224,240",63edc269baa925833237b0df1576212415d57ddd6b90a59acc0c7b59bf1f6856
pos_train_seq407_hmm_aug001,pos_train_seq407,1,377,174,203,7,0.01856763925729443,0.9814323607427056,1,"163,189,191,222,235,288,357",d91302bb40e6f6630b375a7d482735597abcc4472b8fbe4cfc2442cb1376a953
pos_train_seq408_hmm_aug001,pos_train_seq408,1,381,326,55,13,0.03412073490813648,0.9658792650918635,1,"52,114,156,176,187,229,278,280,290,291,293,298,336",ff6cbad2b4afefaacfad8050099912b92c33948d909e7c8f58a72cba07286933
pos_train_seq410_hmm_aug001,pos_train_seq410,1,300,1,299,1,0.0033333333333333335,0.9966666666666667,1,300,5aa79a5d5f3d57401dcbbf160cda07079acbb47d38e7bb15f88c23df0ee510b3
pos_train_seq412_hmm_aug001,pos_train_seq412,1,346,180,166,9,0.02601156069364162,0.9739884393063584,1,"8,10,26,39,104,207,217,241,258",b1739ea3d581bf4a9f891ff17948ff61b2bcf43ce742ff7315fbe572d98d69ea
pos_train_seq413_hmm_aug001,pos_train_seq413,1,152,115,37,3,0.019736842105263157,0.9802631578947368,1,"54,61,107",c19ff63ec5f222dc825c0a62549211930e54123a58edef1d08f7bc66546fd90a
pos_train_seq414_hmm_aug001,pos_train_seq414,1,417,407,10,15,0.03597122302158273,0.9640287769784173,1,"16,36,52,65,98,155,158,181,200,253,295,313,321,380,394",a8bed30f95e0de9699e23af98828746439c6d0b0174a2320376d58ff2c956a64
pos_train_seq415_hmm_aug001,pos_train_seq415,1,414,249,165,17,0.04106280193236715,0.9589371980676329,1,"17,54,78,80,93,94,110,114,127,134,138,143,190,195,199,233,247",8faa0d3532a6b68144d0701a50a0d47f3dd557116bb50088fe923f44d96eaa05
pos_train_seq416_hmm_aug001,pos_train_seq416,1,268,166,102,6,0.022388059701492536,0.9776119402985075,1,"16,20,66,70,83,226",c4b120ade675fa35ee6720ec3b6db81d630092f454be66ff56267b5219d5ea70
pos_train_seq417_hmm_aug001,pos_train_seq417,1,422,420,2,17,0.04028436018957346,0.9597156398104265,1,"5,34,55,77,87,103,149,153,169,186,319,330,346,347,371,400,421",0246c00bc5c210cdfbf9a58d4c70d0331f0c95d83add4a125286f714d95a9902
pos_train_seq418_hmm_aug001,pos_train_seq418,1,367,236,131,16,0.043596730245231606,0.9564032697547684,1,"10,12,16,18,25,30,43,46,64,92,114,115,123,142,210,227",5ac037ddde4eb8ceeaf1f01715a85da69eba2793c47cc0e2ecc186be3fa2e83e
pos_train_seq419_hmm_aug001,pos_train_seq419,1,418,45,373,4,0.009569377990430622,0.9904306220095693,1,"43,49,51,55",eba74cd0ed0bd5c93f2a742043d0f484a09e16e48318b802e33df3626ccefed4
pos_train_seq421_hmm_aug001,pos_train_seq421,1,25,3,22,1,0.04,0.96,1,2,f7f86a90d9f96cb53be2f544c5bc557bae9145c47ac10a7d13c62d4c4c71f95d
pos_train_seq422_hmm_aug001,pos_train_seq422,1,187,75,112,4,0.0213903743315508,0.9786096256684492,1,"62,72,89,90",67e619369dc2152d760c69ced8a08dbe8cde8fc7bda407ba80f1299cc2fcd457
pos_train_seq425_hmm_aug001,pos_train_seq425,1,178,100,78,3,0.016853932584269662,0.9831460674157303,1,"20,24,82",5be9d9f1d5cdb2aa5a09d6a068629d6f02188d3ff83e243c158cef202455b62a
pos_train_seq426_hmm_aug001,pos_train_seq426,1,157,72,85,3,0.01910828025477707,0.9808917197452229,1,"6,46,53",31c0396699cf46aeaa960e529b8d8784ea837493b96c36d26bac243b4ba0c318
pos_train_seq427_hmm_aug001,pos_train_seq427,1,495,476,19,30,0.06060606060606061,0.9393939393939394,1,"23,26,38,47,96,104,107,111,123,124,141,149,174,206,218,253,260,272,286,292,293,307,311,325,365,385,410,433,451,482",f03c60c95df48e15aa41fbce72b99ac3ce062c07e62f93089817bfb61e8af7fb
pos_train_seq428_hmm_aug001,pos_train_seq428,1,213,99,114,3,0.014084507042253521,0.9859154929577465,1,"29,33,79",8c8bce79e2c894982ac1cf1cbfc600d50d7f2ed81625ea75a505ebd522f0bad0
pos_train_seq429_hmm_aug001,pos_train_seq429,1,355,163,192,5,0.014084507042253521,0.9859154929577465,1,"114,239,244,250,258",6f6d28e6be5223abaf33ea67d0b0b559e46122ca3c34f918a5a477e3918af866
pos_train_seq430_hmm_aug001,pos_train_seq430,1,441,6,435,1,0.0022675736961451248,0.9977324263038548,1,351,1d8ae5f1f4b6911ae37ce996d57d24141aa1600498d1efc8f004c110dcd3f224
pos_train_seq431_hmm_aug001,pos_train_seq431,1,372,156,216,6,0.016129032258064516,0.9838709677419355,1,"17,27,42,55,154,162",0f6f23ece978b8c7b1a7291424d12c66763e1bdde3438b23564ca1d0adb50f17
pos_train_seq432_hmm_aug001,pos_train_seq432,1,383,261,122,10,0.02610966057441253,0.9738903394255874,1,"140,164,172,182,230,297,312,331,359,361",2993f713fe70f0ed0323b0aa466c8e2cd1dc8992ebafb0bfbd8994a86ce68910
pos_train_seq433_hmm_aug001,pos_train_seq433,1,352,232,120,9,0.02556818181818182,0.9744318181818182,1,"163,178,195,226,247,255,259,338,341",e322c63a966ef5713c251a4684dbeb19a609e46eddb96e9a0c1bf500dff83f78
pos_train_seq435_hmm_aug001,pos_train_seq435,1,205,91,114,3,0.014634146341463415,0.9853658536585366,1,"56,57,81",a585b3dd1f4aa4b0fb32650b2e1751643f2f5742f686f3b15a2b632e3a3b5c52
pos_train_seq436_hmm_aug001,pos_train_seq436,1,507,137,370,8,0.015779092702169626,0.9842209072978304,1,"109,326,362,363,411,481,490,494",56c8fb8884b16a3d0dadddf28ad9e80573c0682ffe0b5eb1e96d7c9a814ad562
pos_train_seq437_hmm_aug001,pos_train_seq437,1,411,79,332,4,0.009732360097323601,0.9902676399026764,1,"348,349,375,406",70df87689c407fb2d0fa8d82ef45fda34cf04ac4ba6d1b6aa6784213e1e538b2
pos_train_seq438_hmm_aug001,pos_train_seq438,1,495,87,408,8,0.01616161616161616,0.9838383838383838,1,"13,16,22,40,43,60,73,84",1055ae0534502ced044e58743ffc38c8843c2e4f2bc352c7d47545c918a97cd1
pos_train_seq439_hmm_aug001,pos_train_seq439,1,175,36,139,1,0.005714285714285714,0.9942857142857143,1,136,48ab73105cb1e405f12be2c300c4135ed03ecf3ff0385a3c8bd1ee89284c1792
pos_train_seq442_hmm_aug001,pos_train_seq442,1,390,199,191,7,0.017948717948717947,0.982051282051282,1,"147,179,216,225,238,249,284",b72269361b157402823edb8b33f96c1bdfc9faee5136da0c050178c5783c5183
pos_train_seq443_hmm_aug001,pos_train_seq443,1,217,215,2,12,0.055299539170506916,0.9447004608294931,1,"10,35,60,67,103,114,118,142,164,179,203,207",9dc48abb493b466b32010a1dfb4307cc1608ed821f8645a4a213ee2cad778673
pos_train_seq444_hmm_aug001,pos_train_seq444,1,23,6,17,1,0.043478260869565216,0.9565217391304348,1,1,123846f693fb2b5c25ea3c8aad518f126c65e867a441f09765a59b9dbcbc15d2
pos_train_seq445_hmm_aug001,pos_train_seq445,1,397,313,84,13,0.0327455919395466,0.9672544080604534,1,"1,16,39,53,126,127,176,193,229,231,250,254,326",de4a2724bc4aced40d020276c51a614d7c6ab7e69742f5510dcb9f429672b8b7
pos_train_seq446_hmm_aug001,pos_train_seq446,1,270,86,184,1,0.003703703703703704,0.9962962962962963,1,40,7a36a9465139c7233f24e4951d2192b216892af9060c4bed9a6c6de84349f7e4
pos_train_seq450_hmm_aug001,pos_train_seq450,1,182,120,62,4,0.02197802197802198,0.978021978021978,1,"34,95,119,138",435df7e90babf80cc05d7c2ab5643756f1b15696890efe2e86e9b018c1e21a2b
pos_train_seq452_hmm_aug001,pos_train_seq452,1,317,189,128,8,0.025236593059936908,0.9747634069400631,1,"35,84,99,103,165,175,191,240",47564caef9b463c4f2593c5a57535e8c03c69216987d3b897cb76e9e0f4fdc5b
pos_train_seq455_hmm_aug001,pos_train_seq455,1,171,106,65,1,0.005847953216374269,0.9941520467836258,1,122,ddd3dc16625ede37c7aee44a95d1c569cd5a5b8e54ca796ab460bed56aa9d29c
pos_train_seq458_hmm_aug001,pos_train_seq458,1,432,320,112,20,0.046296296296296294,0.9537037037037037,1,"2,13,43,71,74,199,207,212,214,221,237,247,286,300,307,309,313,352,366,388",c64748bc4898c0a8a5e50f4547421cc9260cc312fb3493b4ff1405e2fc5ec603
pos_train_seq459_hmm_aug001,pos_train_seq459,1,196,40,156,1,0.00510204081632653,0.9948979591836735,1,172,d37fd7464bdac5ea10b5cdcdb89a3bd25ab0545031e4dd4d7d55f8e60705264f
pos_train_seq461_hmm_aug001,pos_train_seq461,1,476,284,192,13,0.0273109243697479,0.9726890756302521,1,"2,22,70,71,98,109,137,138,230,233,234,252,276",ff5cc8ba0bdf3b84bf05cb206722a56e40df79071647d61a46c160c43d987a0e
pos_train_seq462_hmm_aug001,pos_train_seq462,1,305,171,134,7,0.022950819672131147,0.9770491803278688,1,"28,54,55,58,71,149,157",bdb2c46458069469e942afd316e2ae450d7a6510c46ff69a9d07a8e1f4ef440f
pos_train_seq463_hmm_aug001,pos_train_seq463,1,406,152,254,5,0.012315270935960592,0.9876847290640394,1,"36,41,44,60,176",a155c11e0bf15d47493c56c38c4c0757aff4878779285526b054134f4d3707b5
pos_train_seq466_hmm_aug001,pos_train_seq466,1,425,312,113,20,0.047058823529411764,0.9529411764705882,1,"28,31,34,64,78,107,112,233,242,244,264,268,270,282,303,326,332,350,352,421",f88b80eb3cb19e985f3cef2601ad2b4339dca6c4faedb14ad9d349db266f55e0
pos_train_seq467_hmm_aug001,pos_train_seq467,1,386,380,6,18,0.046632124352331605,0.9533678756476685,1,"7,33,82,131,155,175,193,237,251,261,265,274,277,293,299,306,311,315",9df5a7135e8479a45a6cffff63bcfe6cc6252e762c9cf4f7284d5c43bd5b0f30
pos_train_seq468_hmm_aug001,pos_train_seq468,1,434,262,172,12,0.027649769585253458,0.9723502304147466,1,"82,95,100,102,108,138,165,179,182,200,261,299",93cd8e905251c64fab8e458dee3ec4516af2fd9a9f27bdd10e7e02b81cc6d76a
pos_train_seq469_hmm_aug001,pos_train_seq469,1,231,184,47,7,0.030303030303030304,0.9696969696969697,1,"23,25,65,166,181,192,202",82d32512d8bfc4946d62a3f4f0178dc27f2d96a2549b5956ca5a7250387898da
pos_train_seq471_hmm_aug001,pos_train_seq471,1,437,431,6,17,0.038901601830663615,0.9610983981693364,1,"2,18,46,110,112,176,180,218,229,278,292,298,307,313,327,332,391",89f6da6a5eef72fe0f12cd6704bb909b33b6349c531404b86069816088e57600
pos_train_seq472_hmm_aug001,pos_train_seq472,1,431,263,168,10,0.02320185614849188,0.9767981438515081,1,"16,45,78,146,156,166,182,213,221,257",ec2b5b70da9194e116abf964729b5d1048311251b0bdf61d6ef6f8a4c448371b
pos_train_seq475_hmm_aug001,pos_train_seq475,1,360,145,215,4,0.011111111111111112,0.9888888888888889,1,"144,173,205,277",6f143a2aea4ba88eac27a846f52eca57240226e3109efb60cc073efea344e2ce
pos_train_seq476_hmm_aug001,pos_train_seq476,1,407,254,153,12,0.029484029484029485,0.9705159705159705,1,"172,215,257,279,293,311,314,339,347,360,363,368",13abcd679a10a4a6113a6c67204c23c5a6da4e562c2229f1561825776cc1cf6d
pos_train_seq478_hmm_aug001,pos_train_seq478,1,299,119,180,8,0.026755852842809364,0.9732441471571907,1,"75,193,208,210,233,250,262,266",987da6a479e867315402f579b44e1e722d5cea091edfd9ae0e68f036aeffb24a
pos_train_seq479_hmm_aug001,pos_train_seq479,1,370,309,61,18,0.04864864864864865,0.9513513513513514,1,"2,4,26,30,33,39,47,93,109,140,154,188,233,235,262,273,360,367",a792b600d4cbcd2ec7da66cdfadf473a708441d6cb6abe3c52d0522c7303d455
pos_train_seq480_hmm_aug001,pos_train_seq480,1,409,308,101,17,0.04156479217603912,0.9584352078239609,1,"19,40,46,121,138,143,193,199,201,203,215,229,275,301,309,315,348",ea5cdf8638c06eda099d18dec15b4bbfe023fa3e4f4106be0038431eb7b0a2d7
pos_train_seq481_hmm_aug001,pos_train_seq481,1,209,114,95,5,0.023923444976076555,0.9760765550239234,1,"62,80,87,112,141",74ec647163c547a4d9ab97a087c3c9acbf0ab5780d4daec91f9633763222b34f
pos_train_seq484_hmm_aug001,pos_train_seq484,1,359,14,345,1,0.002785515320334262,0.9972144846796658,1,221,cf7d03cb787d919d47d2be9b8556d5d1f64d04269c7ff250f8521322387f795d
pos_train_seq485_hmm_aug001,pos_train_seq485,1,491,86,405,2,0.004073319755600814,0.9959266802443992,1,"158,183",04cc5fb34ba64f9ba38b89d9a42ca685d2c6ab5922cc0afc3aee16059f41e910
pos_train_seq486_hmm_aug001,pos_train_seq486,1,184,171,13,5,0.02717391304347826,0.9728260869565217,1,"37,41,44,125,153",a4160be0f296c06a7256c2187151aad0499376c16b76eb479bd93fdd4d79b074
pos_train_seq487_hmm_aug001,pos_train_seq487,1,454,298,156,12,0.02643171806167401,0.973568281938326,1,"17,21,217,236,252,278,315,324,353,383,392,415",42f6e87769a614be92047dac0ed9d063377934dca3e449d1f459fbd283839cc6
pos_train_seq488_hmm_aug001,pos_train_seq488,1,419,356,63,13,0.031026252983293555,0.9689737470167065,1,"28,92,161,189,191,241,247,252,254,304,322,361,389",20819eb8029740fd96a1330091e7e2d7bf5a1a0c7f963700874f8b865c7c5a4b
pos_train_seq489_hmm_aug001,pos_train_seq489,1,501,173,328,7,0.013972055888223553,0.9860279441117764,1,"37,42,43,62,111,234,258",77ff33659d27ff1d73b6ae0c182a4bc940bbe9bfa25d8d66881a05c5fd20cdca
pos_train_seq490_hmm_aug001,pos_train_seq490,1,136,78,58,3,0.022058823529411766,0.9779411764705882,1,"105,109,116",26d440e196c7dbba3465f420751c24c33f65a02fea168b7d09a19b957feee3d1
pos_train_seq491_hmm_aug001,pos_train_seq491,1,383,329,54,14,0.03655352480417755,0.9634464751958225,1,"61,62,70,73,114,150,189,237,279,297,301,302,312,315",e8a8ce950acb22eca9882a6035122f41a3e95a0444f801e1ee4f65c95bc0736e
pos_train_seq492_hmm_aug001,pos_train_seq492,1,508,452,56,22,0.04330708661417323,0.9566929133858267,1,"42,74,112,131,136,141,145,166,201,207,233,259,264,273,318,357,374,379,394,425,428,461",986a1323b3fdad8b5c517687f7864433eb76a962442a78a0187b801d19964f5c
pos_train_seq493_hmm_aug001,pos_train_seq493,1,296,133,163,9,0.030405405405405407,0.9695945945945946,1,"23,32,43,63,74,83,90,94,261",36fecb3038cef825e14ee50ac1fb2fa414b3b73ee5f549d6132467129a79e92f
pos_train_seq494_hmm_aug001,pos_train_seq494,1,192,191,1,11,0.057291666666666664,0.9427083333333334,1,"18,36,41,56,99,117,132,133,148,180,185",0b200d0c7729f6ef76e7069b675b90cf3ed2647eb9d9a258a035bb0874f336bb
pos_train_seq495_hmm_aug001,pos_train_seq495,1,340,223,117,8,0.023529411764705882,0.9764705882352941,1,"59,60,197,207,247,253,319,330",2ebd0ac7ac729b4db0990be0f360370548bc552c52e5de3cc1781f94491ec6c5
pos_train_seq496_hmm_aug001,pos_train_seq496,1,403,289,114,21,0.052109181141439205,0.9478908188585607,1,"115,121,134,173,176,185,188,218,220,221,239,276,283,286,314,331,333,361,374,383,384",107deef37a8a026dcbabe0d0ef6c144ddc11f3e618d7f248f99869f148281cd1
pos_train_seq499_hmm_aug001,pos_train_seq499,1,397,242,155,11,0.027707808564231738,0.9722921914357683,1,"187,252,288,304,308,329,338,373,374,387,392",f03c0d43e76d78ce90fb182540d78405c2e86e94da26b5dda4e79d2c3cbbad0d
pos_train_seq500_hmm_aug001,pos_train_seq500,1,449,312,137,14,0.031180400890868598,0.9688195991091314,1,"10,33,56,121,159,161,190,197,285,302,307,343,378,379",46986fc3459b6d18d5c810b3f358339902ae6b5017f40b251ee4165e1341d2cb
pos_train_seq502_hmm_aug001,pos_train_seq502,1,353,172,181,9,0.025495750708215296,0.9745042492917847,1,"41,85,88,108,116,130,140,148,154",78efd2b8d7069a97cbf44993ab20ba04ff35394248859c030cc81b8ce4c1fe80
pos_train_seq503_hmm_aug001,pos_train_seq503,1,153,12,141,1,0.006535947712418301,0.9934640522875817,1,2,36a2089e2ea36c30e782c2454bf07ea1c57662ed1c9ba93a5cf42cae377d67cc
pos_train_seq504_hmm_aug001,pos_train_seq504,1,127,127,0,4,0.031496062992125984,0.9685039370078741,1,"59,73,79,108",4fb6974fdbf0a6c84ba7782a19a38171ba187abd786eb45f11d7601196c9c58b
pos_train_seq506_hmm_aug001,pos_train_seq506,1,415,369,46,19,0.04578313253012048,0.9542168674698795,1,"52,65,66,85,87,171,193,201,210,238,241,271,275,281,306,322,327,337,367",cfb96cdeb64e0a2c62a9fdc526a5b6192684705416548d17cb7962cfb4d12e89
pos_train_seq507_hmm_aug001,pos_train_seq507,1,443,57,386,3,0.006772009029345372,0.9932279909706546,1,"290,332,333",b3ab98186c4ff8859d8859b164fbf8b92cf3a37fd8e146466e39e2ede9e68348
pos_train_seq510_hmm_aug001,pos_train_seq510,1,366,30,336,1,0.00273224043715847,0.9972677595628415,1,134,9e757db592c0daf118c7495f8b426a38355ea31ade8c46589714987c3ee7c536
pos_train_seq511_hmm_aug001,pos_train_seq511,1,476,79,397,5,0.01050420168067227,0.9894957983193278,1,"268,285,291,295,302",378e6e4317ced105af87527af74ef4089417ea3bca7b28ad223f861e953ee58c
pos_train_seq514_hmm_aug001,pos_train_seq514,1,475,327,148,17,0.035789473684210524,0.9642105263157895,1,"173,174,183,186,204,209,210,325,338,353,367,372,396,400,424,433,436",56e6ace783c8691d44ba6552c8903948d51a4ec721f3ba8b1778d22939f20829
pos_train_seq515_hmm_aug001,pos_train_seq515,1,361,107,254,7,0.019390581717451522,0.9806094182825484,1,"34,41,52,59,79,90,99",c7eb2a6a549341831d8230e31907e4b4ec9e66fc65f977dc6f121473d258595f
pos_train_seq518_hmm_aug001,pos_train_seq518,1,429,194,235,12,0.027972027972027972,0.972027972027972,1,"19,27,39,52,67,156,168,235,324,325,413,415",1990b4beac50857319cc5e59d885f121f36d01e48e99fceb82e8c3fd340cbcee
pos_train_seq519_hmm_aug001,pos_train_seq519,1,358,105,253,5,0.013966480446927373,0.9860335195530726,1,"44,53,54,55,104",1792787d23e0a36b0d35477a0db785277b9acb3eb8a91b0071e6340032dd346c
pos_train_seq520_hmm_aug001,pos_train_seq520,1,254,79,175,6,0.023622047244094488,0.9763779527559056,1,"161,175,191,200,204,219",1ea89da35fe894fb3dbdc2bea398b0aaee6326ae29b3fd44f617b1765b7742f9
pos_train_seq521_hmm_aug001,pos_train_seq521,1,210,1,209,1,0.004761904761904762,0.9952380952380953,1,1,1c3e1cb9d642dbd350f5669c16ad60cc0b987d0ba83783d2aab644994ef6adae
pos_train_seq523_hmm_aug001,pos_train_seq523,1,175,37,138,2,0.011428571428571429,0.9885714285714285,1,"160,164",5fe0ff517025a28019b739e200321356c4182e6c6b8c5e0ff59a356676102068
pos_train_seq524_hmm_aug001,pos_train_seq524,1,323,204,119,12,0.03715170278637771,0.9628482972136223,1,"29,32,44,87,107,117,131,153,165,187,196,212",8e9e5a89006d289b73bb5c6bb9b625275eb21b82a1f71d11218968498520c4b2
pos_train_seq526_hmm_aug001,pos_train_seq526,1,340,88,252,4,0.011764705882352941,0.9882352941176471,1,"41,56,71,78",961a2793839754fec8f2ef53cb9c257071ae982cd2654d5996b5f0f2a83b23e5
pos_train_seq527_hmm_aug001,pos_train_seq527,1,150,1,149,1,0.006666666666666667,0.9933333333333333,1,150,3f6673368d32f80f6a2fc4527bad545da81c720cc327772f5d56d8bb34cbb5d3
pos_train_seq528_hmm_aug001,pos_train_seq528,1,266,33,233,1,0.0037593984962406013,0.9962406015037594,1,130,b894a4b1e07c1857f2a2c70117a929120c84504905cd279348c94ebef43360f1
pos_train_seq531_hmm_aug001,pos_train_seq531,1,478,437,41,24,0.0502092050209205,0.9497907949790795,1,"25,30,32,42,45,98,116,128,180,196,197,198,206,219,221,248,299,353,357,379,392,393,446,447",5136f064fd667f0c7d9c47f20942906b3c5c3c95308cdeddb0a7c9020d246984
pos_train_seq532_hmm_aug001,pos_train_seq532,1,327,71,256,2,0.0061162079510703364,0.9938837920489296,1,"240,313",20a21e74f55578cf8302708b88b85f4efbb69787de27bb4653c62644971d478b
pos_train_seq533_hmm_aug001,pos_train_seq533,1,392,117,275,8,0.02040816326530612,0.9795918367346939,1,"288,292,294,303,329,347,366,376",ab254750f5151c856c062a74ec993d0dade77f1004d6958ccbaddbdb6175ec21
pos_train_seq534_hmm_aug001,pos_train_seq534,1,440,152,288,5,0.011363636363636364,0.9886363636363636,1,"176,358,381,384,429",1a4b6af78bd777b3f65dd1ffe49823a2b544709dd41c9cda0eba84c673ef0936
pos_train_seq536_hmm_aug001,pos_train_seq536,1,377,318,59,11,0.029177718832891247,0.9708222811671088,1,"3,20,28,40,116,132,134,229,280,321,333",378e424e9187ce45dc2ed88eba94b156290602584669ebe0c8939ea1faf1c540
pos_train_seq538_hmm_aug001,pos_train_seq538,1,333,48,285,2,0.006006006006006006,0.993993993993994,1,"268,273",877bac0bc0a3f740b5f3212741bfe2ed3bf55c38e61fb317e00a258e3674bafc
pos_train_seq540_hmm_aug001,pos_train_seq540,1,140,1,139,1,0.007142857142857143,0.9928571428571429,1,140,5f357444c8c882ac18569789d7bc2e871172150030550de581429dfab7736537
pos_train_seq541_hmm_aug001,pos_train_seq541,1,156,78,78,7,0.04487179487179487,0.9551282051282052,1,"86,100,109,117,130,138,140",9a71e28f0f6f2d60b6f3a820350d32641df4a13f318d297be885c4d586a984a9
pos_train_seq543_hmm_aug001,pos_train_seq543,1,294,134,160,6,0.02040816326530612,0.9795918367346939,1,"33,35,257,273,275,282",26478ac0d34f36d2ced3a0f57c2b73f2f0d820285ca8192f0eb4e4535d1a904e
pos_train_seq544_hmm_aug001,pos_train_seq544,1,398,163,235,9,0.022613065326633167,0.9773869346733668,1,"33,168,283,303,310,314,316,384,395",dfb3e519627595b16ef96607aac33401e55fb1470d9d64ea245ea27cacad6384
pos_train_seq545_hmm_aug001,pos_train_seq545,1,359,348,11,19,0.052924791086350974,0.947075208913649,1,"21,26,55,84,92,100,167,173,245,263,266,269,272,291,323,330,331,350,355",1c269919c2fa2d087bcc06ee2a6b88fae3b26b3e177fad302837b8109a689e0e
pos_train_seq548_hmm_aug001,pos_train_seq548,1,108,76,32,3,0.027777777777777776,0.9722222222222222,1,"35,47,73",92ac3b1289d01baf41badde6f0788bdfa48fae71f3e05634430fe3ab3d809cc1
pos_train_seq549_hmm_aug001,pos_train_seq549,1,331,7,324,1,0.0030211480362537764,0.9969788519637462,1,278,7ee02eb758d4cc2b69c0af7611c0391d7357cc0bcc058d021c98c11a46929afc
pos_train_seq550_hmm_aug001,pos_train_seq550,1,439,74,365,3,0.00683371298405467,0.9931662870159453,1,"107,114,144",d932e078779b1e96ee0f84b6e92bb2ee3c46369b5ee31f8b328712e9ffc95c56
pos_train_seq551_hmm_aug001,pos_train_seq551,1,185,135,50,8,0.043243243243243246,0.9567567567567568,1,"51,53,79,105,134,139,151,164",d605d04f675d9210a68e8d3a29e8ff14f7dc44c34129e44113cddf10291550bd
pos_train_seq552_hmm_aug001,pos_train_seq552,1,103,31,72,3,0.02912621359223301,0.970873786407767,1,"26,53,55",0e9ffbfd730605cd40c04fb2ac5216643b1913759ea5a5c66e9bfc40d27a2bdd
pos_train_seq555_hmm_aug001,pos_train_seq555,1,111,38,73,3,0.02702702702702703,0.972972972972973,1,"78,96,106",12e2916fc0c5f24e79a92c8c825808e99be78e9f195de8a4024efe6d643d3edd
pos_train_seq556_hmm_aug001,pos_train_seq556,1,181,121,60,5,0.027624309392265192,0.9723756906077348,1,"71,103,109,122,129",f5c92eb2841f08abade78e830af358835e3b9bdd0c1ae913815934408b4e7470
pos_train_seq557_hmm_aug001,pos_train_seq557,1,450,415,35,21,0.04666666666666667,0.9533333333333334,1,"3,11,52,77,81,148,153,174,205,210,211,213,245,254,274,312,333,351,367,404,415",c85a8089ff2ab7dde5633564f1a73eae4b36d21c7b8533d8912c6ed96669ecfe
pos_train_seq558_hmm_aug001,pos_train_seq558,1,356,106,250,4,0.011235955056179775,0.9887640449438202,1,"12,63,67,100",74408db7b2e18403b4b67c8d557faecc022c652d78bf66767f642050a3f80857
pos_train_seq559_hmm_aug001,pos_train_seq559,1,303,255,48,17,0.056105610561056105,0.9438943894389439,1,"40,41,48,49,53,75,81,110,120,178,191,240,243,262,268,280,288",b6c1d7d193277e5684aae5be6df0b215548d348e3062cf70a0661edd72ccb79e
pos_train_seq560_hmm_aug001,pos_train_seq560,1,221,72,149,5,0.02262443438914027,0.9773755656108597,1,"21,25,37,63,82",d7ae23fbeea63ce2979be6f043b960e667ea4b42f52d15309eab8e0f80842a84
pos_train_seq561_hmm_aug001,pos_train_seq561,1,280,141,139,5,0.017857142857142856,0.9821428571428571,1,"42,62,91,244,266",daa6ed57e94fb6bd80f6f16e646bb55191cf2bd53990274dee6f91f15cf3c7cd
pos_train_seq564_hmm_aug001,pos_train_seq564,1,338,63,275,3,0.008875739644970414,0.9911242603550295,1,"130,154,180",626a1392cb451d255531d4ebceaae041312630334f311dac131c101274976233
pos_train_seq566_hmm_aug001,pos_train_seq566,1,313,195,118,6,0.019169329073482427,0.9808306709265175,1,"74,84,101,102,154,198",0b24e578c20f55c898f733349b74d31146a400e4116465eb41e291ffb62c03c9
pos_train_seq567_hmm_aug001,pos_train_seq567,1,478,87,391,1,0.0020920502092050207,0.997907949790795,1,34,5fb7b6a2c96e2d621a94819f5e63f2ce0b19be4ec0620b58cbedd5f737570c85
pos_train_seq568_hmm_aug001,pos_train_seq568,1,390,47,343,1,0.002564102564102564,0.9974358974358974,1,146,8388bb420de3d55ca6ca11ad1ba4e37ce057f0f3e0fdabffbdbe4b22eda4a917
pos_train_seq569_hmm_aug001,pos_train_seq569,1,332,332,0,20,0.060240963855421686,0.9397590361445783,1,"12,36,37,51,53,57,63,70,111,150,153,163,166,228,237,249,255,291,302,330",7827795017a4456b18c9c429161a09633aefd6ae0bfa4e8bcf8082f92d06555e
pos_train_seq570_hmm_aug001,pos_train_seq570,1,456,86,370,1,0.0021929824561403508,0.9978070175438597,1,357,e0b62d83f0f3c8c571e1fdbbb488713299b9ee3fc7fa4ab1c6aec19d298f9cb1
pos_train_seq572_hmm_aug001,pos_train_seq572,1,160,157,3,10,0.0625,0.9375,1,"12,38,62,79,87,103,115,117,149,152",8829138a29071b39134bfac194bd21279a267268b1f10ac7b54642e9a714e102
pos_train_seq573_hmm_aug001,pos_train_seq573,1,265,131,134,4,0.01509433962264151,0.9849056603773585,1,"138,146,168,238",c18984b9643da9f29afc508747d7977c7d85522521f6438174c4b932177a8884
pos_train_seq574_hmm_aug001,pos_train_seq574,1,392,224,168,13,0.03316326530612245,0.9668367346938775,1,"16,34,47,76,80,89,114,171,173,231,247,259,284",0ec598c1f04e19d12fcc80562978901900e96551b4ce898e217d04807fa0b317
pos_train_seq576_hmm_aug001,pos_train_seq576,1,443,59,384,4,0.009029345372460496,0.9909706546275395,1,"275,281,291,324",c17148a1f75046f36d4b728cbaef77d789ca8f77d94c2ddb9cc7cbad62b52a79
pos_train_seq577_hmm_aug001,pos_train_seq577,1,281,3,278,1,0.0035587188612099642,0.99644128113879,1,46,48caa6ced90032f05bea7209d1b8e4349b150be02099e16218322fb5d8bfc15b
pos_train_seq579_hmm_aug001,pos_train_seq579,1,175,36,139,1,0.005714285714285714,0.9942857142857143,1,136,de27c8c5638d6ce8e90177d2fc35ed6d0ea9da3f9d33a3f3740ff442bc0c3c8e
pos_train_seq580_hmm_aug001,pos_train_seq580,1,501,408,93,25,0.0499001996007984,0.9500998003992016,1,"57,70,80,85,106,108,117,134,144,156,185,200,214,252,276,327,330,331,415,418,430,443,470,475,486",c748a3f39857b30f7f7aa67615cbbe0fcfc01dc6755e7e05e5df9cb0afd781d3
pos_train_seq581_hmm_aug001,pos_train_seq581,1,313,155,158,8,0.025559105431309903,0.9744408945686901,1,"94,97,119,134,146,152,160,171",f1359d8bb9aebada076fdf120494867b42b4075c5f28aae4ed80f92e6ed01e23
pos_train_seq582_hmm_aug001,pos_train_seq582,1,363,160,203,10,0.027548209366391185,0.9724517906336088,1,"25,35,175,177,251,269,323,334,354,359",396dbfe9511678cd74c66616493bc2d65303c797477418195a4bfcc3285c0970
pos_train_seq583_hmm_aug001,pos_train_seq583,1,407,153,254,9,0.022113022113022112,0.9778869778869779,1,"10,21,27,36,74,77,117,155,180",31ded3a0f7f842ed03d87b91aea1c7447f3523a62afaa39fd59727ba2633bcff
pos_train_seq584_hmm_aug001,pos_train_seq584,1,133,119,14,8,0.06015037593984962,0.9398496240601504,1,"6,11,17,28,34,38,40,101",5aebc5bbd6b717394b1e50ed12874636b120821d1bebe95a706fc43eb3684c2d
pos_train_seq585_hmm_aug001,pos_train_seq585,1,411,122,289,11,0.0267639902676399,0.9732360097323601,1,"255,259,299,301,303,330,334,350,360,365,366",790ab51233ad3dc8b384621b9893234513e118f0e52fa79003cfe47baa53ce94
pos_train_seq587_hmm_aug001,pos_train_seq587,1,163,75,88,3,0.018404907975460124,0.9815950920245399,1,"42,53,66",f9b1e57ee4a84bb4f91477e668771726f8e7b3cd488ef002e02284dd7bb8c4f8
pos_train_seq591_hmm_aug001,pos_train_seq591,1,444,254,190,15,0.033783783783783786,0.9662162162162162,1,"173,174,177,183,189,209,217,254,271,295,317,331,353,370,442",32b6abefc6e229f2dce8726fec1c1efd39437744c81c22bb66fa891549605cf6
pos_train_seq0_hmm_aug002,pos_train_seq0,2,496,354,142,19,0.038306451612903226,0.9616935483870968,1,"62,76,98,141,174,185,190,227,254,260,268,282,297,318,351,361,412,432,433",f8ccefb6b1bb0245acfc3db2e3569aa934356081f77a8c9626b3f3e8f0548d78
pos_train_seq1_hmm_aug002,pos_train_seq1,2,231,231,0,7,0.030303030303030304,0.9696969696969697,1,"83,118,122,144,216,224,226",b3658f2269b9da339ea50773d988eb64342a03db99f14671a58f1ca301bd8079
pos_train_seq2_hmm_aug002,pos_train_seq2,2,163,78,85,2,0.012269938650306749,0.9877300613496932,1,"37,41",ad86b71797f3b9ab1f51929c490f63a764c0097835aecb195d61af4369fe4a09
pos_train_seq3_hmm_aug002,pos_train_seq3,2,157,120,37,6,0.03821656050955414,0.9617834394904459,1,"25,67,68,84,106,150",b24fb9ddd187540a16ea826d26e414e93fabd2bee22616d726ec0a2cc5e4a874
pos_train_seq7_hmm_aug002,pos_train_seq7,2,480,148,332,7,0.014583333333333334,0.9854166666666667,1,"95,97,108,149,198,228,335",8843f2d3d974c0220acae657158e283ada038c1a95523bf06e62a803e6e3d947
pos_train_seq8_hmm_aug002,pos_train_seq8,2,180,1,179,1,0.005555555555555556,0.9944444444444445,1,97,605752ad80b376fced3f36f3a6cd88d123fc90bdaaab360fe2addeff30e326de
pos_train_seq10_hmm_aug002,pos_train_seq10,2,474,318,156,17,0.035864978902953586,0.9641350210970464,1,"26,32,54,56,67,68,71,163,190,210,213,223,232,255,262,289,460",a559b088cc5ded771c9b836e8936d63a6523d5b32d98eb725010a75fbc5fa4ca
pos_train_seq11_hmm_aug002,pos_train_seq11,2,378,159,219,3,0.007936507936507936,0.9920634920634921,1,"81,96,101",92771aaedcd1ec1d07c6ef4fb98cd15d42fb921e827228167c80a741f458a691
pos_train_seq12_hmm_aug002,pos_train_seq12,2,359,6,353,1,0.002785515320334262,0.9972144846796658,1,181,72fa8d2dcff349c5d35d5958519a9f8980bc2f3f2bb1460a8c48a4b8d7635812
pos_train_seq14_hmm_aug002,pos_train_seq14,2,501,305,196,18,0.03592814371257485,0.9640718562874252,1,"69,119,129,135,203,241,242,243,281,292,297,306,311,327,328,355,357,358",f3dd038648c2d8867d28280f1e9b6dea654ef443601c3d6e331b47433e8fbf27
pos_train_seq16_hmm_aug002,pos_train_seq16,2,461,210,251,15,0.03253796095444685,0.9674620390455532,1,"21,54,59,68,78,80,101,105,108,125,146,164,408,415,428",8403f93ec8100bcb641eb0176e952184be6030f764f340f9a055c96bc7b5ab9f
pos_train_seq17_hmm_aug002,pos_train_seq17,2,280,124,156,10,0.03571428571428571,0.9642857142857143,1,"42,62,83,241,243,249,267,269,273,276",99e4ec841b1e1d088e66b460245ec69fe0f17976995e8415b79918ce315e35ca
pos_train_seq18_hmm_aug002,pos_train_seq18,2,184,171,13,7,0.03804347826086957,0.9619565217391304,1,"16,53,62,67,100,137,175",bb9cd24c8127532100310909bce47f6e32a9bc4bc2f423451c794d6493169915
pos_train_seq19_hmm_aug002,pos_train_seq19,2,501,305,196,12,0.023952095808383235,0.9760479041916168,1,"61,62,74,81,83,102,104,141,171,181,192,212",3b8526a99cd42979c65893cec3e8c76f7f0b5683e3bb38044424ff19089ae75b
pos_train_seq24_hmm_aug002,pos_train_seq24,2,165,4,161,1,0.006060606060606061,0.9939393939393939,1,159,c08634e489f7951d2b0033ad1af439a1f1fd561f633ab45f38c6f4a046bf86f3
pos_train_seq25_hmm_aug002,pos_train_seq25,2,198,190,8,9,0.045454545454545456,0.9545454545454546,1,"24,51,69,102,122,147,167,186,190",8cecd358e7f0e9c305644cd99e3be1e03198bcc274bdb6ae0b23b338e0a193c8
pos_train_seq28_hmm_aug002,pos_train_seq28,2,391,312,79,18,0.04603580562659847,0.9539641943734015,1,"44,60,73,84,111,112,128,131,140,161,175,186,222,228,240,241,276,310",e5cc01640333018d3b13f4ce8838f48ec56383df166811a242f01ae6c3223d74
pos_train_seq29_hmm_aug002,pos_train_seq29,2,267,135,132,7,0.026217228464419477,0.9737827715355806,1,"19,78,80,94,109,124,159",5fa0033f17d7c115cf1196724292d59495e7e45cead8cce405df64eaa3340751
pos_train_seq31_hmm_aug002,pos_train_seq31,2,388,18,370,1,0.002577319587628866,0.9974226804123711,1,372,128f340c426364fd665e7a0f70df2d5023d8d2b49e184e20f7d0656b88e3f6ff
pos_train_seq32_hmm_aug002,pos_train_seq32,2,240,131,109,4,0.016666666666666666,0.9833333333333333,1,"88,97,110,197",84eda197e8c342fafd6fc58283c584183a922a8c0cbd2c57b9f65fe37c2cdc79
pos_train_seq33_hmm_aug002,pos_train_seq33,2,495,493,2,20,0.04040404040404041,0.9595959595959596,1,"2,30,70,82,93,175,202,206,223,229,284,305,317,353,359,362,370,411,467,485",9756ef925b32c4f303454ac31d69085ec33df971510238047826dd8236bd0adf
pos_train_seq34_hmm_aug002,pos_train_seq34,2,357,189,168,10,0.028011204481792718,0.9719887955182073,1,"17,64,65,91,93,296,328,333,335,357",dc8b690ac6af13408c985aeb087f61eba311e48e2e99223e4a7dea88f7de6d05
pos_train_seq35_hmm_aug002,pos_train_seq35,2,214,135,79,9,0.04205607476635514,0.9579439252336449,1,"16,83,89,101,107,126,141,149,182",377f1415d8080cdb370ac4722dc006d4e9a1275daea0acc5e71c0b3e533bc435
pos_train_seq36_hmm_aug002,pos_train_seq36,2,412,405,7,22,0.05339805825242718,0.9466019417475728,1,"5,12,34,39,40,67,102,110,125,130,199,218,224,241,255,258,266,294,323,343,376,409",4a2ac24238658024a7d0b9bd803b6ca7881166c9dce078c5e916513d92fc9dad
pos_train_seq37_hmm_aug002,pos_train_seq37,2,213,94,119,9,0.04225352112676056,0.9577464788732395,1,"36,58,163,166,167,173,175,181,197",92f9717137b11cf8a71b8b0c60e3752a2eaa36bad05347a365c4b98ae9d180e8
pos_train_seq38_hmm_aug002,pos_train_seq38,2,352,148,204,13,0.036931818181818184,0.9630681818181818,1,"142,152,193,206,219,224,227,230,237,238,245,260,264",eea3a1a86a201c8d6a2414e486e9fca21558a0f083d5900dffd95e6355efc144
pos_train_seq39_hmm_aug002,pos_train_seq39,2,328,108,220,5,0.01524390243902439,0.9847560975609756,1,"104,126,129,286,311",f3039fd63cf07c4357cd4c41e88326c5611a30d0163885ca311d2f96ec9482cb
pos_train_seq42_hmm_aug002,pos_train_seq42,2,387,240,147,3,0.007751937984496124,0.9922480620155039,1,"113,129,212",f62623c4fc1041b073a2832a04087fcc71428b5d665a0ef5b7bb3dcede6f2e7c
pos_train_seq44_hmm_aug002,pos_train_seq44,2,452,227,225,9,0.01991150442477876,0.9800884955752213,1,"241,266,276,309,324,389,391,408,422",130b12e1b17a3ace5a1ec49054bed55b160c9a6b020787c52145e407acab289e
pos_train_seq45_hmm_aug002,pos_train_seq45,2,429,252,177,16,0.037296037296037296,0.9627039627039627,1,"29,33,75,182,193,195,218,238,258,266,284,287,301,304,305,329",9667e18d327f5c476c3f751f1516c7cab59fef2842c14e8afeae810fab13ecaf
pos_train_seq46_hmm_aug002,pos_train_seq46,2,392,47,345,1,0.002551020408163265,0.9974489795918368,1,142,3bc4f6a628e5d6ad4823e2c5ca748d51175d734562ba9f996cb002fe14038546
pos_train_seq47_hmm_aug002,pos_train_seq47,2,127,126,1,5,0.03937007874015748,0.9606299212598425,1,"44,67,70,120,124",fa4b216095d2eed34a61ab43c3f9e9b3234d3543108076590cfd4a456eb513a8
pos_train_seq50_hmm_aug002,pos_train_seq50,2,343,145,198,5,0.014577259475218658,0.9854227405247813,1,"218,223,226,293,311",fa4c441544263d29410320fa2d0dc2eccc1c5715376284c116615131064a1c26
pos_train_seq51_hmm_aug002,pos_train_seq51,2,401,12,389,1,0.0024937655860349127,0.9975062344139651,1,322,e80e6e52a21e639b6a0e2592540d029fee45d7850375c3cc3b3f5c6206cc8111
pos_train_seq52_hmm_aug002,pos_train_seq52,2,175,37,138,3,0.017142857142857144,0.9828571428571429,1,"139,144,161",6d357394f071ba1ecc71c0bcdccef0f51b1104aeaffddac37444ef94b159f985
pos_train_seq54_hmm_aug002,pos_train_seq54,2,376,282,94,13,0.034574468085106384,0.9654255319148937,1,"38,41,45,75,85,91,98,107,114,213,218,220,247",64a6fc857b01984ae06760f349ee88e953d0fb2639dea9f548449194cc7bc246
pos_train_seq55_hmm_aug002,pos_train_seq55,2,393,186,207,12,0.030534351145038167,0.9694656488549618,1,"110,119,129,140,148,160,163,172,198,250,256,258",caa511e1ec365c523a1cc8929b16bf5df5d649538176bae803ee060d05309c9a
pos_train_seq57_hmm_aug002,pos_train_seq57,2,246,35,211,1,0.0040650406504065045,0.9959349593495935,1,230,dd7a94881e6fa65f05c0acdde9b6fb92e0b680f09e3579e19ae3001e25187f09
pos_train_seq59_hmm_aug002,pos_train_seq59,2,185,137,48,8,0.043243243243243246,0.9567567567567568,1,"49,56,64,67,140,149,155,181",fa2dfe53d51707e2fc4c42c0fc9e948cdc5361cc346b9cc7af49be694897c209
pos_train_seq60_hmm_aug002,pos_train_seq60,2,341,304,37,12,0.03519061583577713,0.9648093841642229,1,"31,42,49,54,55,144,165,170,195,239,256,291",b7bb7b73ba07fd2b8b83948cf47cc1b13616e9feb0aca36cf93cc4d828fa2ddc
pos_train_seq65_hmm_aug002,pos_train_seq65,2,341,271,70,13,0.03812316715542522,0.9618768328445748,1,"72,79,105,107,123,142,156,164,185,201,214,224,227",9fcd06cd913e61f091252951235341b0c2979b440c71a003d12061857629dc70
pos_train_seq66_hmm_aug002,pos_train_seq66,2,481,468,13,21,0.04365904365904366,0.9563409563409564,1,"55,56,73,100,106,108,161,164,197,205,241,253,271,291,329,358,364,392,400,403,419",1022a6563a68a40e928082d2615805b320a8d86358bf97f6ce47a09112be41b9
pos_train_seq67_hmm_aug002,pos_train_seq67,2,326,314,12,10,0.03067484662576687,0.9693251533742331,1,"13,17,35,94,106,160,184,196,213,219",b1afe3d42d2747714ec4c34852277793b8b09813c10aa680a41edcb022a1618d
pos_train_seq68_hmm_aug002,pos_train_seq68,2,341,228,113,8,0.02346041055718475,0.9765395894428153,1,"38,56,89,258,291,300,302,309",7b72f746270fdb859c66afff4e9496e36a83bb05eca241ef12b096a672587f0b
pos_train_seq69_hmm_aug002,pos_train_seq69,2,394,379,15,28,0.07106598984771574,0.9289340101522843,1,"16,44,55,80,91,95,104,105,186,188,191,192,200,215,224,263,280,296,311,315,321,332,335,338,354,370,375,392",df0a0798470eca3c0f9f1c4ea240cda780c54c71e4f0a54a098faa566084bce7
pos_train_seq70_hmm_aug002,pos_train_seq70,2,130,78,52,3,0.023076923076923078,0.9769230769230769,1,"78,90,100",3b3a10a08167c038faa0f95963f16c9dd02db0767831c459168b48e067f3d2ee
pos_train_seq73_hmm_aug002,pos_train_seq73,2,201,191,10,7,0.03482587064676617,0.9651741293532339,1,"5,32,40,43,64,132,174",7ab9859660d97875fb0f0bbab9a195f2130b89de98125fd4f375058489d7ae96
pos_train_seq75_hmm_aug002,pos_train_seq75,2,501,173,328,6,0.011976047904191617,0.9880239520958084,1,"46,108,121,215,217,228",85d59614dddc45c993d2e9228d9d7853697f9f2b120222ef7db4348f5bbe0f75
pos_train_seq76_hmm_aug002,pos_train_seq76,2,183,123,60,3,0.01639344262295082,0.9836065573770492,1,"35,144,155",688fcae973ce6ce9c781b59fde4e200d2eca411ea0cf96d1a59d5ba294294903
pos_train_seq79_hmm_aug002,pos_train_seq79,2,178,157,21,5,0.028089887640449437,0.9719101123595506,1,"50,82,92,144,153",d5553b205381f77fb8de22c76ad53b17f7223bfbd386513b6cd0072a66c0eb8c
pos_train_seq80_hmm_aug002,pos_train_seq80,2,427,281,146,14,0.03278688524590164,0.9672131147540983,1,"112,118,145,159,169,193,204,217,226,334,340,386,412,423",a5f282afefb19aae7d75a761984ab5bf8fc1e18e17e517a5e9c5dd4a534a23ad
pos_train_seq82_hmm_aug002,pos_train_seq82,2,479,466,13,31,0.06471816283924843,0.9352818371607515,1,"17,20,65,80,88,125,140,159,200,202,210,211,244,248,259,285,305,308,311,322,349,359,376,385,390,392,431,451,456,461,471",a67086df48eea3dc231b3fe626a48ac40471a307981cbe5ccedd46bff00cfaf9
pos_train_seq86_hmm_aug002,pos_train_seq86,2,377,318,59,19,0.050397877984084884,0.9496021220159151,1,"13,109,115,125,132,155,164,191,197,221,242,266,269,274,293,307,314,324,326",cc10a9eae6df73289be083ae81c50e82e902986638e3542ab18bbaead6b2ff20
pos_train_seq87_hmm_aug002,pos_train_seq87,2,321,199,122,13,0.040498442367601244,0.9595015576323987,1,"107,182,194,207,211,212,223,227,251,271,277,284,288",4ea137ed681533826d83f77dbde4d482144db9583d2777d9835bace1df2a259e
pos_train_seq89_hmm_aug002,pos_train_seq89,2,493,325,168,19,0.038539553752535496,0.9614604462474645,1,"66,68,87,102,137,161,165,214,217,223,226,230,255,263,302,319,334,339,364",e491c006b91787e489c0836f691694fc9078c48335dccab20199144d0d873ab4
pos_train_seq90_hmm_aug002,pos_train_seq90,2,435,229,206,17,0.03908045977011494,0.960919540229885,1,"121,209,243,247,274,282,294,295,307,337,352,362,370,408,409,410,419",10cd072cd82aed6c8563505e6b392cf4c134ae33b05a1e5c1efa0f2be7cf684a
pos_train_seq91_hmm_aug002,pos_train_seq91,2,472,313,159,27,0.057203389830508475,0.9427966101694916,1,"16,17,38,52,68,76,78,107,121,125,134,137,146,159,176,190,287,288,291,308,327,328,333,337,361,370,377",a983c9b8692b9a60c36340aca74330e532f1b4cb4f067edef97469003310d9de
pos_train_seq93_hmm_aug002,pos_train_seq93,2,316,127,189,10,0.03164556962025317,0.9683544303797469,1,"85,106,114,121,127,137,149,152,158,159",7065ab471dcd1b263ee2376a1d16fd5c7820959bb0410e663099f7db7deac454
pos_train_seq94_hmm_aug002,pos_train_seq94,2,422,246,176,9,0.02132701421800948,0.9786729857819905,1,"78,97,107,121,122,126,134,149,187",e9b9900170ef1cc407552880fba60072d889fecf2da8b9514a6a558b728915ff
pos_train_seq95_hmm_aug002,pos_train_seq95,2,341,168,173,12,0.03519061583577713,0.9648093841642229,1,"34,38,50,72,73,104,109,118,129,165,166,176",dd5f36a826c6cc65ee45f33d6722de5d8004ec3fae6084518e3a46cfe9d863bf
pos_train_seq96_hmm_aug002,pos_train_seq96,2,336,214,122,7,0.020833333333333332,0.9791666666666666,1,"28,77,78,80,96,137,321",610571c88216521e1569a61cf477557dab85aeb6ab66a32de3819715fb5f28dc
pos_train_seq97_hmm_aug002,pos_train_seq97,2,191,117,74,5,0.02617801047120419,0.9738219895287958,1,"46,122,124,148,151",35fbc09abdd7d3c3f1400bb0ed6ff79d13a5f5ac2261deb661dcca40e63d23fb
pos_train_seq98_hmm_aug002,pos_train_seq98,2,178,107,71,4,0.02247191011235955,0.9775280898876404,1,"117,136,147,156",a8d7546df071c6d74e9881a49c8288922b12f3a0191e9ecd024864cedb2a581b
pos_train_seq99_hmm_aug002,pos_train_seq99,2,125,114,11,3,0.024,0.976,1,"34,59,87",d18644ff46f1b85515035e2646347c31f14dcec7efe6eedb6b3fb53e35ccdae9
pos_train_seq101_hmm_aug002,pos_train_seq101,2,297,210,87,10,0.03367003367003367,0.9663299663299664,1,"42,59,109,111,120,152,202,203,207,235",2722cedee05bf17eae3980a482226fcbeedc14aaf1b8df7ada4aded56e6ace76
pos_train_seq103_hmm_aug002,pos_train_seq103,2,426,256,170,9,0.02112676056338028,0.9788732394366197,1,"9,62,82,88,89,124,200,208,210",8253775e8a9f223e5c62347ba8c3b938390b0cbf2d8829cd79ccac88308439d7
pos_train_seq104_hmm_aug002,pos_train_seq104,2,332,326,6,17,0.05120481927710843,0.9487951807228916,1,"35,39,45,55,100,115,125,139,149,153,208,221,236,248,255,261,288",d6cf3abcfecc38c49bce660d3fc18a2824a31fb622201105c13a07314ade848d
pos_train_seq105_hmm_aug002,pos_train_seq105,2,380,78,302,2,0.005263157894736842,0.9947368421052631,1,"288,379",5b8f507bc9e11f88b22620e37d27aff42a85ae5955a027e507b1f949d7e4269b
pos_train_seq106_hmm_aug002,pos_train_seq106,2,320,156,164,7,0.021875,0.978125,1,"35,47,101,108,161,167,173",0a7e3e8f021ed85fd8fa86f4e2023357907bf893c6ba033de359c5cce732beb4
pos_train_seq107_hmm_aug002,pos_train_seq107,2,219,162,57,7,0.0319634703196347,0.9680365296803652,1,"21,46,61,72,128,150,214",dbdd59a3c00f8bd413e7eeab97bbc687d227d4b10085f771efe1feee72c0a1d8
pos_train_seq108_hmm_aug002,pos_train_seq108,2,189,181,8,10,0.05291005291005291,0.9470899470899471,1,"13,64,77,106,122,123,135,139,175,187",a9257e4d5a40a4b8da27a8762f557702dc49ef96d4481ac20782f4f86740cc38
pos_train_seq109_hmm_aug002,pos_train_seq109,2,244,75,169,4,0.01639344262295082,0.9836065573770492,1,"80,122,124,127",f6cd7b45b18c99c4435f976e45b6d0fdf7d0ca9685ced32250fd9107cd7339ec
pos_train_seq112_hmm_aug002,pos_train_seq112,2,194,36,158,2,0.010309278350515464,0.9896907216494846,1,"70,73",fdd466e16158371fc1348fffc38a2115ee71e81b3806c509e8bf02a8cba06691
pos_train_seq113_hmm_aug002,pos_train_seq113,2,427,344,83,15,0.0351288056206089,0.9648711943793911,1,"10,17,32,63,70,73,78,231,249,288,294,355,389,392,411",ad34dda407f6c05ebba127265a6a8216f7068f232afc3ba5cabb07a656275fba
pos_train_seq116_hmm_aug002,pos_train_seq116,2,272,267,5,14,0.051470588235294115,0.9485294117647058,1,"11,28,29,41,55,60,65,80,87,96,173,196,230,271",e6ac8c70562f4b2330fdb6bec911383e442081d3117fed0a1b910c1380d004b5
pos_train_seq118_hmm_aug002,pos_train_seq118,2,339,177,162,6,0.017699115044247787,0.9823008849557522,1,"197,232,253,278,281,299",1d19a5468104a7583198fc42739609075bda9cc24550a2fe2aaa6fb24e1cbf29
pos_train_seq119_hmm_aug002,pos_train_seq119,2,471,157,314,8,0.016985138004246284,0.9830148619957537,1,"77,102,124,128,145,152,164,171",28963ba45ccb716fbce3ce31e1a8b97740b010a7c92eb74642d62284e313e4aa
pos_train_seq121_hmm_aug002,pos_train_seq121,2,172,131,41,7,0.040697674418604654,0.9593023255813954,1,"45,65,80,95,114,121,143",59f32bcaccda059ad5fb034f0cb2b1327f97cd6d3cb8393e180e486e5597c3b0
pos_train_seq122_hmm_aug002,pos_train_seq122,2,175,157,18,10,0.05714285714285714,0.9428571428571428,1,"26,45,71,104,116,123,141,142,149,160",9bfce0da064a31d4324857f58a2cfbe8432b8a64988dd44582c93caf20c280ac
pos_train_seq123_hmm_aug002,pos_train_seq123,2,175,37,138,2,0.011428571428571429,0.9885714285714285,1,"152,168",d1bf5a8998c1d450cdca547e75b749107568bfae4ad34573c935ccbd4ec93166
pos_train_seq124_hmm_aug002,pos_train_seq124,2,375,285,90,9,0.024,0.976,1,"73,114,131,132,147,165,257,303,305",4426f53faf1bd3ea18d2d931a795bf3a3503a428d21782c2024b94ca31940626
pos_train_seq126_hmm_aug002,pos_train_seq126,2,196,188,8,15,0.07653061224489796,0.923469387755102,1,"11,25,55,58,67,84,87,110,115,135,140,153,162,187,196",e9733ccff279489a4697c646cdb0c98983af092a8d35fd84c63e2ab81772c782
pos_train_seq127_hmm_aug002,pos_train_seq127,2,454,363,91,21,0.046255506607929514,0.9537444933920705,1,"84,102,123,132,159,226,270,283,304,306,317,323,335,337,343,344,375,394,404,405,412",0dfff24d52564c2b0095af734e4518416eb8467e9099399f0b14c37cbf69c542
pos_train_seq129_hmm_aug002,pos_train_seq129,2,385,19,366,2,0.005194805194805195,0.9948051948051948,1,"322,325",bc0a49825b1b096414e6f5001d164076a265aa3e41aabdbbcfb32f67effcc70d
pos_train_seq130_hmm_aug002,pos_train_seq130,2,307,47,260,3,0.009771986970684038,0.990228013029316,1,"192,193,208",d06465740fad8eb2263f82ba587697f15b89a64955b7bf8737a84f34c30ca985
pos_train_seq132_hmm_aug002,pos_train_seq132,2,241,59,182,5,0.02074688796680498,0.979253112033195,1,"132,154,173,175,182",b6c262a9aba1d94ed31de4d67632eb65107950d7ebfd15c764aa32b6506dfacb
pos_train_seq133_hmm_aug002,pos_train_seq133,2,284,83,201,4,0.014084507042253521,0.9859154929577465,1,"95,119,125,156",2c1b040fa1ae0ff6f256ded923733791d98995486446546b6191ec81d7bfe97a
pos_train_seq135_hmm_aug002,pos_train_seq135,2,185,73,112,5,0.02702702702702703,0.972972972972973,1,"32,53,68,148,162",c71ef726ca9bed813e147e8215ebe3834df792a97893b222b8f04e504ba0cfb8
pos_train_seq137_hmm_aug002,pos_train_seq137,2,435,239,196,17,0.03908045977011494,0.960919540229885,1,"2,11,21,27,46,89,116,143,157,160,164,167,197,208,213,217,238",3febcf7a31e54000fd9470c8dae18a113b2edfa52383e6e8e1b525f189438473
pos_train_seq138_hmm_aug002,pos_train_seq138,2,452,88,364,4,0.008849557522123894,0.9911504424778761,1,"25,37,43,59",b635db94c6f429638e57ff930541feded72a4c0efa8b77a3f0a64a3124862340
pos_train_seq139_hmm_aug002,pos_train_seq139,2,297,179,118,11,0.037037037037037035,0.962962962962963,1,"83,84,85,92,93,99,124,133,196,231,289",ae7510c9c20c63f3c73b51b70e3e88a72ca62a7a02934bf076da1fcd4e8edd5e
pos_train_seq140_hmm_aug002,pos_train_seq140,2,414,249,165,12,0.028985507246376812,0.9710144927536232,1,"20,44,64,93,133,136,139,185,195,209,237,252",00145dc3076c260d00ca6c4f59b12c9d4b0e06edcf53a63999077cd0d8f8a362
pos_train_seq143_hmm_aug002,pos_train_seq143,2,454,373,81,16,0.03524229074889868,0.9647577092511013,1,"38,132,138,139,166,175,190,196,225,271,282,293,308,343,366,373",132f273c3fbec51f1d3d13babee7f01ad7c1a52e2d07c9d0a20fe70ffe705c50
pos_train_seq144_hmm_aug002,pos_train_seq144,2,437,99,338,3,0.006864988558352402,0.9931350114416476,1,"89,92,150",db0cfadf6d5b053c4b575ebb838d02241c31e0afa24ecbec9f684b210ca7e701
pos_train_seq145_hmm_aug002,pos_train_seq145,2,441,4,437,1,0.0022675736961451248,0.9977324263038548,1,351,e17ee8ffa16905370dc3badaef636a6355c352cbda94b660817783ea7958059f
pos_train_seq146_hmm_aug002,pos_train_seq146,2,196,39,157,2,0.01020408163265306,0.9897959183673469,1,"94,162",fa2c47e97b415d3a2ab077866270f7c47c1f8a627aa8f9d750cebed43ffb0835
pos_train_seq148_hmm_aug002,pos_train_seq148,2,475,327,148,12,0.02526315789473684,0.9747368421052631,1,"163,167,208,266,269,286,322,355,370,381,410,453",e6c737ac7bab465240f415d6b2da7503e5987859e5f6f4b28b4e5366725d2dd7
pos_train_seq151_hmm_aug002,pos_train_seq151,2,414,360,54,19,0.04589371980676329,0.9541062801932367,1,"1,20,46,65,66,90,92,130,148,152,168,172,189,200,230,356,363,388,410",920d490ec25bb53e4d2ae813b92be889388f1768dc0667d503b12bd5b30f79d3
pos_train_seq153_hmm_aug002,pos_train_seq153,2,163,75,88,7,0.04294478527607362,0.9570552147239264,1,"11,29,40,50,53,57,79",07e3bd921c3b9084468f527a55c366ee19effc876245b1e601c2a3e0d0e5196f
pos_train_seq155_hmm_aug002,pos_train_seq155,2,471,138,333,3,0.006369426751592357,0.9936305732484076,1,"57,147,159",4b8cb6cc6114134d0b50136f903bc14ce3733bd872772bc560e4a762f87e916f
pos_train_seq157_hmm_aug002,pos_train_seq157,2,268,245,23,12,0.04477611940298507,0.9552238805970149,1,"36,47,50,78,107,114,166,190,199,208,224,233",53b1ce01bde9feedbd5ba4feb7ccd781684683069a84c22e6f782a018de3ea01
pos_train_seq158_hmm_aug002,pos_train_seq158,2,214,189,25,6,0.028037383177570093,0.9719626168224299,1,"19,50,78,164,168,205",4dcd166c8b7391d64d8a2edff6d75693788a5b4095a5609bc006706d94c131e5
pos_train_seq160_hmm_aug002,pos_train_seq160,2,311,155,156,13,0.04180064308681672,0.9581993569131833,1,"10,13,19,41,50,52,72,76,123,154,155,159,170",d4fff3e70bfac7fb2762f405cad0746280e2a59f4c88ce7987e8cabc8af24df2
pos_train_seq161_hmm_aug002,pos_train_seq161,2,501,84,417,6,0.011976047904191617,0.9880239520958084,1,"321,326,337,348,349,358",77b9b30cf8e4bb51dad110a4ceffb408f4a301e5e6ae45ffd44d68be245076f6
pos_train_seq163_hmm_aug002,pos_train_seq163,2,163,72,91,2,0.012269938650306749,0.9877300613496932,1,"20,52",016f6aca8a1da348320afb9b26d03dc3fab57f1b789200e6cb07b596cf2aceba
pos_train_seq165_hmm_aug002,pos_train_seq165,2,457,403,54,18,0.03938730853391685,0.9606126914660832,1,"32,39,54,79,85,88,121,173,202,215,244,247,338,342,397,407,414,425",c3e1c52c830403a57e184738b2c4d92b19c3331198c1d3dd713123b1ff0dd135
pos_train_seq166_hmm_aug002,pos_train_seq166,2,178,165,13,11,0.06179775280898876,0.9382022471910112,1,"35,37,38,50,91,96,117,133,150,152,156",d5da8d87e3fdf18d24734669a4b914e032974b430c8c3d8810efab3ccc128335
pos_train_seq169_hmm_aug002,pos_train_seq169,2,130,23,107,2,0.015384615384615385,0.9846153846153847,1,"77,78",32e8314184b0388dce64a295ecfa6ad200b80d872f8c22dd1d17b0d9a56d9db0
pos_train_seq171_hmm_aug002,pos_train_seq171,2,69,5,64,1,0.014492753623188406,0.9855072463768116,1,36,a545fa4f5dfc1ba621a6691b7ddcc6daa15202b134214130e319930bffe44e88
pos_train_seq173_hmm_aug002,pos_train_seq173,2,431,258,173,6,0.013921113689095127,0.9860788863109049,1,"24,43,172,186,189,203",a5534f5c473efc912a5d50faaca23fb66daad33a5d65c381771c737600a97c99
pos_train_seq174_hmm_aug002,pos_train_seq174,2,453,50,403,2,0.004415011037527594,0.9955849889624724,1,"31,98",48c7845ce83c09417dfa52e973e74d2c94b90741e7752fc2dc3f6677f33f1683
pos_train_seq176_hmm_aug002,pos_train_seq176,2,175,37,138,2,0.011428571428571429,0.9885714285714285,1,"153,161",27f530e2c4f3e0b279e62e3ff179d48d9bf92df6ac31a1c7b0f5323e69e4a982
pos_train_seq178_hmm_aug002,pos_train_seq178,2,321,1,320,1,0.003115264797507788,0.9968847352024922,1,321,3f4bb10d0315adb5f018c6ef979726861205c3c776ee9a010c53ca1d115c85df
pos_train_seq179_hmm_aug002,pos_train_seq179,2,134,7,127,1,0.007462686567164179,0.9925373134328358,1,26,b2168a0df5c6fa5abe5307f2e7e83d7693d589a92b3f37cf61e54c83f00932af
pos_train_seq180_hmm_aug002,pos_train_seq180,2,405,23,382,1,0.0024691358024691358,0.9975308641975309,1,34,6247cc17e4e42a785c2c5a9128971460890252ee06521581181f3589ceb9d672
pos_train_seq181_hmm_aug002,pos_train_seq181,2,175,36,139,2,0.011428571428571429,0.9885714285714285,1,"159,166",a8a3f6b38026fd4806b1f52cd3e3ebfd72d97fbe7d8c1d388851cbe3ba701176
pos_train_seq183_hmm_aug002,pos_train_seq183,2,412,411,1,27,0.06553398058252427,0.9344660194174758,1,"38,40,59,61,105,107,108,116,125,142,149,173,180,183,193,194,196,210,216,245,246,282,302,310,355,362,404",4f325d2fb877a7a1bd34cc624ac6d194565d205387dbe47cad4693ec5e6303c8
pos_train_seq184_hmm_aug002,pos_train_seq184,2,158,145,13,4,0.02531645569620253,0.9746835443037974,1,"13,16,50,153",438804363aa0357a581f1cf00b5d853af6885cb27a0f6bfba4cb5f124b1cfc2f
pos_train_seq185_hmm_aug002,pos_train_seq185,2,494,236,258,7,0.01417004048582996,0.9858299595141701,1,"2,3,16,55,70,72,142",e1d87e1240b7c1ed5a7669262096f56c6e7a1004a94530505aef8f7d7144251a
pos_train_seq186_hmm_aug002,pos_train_seq186,2,240,1,239,1,0.004166666666666667,0.9958333333333333,1,1,9e991eec76250d6d98f4a2cecf66eb33f824ea06c005739eb7347d13d7085996
pos_train_seq187_hmm_aug002,pos_train_seq187,2,136,106,30,6,0.04411764705882353,0.9558823529411765,1,"37,45,62,102,116,135",76f62fe2b280f649eeb6a065a9c0cebae3f9478903e05c9b2c3c2cbb0e78c401
pos_train_seq188_hmm_aug002,pos_train_seq188,2,326,211,115,11,0.03374233128834356,0.9662576687116564,1,"34,37,46,50,98,135,141,199,242,309,313",9de08ac13bcb739dcd4307b8150ae942d95346af64e61a9cb802288523cb8505
pos_train_seq189_hmm_aug002,pos_train_seq189,2,180,158,22,5,0.027777777777777776,0.9722222222222222,1,"25,38,42,81,94",bd02363c7498cca3a2a420786251fc90b8a5e37945612362d5a4560e9830bafe
pos_train_seq190_hmm_aug002,pos_train_seq190,2,255,239,16,12,0.047058823529411764,0.9529411764705882,1,"45,51,53,81,91,112,129,133,171,174,193,215",05f6468d4cc1bccef774fc433c4855d5632a0bd89059d65946d47adebfe6f434
pos_train_seq191_hmm_aug002,pos_train_seq191,2,175,36,139,2,0.011428571428571429,0.9885714285714285,1,"1,153",0a87f8833fa8c4359c7a3b5e16eae86b0917355fd55e6fd51194e71e3a434c64
pos_train_seq193_hmm_aug002,pos_train_seq193,2,213,136,77,5,0.023474178403755867,0.9765258215962441,1,"139,141,155,162,193",b1d9c4246f408b90ebb011c9786ecc690b3f55a2d00ddbfe563256ee3d9ae725
pos_train_seq195_hmm_aug002,pos_train_seq195,2,483,372,111,31,0.06418219461697723,0.9358178053830227,1,"102,118,128,138,173,190,192,198,227,234,236,237,238,239,249,252,271,275,277,292,333,354,362,373,378,388,404,411,424,435,452",9094f95ab9e7b2c78f31da0c67802a2c893fd0f5d2db348709db832b24324993
pos_train_seq197_hmm_aug002,pos_train_seq197,2,373,9,364,1,0.002680965147453083,0.9973190348525469,1,368,53f06483eafa65e0da5d2af565f3f3878d06e780504788bad05cc46e7916348e
pos_train_seq199_hmm_aug002,pos_train_seq199,2,25,7,18,1,0.04,0.96,1,4,9b62d69a625102e9ceea68701fdea2a14f9c0646de099a21d47eafce46445600
pos_train_seq200_hmm_aug002,pos_train_seq200,2,317,317,0,15,0.0473186119873817,0.9526813880126183,1,"21,27,70,75,119,144,187,191,230,233,238,279,281,307,315",e2865fdeab2cb5891a86b7181a6a22c7fccc8a90acab4956e41b8ea165d0dd5b
pos_train_seq201_hmm_aug002,pos_train_seq201,2,403,288,115,12,0.02977667493796526,0.9702233250620348,1,"120,134,156,166,192,274,290,347,358,360,370,377",35f5d21c5476c3afbe7f7c195219929c83aff60fe9df80c68262fb9f1d4fac96
pos_train_seq203_hmm_aug002,pos_train_seq203,2,480,82,398,1,0.0020833333333333333,0.9979166666666667,1,314,84602fedeec398f774987200a6342db6e9d8063d2b29efb1d5b72aa427faa7b0
pos_train_seq204_hmm_aug002,pos_train_seq204,2,507,351,156,19,0.03747534516765286,0.9625246548323472,1,"164,191,205,211,259,295,305,327,340,372,385,389,402,406,440,441,445,468,504",06b9d4e82f6c8f1e8e187541e243cd2264bb87564180d413465f73d38edefb0a
pos_train_seq206_hmm_aug002,pos_train_seq206,2,101,33,68,1,0.009900990099009901,0.9900990099009901,1,66,612c2a137d902d34c076b218d93eecd15dbd1e30bba10976071ef318f64fa50a
pos_train_seq207_hmm_aug002,pos_train_seq207,2,509,322,187,12,0.023575638506876228,0.9764243614931237,1,"47,137,157,166,167,182,210,217,223,355,362,487",9697edc13fd35d11a256ec4cd572d8796a5d63dae95fd02531f89385694aa550
pos_train_seq208_hmm_aug002,pos_train_seq208,2,224,201,23,11,0.049107142857142856,0.9508928571428571,1,"6,8,64,86,91,92,114,121,154,185,199",c1c2db9889ea1757d4c34c2807b5a2ed59761a57a3127f973d5c345490a7aecb
pos_train_seq209_hmm_aug002,pos_train_seq209,2,501,305,196,14,0.027944111776447105,0.9720558882235529,1,"18,58,96,102,113,135,136,154,223,314,321,326,334,360",3003ef0a4a2c4eb6b97fde8677d45cb2620db15d2059835f83e7db989ed21ff6
pos_train_seq210_hmm_aug002,pos_train_seq210,2,239,239,0,11,0.04602510460251046,0.9539748953974896,1,"21,33,50,68,121,153,166,198,229,230,232",f2bfb4c0731798da72b2d30b9149a61f2b358bc140c9e010f6d95d05cde0da7a
pos_train_seq211_hmm_aug002,pos_train_seq211,2,406,29,377,2,0.0049261083743842365,0.9950738916256158,1,"5,13",aeeac50dec268142e3319584798fa5641887d183c10743e08e3bb41bf784f3cb
pos_train_seq212_hmm_aug002,pos_train_seq212,2,175,37,138,4,0.022857142857142857,0.9771428571428571,1,"145,147,151,159",c32231fe940030f8598359e0523d2b8baf4df48d41381b7aa65499c5f21be8f6
pos_train_seq213_hmm_aug002,pos_train_seq213,2,361,124,237,11,0.030470914127423823,0.9695290858725761,1,"251,264,278,284,292,294,328,331,332,335,342",6ede260b8a8de765e87f26b7cd847f37b709b4d30d312302e84488a404aac88d
pos_train_seq215_hmm_aug002,pos_train_seq215,2,475,473,2,24,0.05052631578947368,0.9494736842105264,1,"38,39,71,76,132,134,155,160,169,215,234,291,294,302,322,346,360,370,404,409,426,452,457,465",9f414c32f0e5f6753653a36dc03b3e7d2ff76a9e7a95bcaa8596be54aa344462
pos_train_seq216_hmm_aug002,pos_train_seq216,2,419,138,281,3,0.007159904534606206,0.9928400954653938,1,"107,342,356",57821f6f8a9aaa641cff1f068511103ae1326636e5497dd3a388f65d561e730b
pos_train_seq217_hmm_aug002,pos_train_seq217,2,91,88,3,7,0.07692307692307693,0.9230769230769231,1,"31,37,48,65,70,82,85",fb28b20c7cc34ad0937e5c86908aca97329ceff07dae189edf1fcfe54bde8fac
pos_train_seq218_hmm_aug002,pos_train_seq218,2,503,246,257,8,0.015904572564612324,0.9840954274353877,1,"269,305,393,422,433,470,474,478",261231c6131b347c5f48832ed1522c96ced1cb9bd9fb1abb5cec9ede4d3d2793
pos_train_seq219_hmm_aug002,pos_train_seq219,2,111,104,7,4,0.036036036036036036,0.963963963963964,1,"8,75,81,84",8b2983623cd9926824ae49bfa46548999eb6a20b1b201973dd763a7bb0a5d8a4
pos_train_seq220_hmm_aug002,pos_train_seq220,2,361,2,359,1,0.002770083102493075,0.997229916897507,1,271,9fd2dcbc63dcd665d87bb280f73bc63aa7d14587e3a438f0f69faf939fcdf5f5
pos_train_seq221_hmm_aug002,pos_train_seq221,2,175,37,138,2,0.011428571428571429,0.9885714285714285,1,"141,162",bff26a831f3401099826c4536b78a84fa40b6d24b0aa66d1de44ffe5df3a18ce
pos_train_seq222_hmm_aug002,pos_train_seq222,2,440,212,228,7,0.015909090909090907,0.9840909090909091,1,"4,7,59,60,92,102,131",e172a93b7aaa84df3983c3bad0862d15dda8dfe81af363b48695482f389821f7
pos_train_seq223_hmm_aug002,pos_train_seq223,2,338,303,35,21,0.0621301775147929,0.9378698224852071,1,"28,50,97,106,113,115,128,129,131,136,144,152,222,234,254,260,289,291,323,328,337",c20fc33e9761279bb2c4af4fc99f4177d6ec0eeb0f8882c2cff2bb8379fc1c8d
pos_train_seq228_hmm_aug002,pos_train_seq228,2,223,38,185,1,0.004484304932735426,0.9955156950672646,1,115,dfac6acb021e60ab9e0c9389d35466240634f337d8e41be8f436c894b7ebc94f
pos_train_seq229_hmm_aug002,pos_train_seq229,2,320,154,166,8,0.025,0.975,1,"31,43,66,94,100,128,132,172",93636f497325a2e3921f9f2dc63e46bc14cb692e0ea017a5927b076fe322aab6
pos_train_seq231_hmm_aug002,pos_train_seq231,2,375,98,277,5,0.013333333333333334,0.9866666666666667,1,"242,263,275,287,309",26cc7c35fcf5ba7178c7274bfdf1656dc485ddbc5041622b33364e569d9955f5
pos_train_seq233_hmm_aug002,pos_train_seq233,2,281,253,28,13,0.046263345195729534,0.9537366548042705,1,"39,40,46,73,87,123,149,150,218,250,263,274,276",0d4aa51c50a3629c451e6696ec45344f7dd2bf3103d10ed8c9963636eba7f7eb
pos_train_seq234_hmm_aug002,pos_train_seq234,2,472,175,297,9,0.019067796610169493,0.9809322033898306,1,"287,298,308,369,384,386,402,434,463",084b7c3fff69b20156f1a3c5d27e4723d5fbc91962d344d201aa8f1dc3df2cdc
pos_train_seq236_hmm_aug002,pos_train_seq236,2,453,219,234,12,0.026490066225165563,0.9735099337748344,1,"76,100,119,126,129,145,163,169,170,183,356,388",7c13e25de3011d00bacf60ad8398e2369ad23bc0ff793f5f62a39e809da37673
pos_train_seq238_hmm_aug002,pos_train_seq238,2,158,1,157,1,0.006329113924050633,0.9936708860759493,1,148,572cae4895027d2c1bde92c55b59354513761c01a30c2e1108c1c97ffaf9f959
pos_train_seq239_hmm_aug002,pos_train_seq239,2,502,140,362,4,0.00796812749003984,0.9920318725099602,1,"53,70,84,133",e4be2813bee03da11ca254f7422665b805b47b3631aca55bd9cc518f4b72afbc
pos_train_seq240_hmm_aug002,pos_train_seq240,2,341,168,173,8,0.02346041055718475,0.9765395894428153,1,"2,14,41,106,138,145,167,178",c8d8ad8b5cee50a7370436e691e7e049dea71236d0add9048e94de0c42cbc38b
pos_train_seq243_hmm_aug002,pos_train_seq243,2,382,6,376,1,0.002617801047120419,0.9973821989528796,1,293,e244cd3bb020c62f196a30da15e7f6578818c136f37bb2579732806a8f2b4d9f
pos_train_seq244_hmm_aug002,pos_train_seq244,2,500,359,141,22,0.044,0.956,1,"29,42,72,75,166,193,200,253,257,280,286,292,313,328,333,336,340,406,412,413,427,432",ac62f2ca48c9ef38487b6072ecaba0ea7f0cd4fd5929cea7dc9fb936c921ba47
pos_train_seq246_hmm_aug002,pos_train_seq246,2,88,41,47,1,0.011363636363636364,0.9886363636363636,1,75,6ca85facc86d70cd88bc292cfe5e2a5de446ce0e7c13c4d3d6ce9ab1d2273e0a
pos_train_seq247_hmm_aug002,pos_train_seq247,2,184,171,13,6,0.03260869565217391,0.967391304347826,1,"68,114,120,134,142,175",2afca52ab8831ada6bc544ff0660d57cce88352d6189666e6ea647494c0a852b
pos_train_seq248_hmm_aug002,pos_train_seq248,2,449,299,150,19,0.042316258351893093,0.9576837416481069,1,"17,40,42,44,51,69,103,130,146,166,169,170,192,280,325,333,348,349,358",b4d7ce4089ac8853b812ea2c9c132c67ed1293f3a501286b98d2019c14700a94
pos_train_seq249_hmm_aug002,pos_train_seq249,2,184,171,13,8,0.043478260869565216,0.9565217391304348,1,"59,93,94,109,123,168,169,178",81671c33d5329efe146f3e89388bc9634980770283a834e1724b48de274a84f3
pos_train_seq250_hmm_aug002,pos_train_seq250,2,462,293,169,15,0.032467532467532464,0.9675324675324676,1,"94,114,184,185,209,211,222,238,265,286,296,327,362,367,372",c1b32902a27a1190c27df5e5bdf3bdd8e35b671b34b90ef07d136b640d9db5cc
pos_train_seq251_hmm_aug002,pos_train_seq251,2,482,211,271,9,0.01867219917012448,0.9813278008298755,1,"10,34,55,98,105,107,109,328,361",67c1800b88d4229ae09ae3e89474f89ced92c438e5a2efd894ceea181c56bb16
pos_train_seq254_hmm_aug002,pos_train_seq254,2,411,155,256,6,0.014598540145985401,0.9854014598540146,1,"1,39,70,124,132,174",b467224963edf6385ade842338ae876fe0681f25b877b9541be2563ab7ade378
pos_train_seq257_hmm_aug002,pos_train_seq257,2,294,75,219,6,0.02040816326530612,0.9795918367346939,1,"37,47,104,110,120,136",f58bb2e5d5ce5f778d1ced295fabf8c0ee996c3bede019a46827362b3db675f6
pos_train_seq258_hmm_aug002,pos_train_seq258,2,191,118,73,7,0.03664921465968586,0.9633507853403142,1,"43,57,63,132,145,161,180",afc59e5f916d425ca23084915e757f89769878d19d4ddd78fc1091b8b8e6fa22
pos_train_seq259_hmm_aug002,pos_train_seq259,2,409,7,402,1,0.0024449877750611247,0.9975550122249389,1,396,fc472d6e0bec9b378c1a4c3075a9ed977d3190bed8df713e95313617a9c36ef6
pos_train_seq260_hmm_aug002,pos_train_seq260,2,460,289,171,13,0.02826086956521739,0.9717391304347827,1,"113,139,159,161,250,268,271,277,284,297,316,340,345",391e5431e94327e751e99c057823aa2bd1b30573399c7e962b8c702647265f1e
pos_train_seq261_hmm_aug002,pos_train_seq261,2,244,34,210,2,0.00819672131147541,0.9918032786885246,1,"89,99",b066a23311e62e892537429305b26e1be2af351cfc7cb8d33cb651b46708586f
pos_train_seq262_hmm_aug002,pos_train_seq262,2,184,158,26,4,0.021739130434782608,0.9782608695652174,1,"32,67,68,131",52ac32bcc87d22a5039f2b1289a6867d8a11959f99b055fc1a2ca1eeed36ba49
pos_train_seq264_hmm_aug002,pos_train_seq264,2,106,51,55,3,0.02830188679245283,0.9716981132075472,1,"66,97,100",a1a92c18320e67b015cd2b40c69a7e61a2fb464672b58695b790d2b8c3288b1c
pos_train_seq267_hmm_aug002,pos_train_seq267,2,456,273,183,16,0.03508771929824561,0.9649122807017544,1,"124,130,162,163,231,262,264,272,273,316,334,356,376,381,383,390",46e696241ace83969c4f4deb694d3f034832c8a896318777cff620f61a04ca52
pos_train_seq268_hmm_aug002,pos_train_seq268,2,379,315,64,14,0.036939313984168866,0.9630606860158312,1,"37,48,75,110,121,122,136,148,186,204,261,303,322,328",70dd03163ac48f0bf1aaab6344cd22444384dcf85952032eb79c0ab8d5047992
pos_train_seq269_hmm_aug002,pos_train_seq269,2,396,375,21,19,0.047979797979797977,0.952020202020202,1,"35,48,80,107,110,120,145,163,168,202,219,230,235,242,255,262,318,322,394",53c07b902530c4b73ce57393a4b6bb1bb21adfa65dd0f9f7bad5557611cd7b26
pos_train_seq273_hmm_aug002,pos_train_seq273,2,341,182,159,8,0.02346041055718475,0.9765395894428153,1,"33,38,61,105,151,180,188,209",aaa4cf5cc727d984aa57438e7cb07d33d9979068ef0019fa00b92a06b1f43fa7
pos_train_seq274_hmm_aug002,pos_train_seq274,2,163,54,109,3,0.018404907975460124,0.9815950920245399,1,"46,50,55",6c5b1503162513dff8a40acaefef04fe030de904fdb0640bfb4d6668ce196c14
pos_train_seq276_hmm_aug002,pos_train_seq276,2,250,132,118,6,0.024,0.976,1,"164,196,223,231,246,248",471d282b40118fa8adcf8ba3211568764c9b3b1e606765b26508ffe8afa06848
pos_train_seq277_hmm_aug002,pos_train_seq277,2,177,102,75,6,0.03389830508474576,0.9661016949152542,1,"29,51,62,66,161,168",1c069baafae949862862e0d8743e7d195ce82523bf084b72e36abc7a9da29d4c
pos_train_seq278_hmm_aug002,pos_train_seq278,2,392,117,275,6,0.015306122448979591,0.9846938775510204,1,"272,293,305,310,375,377",2f13415ddd5117816da6d03c87594d595b6dab794bd14db6ae6a6acbe9ab8e19
pos_train_seq279_hmm_aug002,pos_train_seq279,2,329,156,173,6,0.0182370820668693,0.9817629179331308,1,"59,109,112,157,165,169",3ac78cffe3a901f2744770f0f916e7390f1c4e0ed11eab845ee7d2a60a80282b
pos_train_seq280_hmm_aug002,pos_train_seq280,2,211,87,124,4,0.018957345971563982,0.981042654028436,1,"45,175,176,179",dd17cc34fe1d2602690e40aabb67b54bdba58d0cffbe62d724db9f302d038454
pos_train_seq281_hmm_aug002,pos_train_seq281,2,404,160,244,9,0.022277227722772276,0.9777227722772277,1,"7,8,69,74,118,139,166,173,175",776b135eb67b158654f20655e73aaaba6817d5997f1387b2278ba289081df3cb
pos_train_seq282_hmm_aug002,pos_train_seq282,2,310,271,39,11,0.035483870967741936,0.964516129032258,1,"29,61,105,117,131,133,187,216,236,239,309",ec136dc92f926e247c9688d8b1ff8a9c382abbaf284aef0e13372833974962ec
pos_train_seq284_hmm_aug002,pos_train_seq284,2,175,37,138,4,0.022857142857142857,0.9771428571428571,1,"136,144,145,149",3c34a312e1a2c44d32693b93dcbc5701299e37ce43b37f6f211e34b4902a9b3c
pos_train_seq285_hmm_aug002,pos_train_seq285,2,396,141,255,5,0.012626262626262626,0.9873737373737373,1,"31,33,66,137,151",4a1e031583cdf02666b4adad8a2fb0bffb0fed073db5b6a5e5e606b0e80a55c1
pos_train_seq286_hmm_aug002,pos_train_seq286,2,471,194,277,8,0.016985138004246284,0.9830148619957537,1,"8,20,27,55,73,96,135,164",e8f093fd7a14f8b5247564d2bcd5f6a5bee546032b8a440745a4a3f7d7fe59b1
pos_train_seq288_hmm_aug002,pos_train_seq288,2,204,118,86,3,0.014705882352941176,0.9852941176470589,1,"70,79,101",1d30b3d5aedd19be9a8493d3a35aa284d51c73b2b947e748070b5b9f8e7b289d
pos_train_seq289_hmm_aug002,pos_train_seq289,2,245,97,148,2,0.00816326530612245,0.9918367346938776,1,"63,112",22744876a6f300bdbd761f60117cf7662526bc9513f87623b9f50a7cee6e5e94
pos_train_seq290_hmm_aug002,pos_train_seq290,2,391,355,36,20,0.05115089514066496,0.948849104859335,1,"38,41,54,80,107,119,141,182,186,188,231,244,253,281,289,313,330,342,373,374",581d65c7aba0fef479cff348bf51c9d5ae81e40c533deab0e4b3ce106aa6b3e5
pos_train_seq291_hmm_aug002,pos_train_seq291,2,290,169,121,12,0.041379310344827586,0.9586206896551724,1,"44,47,51,62,94,117,124,174,176,184,187,205",5e73878d67156729327211c387e05b10404297e1852a21ef64accb7efbf335d1
pos_train_seq292_hmm_aug002,pos_train_seq292,2,262,231,31,11,0.04198473282442748,0.9580152671755725,1,"45,49,60,85,100,110,119,147,158,166,233",f327499fd8187d141ca66335b9071d9524e8b7028c9a4874f22ee401910e6dd5
pos_train_seq293_hmm_aug002,pos_train_seq293,2,163,62,101,4,0.024539877300613498,0.9754601226993865,1,"18,27,28,33",17305ae8bc424065782e703022f723963adb28f3d4314d81606e9f5a57273bab
pos_train_seq294_hmm_aug002,pos_train_seq294,2,494,84,410,6,0.012145748987854251,0.9878542510121457,1,"286,320,328,336,355,365",6efbc04efebb525d8629dd18ee7a80e03dd706dbf006fb59906a13e12da8159c
pos_train_seq295_hmm_aug002,pos_train_seq295,2,163,66,97,2,0.012269938650306749,0.9877300613496932,1,"15,53",32bf6c9d0fe37f6b3160b03d5eeb45c7c31c5b52090f211648c88b127add0d5a
pos_train_seq297_hmm_aug002,pos_train_seq297,2,395,319,76,8,0.020253164556962026,0.979746835443038,1,"26,99,157,168,170,228,274,286",0ef683fc21d7362796b9d44565a262b773fb72ae7c0e5eaff4e5e3ddc7da8214
pos_train_seq298_hmm_aug002,pos_train_seq298,2,450,370,80,24,0.05333333333333334,0.9466666666666667,1,"46,70,105,169,178,185,189,200,213,228,263,269,273,274,288,312,340,356,357,359,361,372,383,388",8a93ff4cde3e68432f470fc363eb3bff423f25a810d141224059e96ce368b77d
pos_train_seq300_hmm_aug002,pos_train_seq300,2,505,173,332,10,0.019801980198019802,0.9801980198019802,1,"21,29,30,41,102,105,113,130,223,267",a343593788e0930466929979c518eeca6451307fa2ec815bdbeb2bd9ca23d4f4
pos_train_seq301_hmm_aug002,pos_train_seq301,2,332,158,174,9,0.02710843373493976,0.9728915662650602,1,"113,118,123,149,158,169,195,205,225",0951a6acbe63d365d81a18090b84c275bcdda5a7d95dd6bebc0e6532a361873f
pos_train_seq303_hmm_aug002,pos_train_seq303,2,412,331,81,15,0.03640776699029126,0.9635922330097088,1,"71,73,74,76,91,112,153,154,165,198,259,298,306,312,346",bf67274ed8257f1f1befc87fe50865da2dac0b982bb011a95a506c64ea1e9f67
pos_train_seq304_hmm_aug002,pos_train_seq304,2,352,321,31,12,0.03409090909090909,0.9659090909090909,1,"45,64,65,85,141,144,178,205,248,289,312,348",164ae8b01e475011fc1eafc12f0301b8f7aa30c0c9a1e711265ac7c61d5bbe8b
pos_train_seq305_hmm_aug002,pos_train_seq305,2,330,260,70,11,0.03333333333333333,0.9666666666666667,1,"63,125,148,170,183,193,210,264,308,310,318",0ff5b9a7d3e93ce936056a7fd67233215f32dabc79e490cb9689e2b649c01cf8
pos_train_seq307_hmm_aug002,pos_train_seq307,2,174,153,21,11,0.06321839080459771,0.9367816091954023,1,"23,32,54,61,81,89,91,107,110,128,134",bab5bf34af9721265c51cfd41d58bc460e2ebb0ea736d647bbfd76a9178860af
pos_train_seq310_hmm_aug002,pos_train_seq310,2,206,93,113,6,0.02912621359223301,0.970873786407767,1,"33,166,170,188,192,195",be6cfb84b1fccbae8a996fc6aa5ac278489ad8bfb80374c6c6df75fd782e37ff
pos_train_seq312_hmm_aug002,pos_train_seq312,2,422,420,2,19,0.045023696682464455,0.9549763033175356,1,"9,24,29,37,62,91,96,102,171,216,247,266,275,293,322,328,334,362,409",58f380a215e77843f29741064976419a42feb47f12db8462b0176386b5c44e27
pos_train_seq313_hmm_aug002,pos_train_seq313,2,191,122,69,4,0.020942408376963352,0.9790575916230366,1,"29,45,71,150",efb917a3d8dd0bca23dec89b9625aba500036f5a8fc5d1b9eb3f6cd9d97f06fa
pos_train_seq316_hmm_aug002,pos_train_seq316,2,503,399,104,21,0.041749502982107355,0.9582504970178927,1,"14,17,27,86,90,102,120,121,138,146,149,162,192,196,214,251,376,394,445,475,494",0d31cb2c37050c41fab83acbac4415c1056e943ab3a919df360475cc96c9ac1b
pos_train_seq318_hmm_aug002,pos_train_seq318,2,175,1,174,1,0.005714285714285714,0.9942857142857143,1,175,f9ca3b6fea4e1bf28d851a24bf2a4b48b223e20fca6d282a69efd52f21224d86
pos_train_seq319_hmm_aug002,pos_train_seq319,2,175,37,138,3,0.017142857142857144,0.9828571428571429,1,"150,155,159",709bae6a6055affbf23845766d7a3b8f05b7ba9510f7da3bd941e26a7297e7b4
pos_train_seq321_hmm_aug002,pos_train_seq321,2,317,30,287,2,0.006309148264984227,0.9936908517350158,1,"75,95",b32c1f41269ae47434abeeab0d9a91fcf0a8dee535abc96964478197d23a0141
pos_train_seq322_hmm_aug002,pos_train_seq322,2,326,197,129,16,0.049079754601226995,0.950920245398773,1,"7,17,22,24,25,53,61,89,128,148,165,180,186,192,195,203",40a3020875c4c22cc475c60fb6cc0e0527d5186cc236d556240dad7c84a9162e
pos_train_seq324_hmm_aug002,pos_train_seq324,2,244,187,57,14,0.05737704918032787,0.9426229508196722,1,"9,17,39,51,63,81,93,96,113,119,180,190,209,217",d798e5a08a06eb45300813675cddef3d333a443fc53a040dfd03de59609b383e
pos_train_seq326_hmm_aug002,pos_train_seq326,2,338,163,175,11,0.03254437869822485,0.9674556213017751,1,"171,173,192,195,210,222,237,278,289,300,314",fd64d319c1f279ac1e86852f30a21c8dfba643c99400e899e89ec32c126b5dd7
pos_train_seq327_hmm_aug002,pos_train_seq327,2,93,33,60,1,0.010752688172043012,0.989247311827957,1,36,18cbaa3e3dd1fd77aee7c09602990cd0d874ff39cd7eb3a7660e873bc63d18df
pos_train_seq328_hmm_aug002,pos_train_seq328,2,257,184,73,15,0.058365758754863814,0.9416342412451362,1,"9,12,18,27,36,39,56,72,97,103,113,133,136,143,180",9bfa39d62687b23a1096db9b4e3edf458a2aa7f4f474e12adc78e3e6e1d7c9e1
pos_train_seq330_hmm_aug002,pos_train_seq330,2,351,351,0,24,0.06837606837606838,0.9316239316239316,1,"4,16,18,21,40,43,55,62,95,162,174,188,199,206,223,228,245,250,267,273,278,281,306,310",d70e7bedf89821c1ba2ac260f93421e097af8a75b94022ff9df0ea89c1be0b76
pos_train_seq331_hmm_aug002,pos_train_seq331,2,150,1,149,1,0.006666666666666667,0.9933333333333333,1,1,758ee8cb50f8bee8e772426050e80ff7549aa53f135e48746cddffbf6b3e3cbd
pos_train_seq332_hmm_aug002,pos_train_seq332,2,366,216,150,10,0.0273224043715847,0.9726775956284153,1,"74,77,80,83,115,147,178,199,272,273",c13719b7431bf190f281d2b7056d30ab4eb570bb93e9e842b6f529c3390f0bce
pos_train_seq333_hmm_aug002,pos_train_seq333,2,293,257,36,10,0.034129692832764506,0.9658703071672355,1,"56,76,112,157,158,198,211,221,271,279",ade49548de86fae49410b4316537807c236f06e3116558b8a7c41d720ba0a6c0
pos_train_seq334_hmm_aug002,pos_train_seq334,2,184,171,13,5,0.02717391304347826,0.9728260869565217,1,"81,89,111,120,141",5a5144ee2ebf835350f8e236cac4c71e01d48fbc0fb49113e5e565faf566873c
pos_train_seq336_hmm_aug002,pos_train_seq336,2,118,28,90,1,0.00847457627118644,0.9915254237288136,1,29,b069bcb48ea70f7c15b0597a3c0eb7e1f7ccdfa461108ae90b3449c3b8e68dd3
pos_train_seq338_hmm_aug002,pos_train_seq338,2,505,301,204,14,0.027722772277227723,0.9722772277227723,1,"235,240,250,267,311,319,330,332,338,342,365,378,408,481",f880ad0801846943ea44cb6f8bbcf5c163a158f68c5d3d206a505b5eb4b69114
pos_train_seq340_hmm_aug002,pos_train_seq340,2,299,146,153,4,0.013377926421404682,0.9866220735785953,1,"23,30,57,77",8743e5ccddbca5a6d3a4b2da8ad868e0f37d8cf0a9ae4fe5ce1061d7b13ea167
pos_train_seq342_hmm_aug002,pos_train_seq342,2,445,88,357,4,0.008988764044943821,0.9910112359550561,1,"44,54,105,108",6c799a485ddcf37a027dc1410b4f95ed009c54017b99f200b9fc6d5ab7a572f4
pos_train_seq343_hmm_aug002,pos_train_seq343,2,460,442,18,25,0.05434782608695652,0.9456521739130435,1,"16,37,66,99,104,120,137,176,177,186,219,238,241,244,256,273,280,286,292,303,315,393,400,407,440",e6e275870753bc2f4555413326c2f2c474416149f9bec9c27301ef233df0c662
pos_train_seq347_hmm_aug002,pos_train_seq347,2,294,112,182,6,0.02040816326530612,0.9795918367346939,1,"21,37,44,140,148,159",f9e77f9e398371425dd718dbe1f16403cf83c5c46173bf65c5f1c1c4f21c62f6
pos_train_seq350_hmm_aug002,pos_train_seq350,2,327,157,170,10,0.03058103975535168,0.9694189602446484,1,"73,104,111,132,175,186,193,206,220,226",505ed17cbfba9dcc0e60365e2c767c60823e1452f81fabb6fc1992c44e629bd3
pos_train_seq351_hmm_aug002,pos_train_seq351,2,484,484,0,20,0.04132231404958678,0.9586776859504132,1,"12,38,49,60,129,137,153,166,191,231,264,285,304,311,333,355,365,382,399,444",b1d55eacf7fc5a31e1749cf562a27a42c35eabc13bb8ab9012e8f3e77e14b0e7
pos_train_seq352_hmm_aug002,pos_train_seq352,2,442,214,228,9,0.020361990950226245,0.9796380090497737,1,"2,7,44,57,89,92,96,422,426",55ed3607d6f943ad05b9faa00fc1e89523637c8ed6396d73c870074796553c32
pos_train_seq353_hmm_aug002,pos_train_seq353,2,501,306,195,19,0.03792415169660679,0.9620758483033932,1,"21,29,60,70,73,84,121,146,155,158,160,187,192,225,305,328,335,354,362",ebea8465ca1d63fc44968f7a89d9e4e66526def0bfd2ee890b0e74cbfe7ee445
pos_train_seq355_hmm_aug002,pos_train_seq355,2,207,178,29,9,0.043478260869565216,0.9565217391304348,1,"8,25,31,45,48,76,104,154,172",29764a7d66c6f4837d561c11ea9bb3871b457d335de88ca897a8ea38350b2bfe
pos_train_seq356_hmm_aug002,pos_train_seq356,2,490,59,431,1,0.0020408163265306124,0.9979591836734694,1,402,7b7747262132a85b81db6bbe7143e09ff0490dadb04c8a01aba7d2e57db4e87c
pos_train_seq359_hmm_aug002,pos_train_seq359,2,117,104,13,6,0.05128205128205128,0.9487179487179487,1,"18,59,67,68,76,103",419931f3f1663f157d8d5932f0cbe97b0a5061c1bb62ee0a6cf235ac4d9d6bcb
pos_train_seq360_hmm_aug002,pos_train_seq360,2,377,206,171,11,0.029177718832891247,0.9708222811671088,1,"14,27,75,91,99,123,129,130,151,181,207",c59831bc6a20e8bcd51002d0b708a3e48db5cc1546c05ca307341c061e72ec45
pos_train_seq361_hmm_aug002,pos_train_seq361,2,418,128,290,6,0.014354066985645933,0.9856459330143541,1,"22,31,62,77,104,110",0fe0032f38476e877a695281851b0fd8f37d39b5ba12775d6fc5d98512581ab4
pos_train_seq362_hmm_aug002,pos_train_seq362,2,208,108,100,5,0.02403846153846154,0.9759615384615384,1,"100,109,120,146,157",a7b605899dbbd7f5ae761a99438b93f077037ca3668818e846b5c93562cc5ffb
pos_train_seq363_hmm_aug002,pos_train_seq363,2,463,278,185,13,0.028077753779697623,0.9719222462203023,1,"147,202,207,323,353,364,397,434,451,452,453,454,463",a38b7d9bd34c3b68e037efedb30e4c7939e70843f5b0b33c6e1359dc554acef6
pos_train_seq367_hmm_aug002,pos_train_seq367,2,352,140,212,12,0.03409090909090909,0.9659090909090909,1,"14,19,30,60,62,227,243,251,264,266,271,291",daa6d64de61a3510150aeb82301c2f3793e5cef4f609897581397527d0d45ec3
pos_train_seq369_hmm_aug002,pos_train_seq369,2,486,28,458,1,0.00205761316872428,0.9979423868312757,1,146,0a55538ee847038defcf17ed526d12b6fbf29f455025c9f0c1618cf254648c66
pos_train_seq370_hmm_aug002,pos_train_seq370,2,506,377,129,25,0.04940711462450593,0.950592885375494,1,"50,54,70,93,95,101,122,132,142,149,169,170,200,227,259,308,319,320,325,330,331,337,359,361,410",ca6db5514cdd2a43f62cf74bf1909190015e7ce062ba3201bab6696a93e815e4
pos_train_seq371_hmm_aug002,pos_train_seq371,2,466,210,256,12,0.02575107296137339,0.9742489270386266,1,"17,18,33,39,44,54,113,116,128,354,383,386",692c931594415f7b1f69bab54265d43f2545c6e5d61ef8ba8d6a70d7f8db07bf
pos_train_seq372_hmm_aug002,pos_train_seq372,2,459,457,2,24,0.05228758169934641,0.9477124183006536,1,"18,35,59,66,73,110,145,169,181,186,207,243,252,271,302,308,357,382,391,408,409,418,432,441",e2695d5bedda9a374765451e3f10fce88ba8593f92aa254e3327994016d1a94b
pos_train_seq373_hmm_aug002,pos_train_seq373,2,471,376,95,20,0.04246284501061571,0.9575371549893843,1,"44,188,193,207,236,298,326,335,336,338,382,397,418,433,437,442,443,453,459,467",4dcd4f33dcf73faf803a0d644b6be28b0299e84f074147b90c2d987ea9878de8
pos_train_seq374_hmm_aug002,pos_train_seq374,2,129,21,108,2,0.015503875968992248,0.9844961240310077,1,"68,75",6dd5f1144e9bab22f0d5e68c439f216e52aa49798a4f00b228d0cce4c8084f28
pos_train_seq376_hmm_aug002,pos_train_seq376,2,439,221,218,13,0.029612756264236904,0.9703872437357631,1,"76,82,86,107,146,151,213,229,234,240,256,398,411",8708466d0272985bc1b8bf4cbfd8a290eb448616535a2e99f9474ebbcf18e21e
pos_train_seq377_hmm_aug002,pos_train_seq377,2,174,159,15,6,0.034482758620689655,0.9655172413793104,1,"6,9,35,103,109,134",f07b5aeb64c0ac90247de125f6c8cae11e7799ebe064e4870ae1372679af8d58
pos_train_seq379_hmm_aug002,pos_train_seq379,2,409,171,238,8,0.019559902200488997,0.980440097799511,1,"12,50,188,195,213,294,366,390",cffb05cab0ba0a93c8a417f09d50007a17f4f74284057c4386af5db26252cf6f
pos_train_seq380_hmm_aug002,pos_train_seq380,2,210,208,2,13,0.06190476190476191,0.9380952380952381,1,"19,31,33,37,41,43,139,140,144,150,158,160,199",54cb03382dc4011041b88709e5360dbf35ffb77d5527987f06cce27289ee2d4b
pos_train_seq381_hmm_aug002,pos_train_seq381,2,311,156,155,7,0.022508038585209004,0.977491961414791,1,"38,59,63,108,153,159,181",709130257c2a7c8bdfd7f5b86784f8ad9f409a5459090514d495078b77b48350
pos_train_seq383_hmm_aug002,pos_train_seq383,2,434,295,139,14,0.03225806451612903,0.967741935483871,1,"75,99,114,115,244,274,277,288,294,317,354,394,408,432",b5f7a54336097b98251cdb883e49e4b4febd34474e9c5180a928a2839aaf6ed0
pos_train_seq384_hmm_aug002,pos_train_seq384,2,388,372,16,19,0.04896907216494845,0.9510309278350515,1,"104,128,140,141,148,161,176,201,211,223,244,259,269,285,320,342,348,349,371",47e1977a1a5cf04b273eda8d5bfbd8e2990dc60943b11c1622593a4b227e15b0
pos_train_seq385_hmm_aug002,pos_train_seq385,2,495,305,190,15,0.030303030303030304,0.9696969696969697,1,"17,22,63,79,124,132,178,188,197,211,221,233,334,346,349",0f60c45a81a9d7b5d4583b2ed53a2222c48f15376d57ec606f73b8692f191850
pos_train_seq386_hmm_aug002,pos_train_seq386,2,240,51,189,4,0.016666666666666666,0.9833333333333333,1,"64,66,192,194",94cc533c8fe3e20513970c128056ab4ebb13afe23845b00aa9702a0ee72c3322
pos_train_seq389_hmm_aug002,pos_train_seq389,2,253,79,174,3,0.011857707509881422,0.9881422924901185,1,"151,169,197",551f4e5565ecc084a159cddb1f0fa8481c4e54f91491e2965b71a7f546a4465f
pos_train_seq391_hmm_aug002,pos_train_seq391,2,296,124,172,1,0.0033783783783783786,0.9966216216216216,1,284,34bf708c7d7f6fe3f4a259810919bbab4d14ec9176aea44ea81ebe84752e78f0
pos_train_seq393_hmm_aug002,pos_train_seq393,2,374,340,34,19,0.05080213903743316,0.9491978609625669,1,"33,59,60,76,146,151,157,169,178,180,207,212,222,234,265,281,291,338,350",a05f4f2c3698ad2f2808479f3fc2969486ba7e3bff830229a460ceb93b1d06ac
pos_train_seq394_hmm_aug002,pos_train_seq394,2,25,14,11,1,0.04,0.96,1,4,55f92f8c4127307b5ee22d46395d5c17f186d47c586297ca07552e18cde2b350
pos_train_seq395_hmm_aug002,pos_train_seq395,2,191,118,73,10,0.05235602094240838,0.9476439790575917,1,"44,54,65,141,161,163,166,167,172,180",317fc6924b1c2dbd6762aca12a54fa7fa3d7c43b5fec036e869ef9f5e38bab6f
pos_train_seq396_hmm_aug002,pos_train_seq396,2,264,235,29,14,0.05303030303030303,0.946969696969697,1,"58,68,80,90,103,106,118,133,161,199,219,230,255,259",03bc320a7f3c849f23082c4996d0f190c7e614af79de7db37f459b7000ad50e9
pos_train_seq397_hmm_aug002,pos_train_seq397,2,305,92,213,5,0.01639344262295082,0.9836065573770492,1,"112,121,123,265,291",5d0acf3b8d772d63e95563371e105bb9d9bc7e93947d0802cc814b6cd6d26ec7
pos_train_seq399_hmm_aug002,pos_train_seq399,2,183,140,43,11,0.060109289617486336,0.9398907103825137,1,"64,77,89,93,105,135,138,148,156,179,181",994b3aa067a03d04eb04151294a157c66698e2401ce086781c0119684f094abd
pos_train_seq400_hmm_aug002,pos_train_seq400,2,381,243,138,11,0.028871391076115485,0.9711286089238845,1,"26,54,72,76,98,121,136,152,165,190,204",ddfecc7111e8c1958cb99ab2b84f18e2deca89aaaffa3e19b2fc59ff2c90c567
pos_train_seq402_hmm_aug002,pos_train_seq402,2,314,156,158,14,0.044585987261146494,0.9554140127388535,1,"17,21,22,26,33,41,43,45,58,76,126,129,132,157",6956196fea88930f8d02093582ba1b4a11066a43d9b28679f6ba4077987c7fcc
pos_train_seq404_hmm_aug002,pos_train_seq404,2,332,8,324,1,0.0030120481927710845,0.9969879518072289,1,298,158ee29cd21874cf8bc1ab4164edf75ab1aafd3a6283a422ba078895ae3f4f24
pos_train_seq405_hmm_aug002,pos_train_seq405,2,100,56,44,2,0.02,0.98,1,"63,71",04efc37cdbd11b25cfb7d03d2c369c1837d70c4041a7a31e93805fab1a95a0d7
pos_train_seq406_hmm_aug002,pos_train_seq406,2,371,231,140,11,0.029649595687331536,0.9703504043126685,1,"37,48,62,64,72,91,158,164,170,202,248",e237949090a0b8f4b35bf317591999fda5cdbf6792e8b404906760e9b346b556
pos_train_seq407_hmm_aug002,pos_train_seq407,2,377,174,203,14,0.03713527851458886,0.9628647214854111,1,"37,173,220,221,222,230,231,236,254,297,342,353,358,360",101a1dba12c5706e9155ec49fb7357fa3da89cd21867e20f4e55f23cfa3a6db6
pos_train_seq408_hmm_aug002,pos_train_seq408,2,381,326,55,14,0.03674540682414698,0.963254593175853,1,"111,120,138,160,174,175,242,244,248,284,308,359,375,381",c36c40a6f85d7f52a3786dc51a3d5dfdf414c3e1d60ca25cbfecc4f24fe278a7
pos_train_seq410_hmm_aug002,pos_train_seq410,2,300,1,299,1,0.0033333333333333335,0.9966666666666667,1,300,841c1fbbb45f3827a1deef4c4eacc2af3ba9cb24ac2f42fccbf5f51e82dfaaba
pos_train_seq412_hmm_aug002,pos_train_seq412,2,346,180,166,3,0.008670520231213872,0.9913294797687862,1,"11,79,264",52ed8bf8eaf687436f647c0ca783ad3e7319dbbc6de1ed38ae5853a622b22eaa
pos_train_seq413_hmm_aug002,pos_train_seq413,2,152,115,37,8,0.05263157894736842,0.9473684210526316,1,"32,69,72,80,90,103,104,106",a5284e37104cf97e74abdfb0dc07a1597171f9dc07aeade0797a71e99fd0d941
pos_train_seq414_hmm_aug002,pos_train_seq414,2,417,407,10,12,0.02877697841726619,0.9712230215827338,1,"26,69,121,123,146,193,203,204,298,349,366,384",74e176e1f1ca12a21fa1acbce8686d08fbae50c6efa4d7d0bb6de92f1417b41a
pos_train_seq415_hmm_aug002,pos_train_seq415,2,414,249,165,9,0.021739130434782608,0.9782608695652174,1,"28,59,90,97,120,141,227,250,252",7e943326ad25919983865f624cc3f34525ef0640d563017b801ca5856793f45d
pos_train_seq416_hmm_aug002,pos_train_seq416,2,268,166,102,9,0.033582089552238806,0.9664179104477612,1,"15,54,60,75,76,107,210,227,232",b22080b6aba902fab5726e7a6e68b2e430f62644a12904790a64bdde42b73319
pos_train_seq417_hmm_aug002,pos_train_seq417,2,422,420,2,18,0.04265402843601896,0.957345971563981,1,"22,65,80,82,84,123,147,172,178,185,187,225,257,299,321,337,349,356",de9536597561bb1729ef9e38e45af6fc68d4968df0337968dea628ffa2748975
pos_train_seq418_hmm_aug002,pos_train_seq418,2,367,236,131,10,0.027247956403269755,0.9727520435967303,1,"15,54,81,89,96,102,110,111,122,141",3e9981dd70240f4a066c164ee580aaacfa5396493dd833bfb4a146dcc573c925
pos_train_seq419_hmm_aug002,pos_train_seq419,2,418,45,373,3,0.007177033492822967,0.992822966507177,1,"28,36,51",70575a88dc2461c5a08e3e3470dc2139b95a1f38e122abc1ad520cde83626b94
pos_train_seq421_hmm_aug002,pos_train_seq421,2,25,3,22,1,0.04,0.96,1,2,f97bf3e88739a7dafa9e1306e89ff21c77b49bd87419950c4a9924c6ff11f0cb
pos_train_seq422_hmm_aug002,pos_train_seq422,2,187,75,112,4,0.0213903743315508,0.9786096256684492,1,"21,37,87,90",0c8bb3b70ad7f632611f21b635c2027c0ed63b5946c6005cf2cca5b457e64dd4
pos_train_seq425_hmm_aug002,pos_train_seq425,2,178,100,78,7,0.03932584269662921,0.9606741573033708,1,"8,11,40,43,49,51,91",d0c767bb2cdc2915481350ecd493ac72887c0afd85a81a1a81804152ca182536
pos_train_seq426_hmm_aug002,pos_train_seq426,2,157,72,85,1,0.006369426751592357,0.9936305732484076,1,72,e9075cb4e7cc7b76317c6de407d4afb3ad49040835057f7fc7f837511d6adb72
pos_train_seq427_hmm_aug002,pos_train_seq427,2,495,476,19,18,0.03636363636363636,0.9636363636363636,1,"32,69,114,116,181,208,228,230,258,314,327,328,359,412,423,440,466,473",fdfc6cda47aeb05bb57bb1e5006b5b4259b56eda6dd286231aa81923a5ae59fd
pos_train_seq428_hmm_aug002,pos_train_seq428,2,213,99,114,5,0.023474178403755867,0.9765258215962441,1,"27,40,45,62,73",92c5b7d709dc66abb06f7d53dc2e0d110ed1f8146c75dfbf3483967b2352bfac
pos_train_seq429_hmm_aug002,pos_train_seq429,2,355,163,192,7,0.01971830985915493,0.9802816901408451,1,"118,141,150,151,166,216,227",81c65512e8a37ac31c307a81aa225866c924fd1dffe1ae5d58d3f82f43b6f1c9
pos_train_seq430_hmm_aug002,pos_train_seq430,2,441,6,435,1,0.0022675736961451248,0.9977324263038548,1,315,9656181b499df0cc3f41f350b06d7b9eeedcd78c10d55458487e546f3226d1f8
pos_train_seq431_hmm_aug002,pos_train_seq431,2,372,156,216,9,0.024193548387096774,0.9758064516129032,1,"13,34,61,72,113,125,147,172,182",35a31405f1442a8551b5f1b3ae8722c893bc9a4ad56c2ade22cee94496245a65
pos_train_seq432_hmm_aug002,pos_train_seq432,2,383,261,122,11,0.028720626631853787,0.9712793733681462,1,"150,165,181,204,263,273,281,306,310,334,354",e19dfed27e301d2e2d90a377422ab571b055758b241f00037502bf7df642ed5a
pos_train_seq433_hmm_aug002,pos_train_seq433,2,352,232,120,12,0.03409090909090909,0.9659090909090909,1,"124,155,174,179,180,195,212,228,240,272,299,340",36086b9e04e0d153ad317842d2f014b6231f15e5dde04e2176b17c0bc4e9909f
pos_train_seq435_hmm_aug002,pos_train_seq435,2,205,91,114,1,0.004878048780487805,0.9951219512195122,1,105,08a98619088d83d3e9d5df8c41ca28e49e2e674b2f0aee8a53910d65b91296a1
pos_train_seq436_hmm_aug002,pos_train_seq436,2,507,137,370,5,0.009861932938856016,0.9901380670611439,1,"357,360,403,456,467",6077b317ca80f53497193323dc334789142bd8c5536ea78e4a4299a73aecf435
pos_train_seq437_hmm_aug002,pos_train_seq437,2,411,79,332,7,0.0170316301703163,0.9829683698296837,1,"333,337,344,370,392,394,403",313a85067b86cffd38b40636ca9ef025d2e73a58d8f18f6146a7257577580561
pos_train_seq438_hmm_aug002,pos_train_seq438,2,495,87,408,2,0.00404040404040404,0.9959595959595959,1,"20,42",c50e50b8a0254b7cf5e2e0765cc3bf0e914ce4ab84ba30a0f8101214d91177ec
pos_train_seq439_hmm_aug002,pos_train_seq439,2,175,36,139,1,0.005714285714285714,0.9942857142857143,1,144,f7acbf90a4a69fa2456fd8f0a9579efc1c091af7de10c66a654f8161e4feea63
pos_train_seq442_hmm_aug002,pos_train_seq442,2,390,199,191,10,0.02564102564102564,0.9743589743589743,1,"100,109,117,133,140,146,202,209,265,274",d76fac4ff179d3f358f8f16faa48a6445c0c022ebad6f00db7951d41e7b3021d
pos_train_seq443_hmm_aug002,pos_train_seq443,2,217,215,2,7,0.03225806451612903,0.967741935483871,1,"8,9,66,146,156,185,197",fb6379aa0d7c234be313c3f0f16fd687419c983e5d9a75c208ac40ef3cc6d5c4
pos_train_seq444_hmm_aug002,pos_train_seq444,2,23,6,17,1,0.043478260869565216,0.9565217391304348,1,3,f81948b0b40e400e1e6944631fdde604c7cc839c5450c483911756ef3800dca2
pos_train_seq445_hmm_aug002,pos_train_seq445,2,397,313,84,24,0.060453400503778336,0.9395465994962217,1,"20,28,113,141,160,161,172,188,194,208,214,230,245,257,268,283,287,290,295,300,306,307,310,325",4f694380ce534e49dc8efad78adde0b28101db9f1801e6b82873f27be96e322d
pos_train_seq446_hmm_aug002,pos_train_seq446,2,270,86,184,6,0.022222222222222223,0.9777777777777777,1,"38,39,117,120,125,157",ec2c5b62ff05771116f1e51f9f168cff5e8d23bfba44b8fd59e44c8e7743eddb
pos_train_seq450_hmm_aug002,pos_train_seq450,2,182,120,62,5,0.027472527472527472,0.9725274725274725,1,"45,58,69,97,156",d083be406a6d4a1080f5c604a77412b26c1ddf8a0de73d338dbc84e9fd567dca
pos_train_seq452_hmm_aug002,pos_train_seq452,2,317,189,128,9,0.028391167192429023,0.9716088328075709,1,"71,74,80,81,87,180,185,187,225",44faf835f97e9b1ab64228fd5e8c1bf3882518dda3b8c9e167a1e85e4aa821a0
pos_train_seq455_hmm_aug002,pos_train_seq455,2,171,106,65,6,0.03508771929824561,0.9649122807017544,1,"61,66,75,87,95,107",d03dcd31619d51307cbb32b9f4b0b83655b79c0b8922739f6d9536b5c3c8c971
pos_train_seq458_hmm_aug002,pos_train_seq458,2,432,320,112,14,0.032407407407407406,0.9675925925925926,1,"84,85,223,257,282,301,313,326,330,331,369,380,420,425",ae19101440e95084d181f9a271804237f1387e5a68d36c8e07c44193bcf1fbde
pos_train_seq459_hmm_aug002,pos_train_seq459,2,196,40,156,2,0.01020408163265306,0.9897959183673469,1,"9,187",db9e9ce48e20eaab45ca25d40a49354186edb941978d9e3d0551a7c45f1902be
pos_train_seq461_hmm_aug002,pos_train_seq461,2,476,284,192,15,0.031512605042016806,0.9684873949579832,1,"27,55,77,103,108,142,153,166,176,182,215,244,249,255,274",0c330a7536b07faf7510efecc894fcaa224e826234e6057dad55658ca91e295b
pos_train_seq462_hmm_aug002,pos_train_seq462,2,305,171,134,8,0.02622950819672131,0.9737704918032787,1,"6,24,37,46,85,95,138,150",67b81bf8bca0102a9b755b11271947cbae4d8e4e32014194a662e63ff6002465
pos_train_seq463_hmm_aug002,pos_train_seq463,2,406,152,254,5,0.012315270935960592,0.9876847290640394,1,"11,26,28,43,111",1b511cbf8d2c97452b00f1c511e1c3b2e7608a9c76c840535dec05146bca3108
pos_train_seq466_hmm_aug002,pos_train_seq466,2,425,312,113,18,0.042352941176470586,0.9576470588235294,1,"26,35,58,104,250,260,267,273,302,316,328,333,336,345,374,376,388,415",7fdab0ec2806b1356e3e97e844491c11bd6c43cf328bdd185ae97fdc5ace12bf
pos_train_seq467_hmm_aug002,pos_train_seq467,2,386,380,6,17,0.04404145077720207,0.9559585492227979,1,"62,65,68,137,147,180,181,186,219,240,270,271,287,307,312,347,359",290572904a821a59be80f5d9904e36fc84aefcc7c004ff15c8d54118f6e447a0
pos_train_seq468_hmm_aug002,pos_train_seq468,2,434,262,172,17,0.03917050691244239,0.9608294930875576,1,"29,41,42,52,93,103,120,170,196,249,263,265,275,287,297,310,314",979bd55cd846db2aa15c08bb69016878e178b017d24dfd0a97fd6361b7000d86
pos_train_seq469_hmm_aug002,pos_train_seq469,2,231,184,47,13,0.05627705627705628,0.9437229437229437,1,"32,47,66,86,143,147,167,173,174,178,183,189,204",38e6f0f52e123e011bd1a12487e4fad13beb65f800b73c6c4489331ab811f574
pos_train_seq471_hmm_aug002,pos_train_seq471,2,437,431,6,20,0.04576659038901602,0.954233409610984,1,"40,68,73,85,99,165,171,181,196,202,228,259,291,347,357,370,382,404,405,430",9627d48f84eee81ad196773e6cb799bbfe64de70fedfcbc5c088cbbe99a7f25a
pos_train_seq472_hmm_aug002,pos_train_seq472,2,431,263,168,8,0.018561484918793503,0.9814385150812065,1,"39,43,69,71,169,197,201,251",b3db6a083cf2cd0031013bd3f944e5469dd58db6479c5630e2e3c10ef0ae6c71
pos_train_seq475_hmm_aug002,pos_train_seq475,2,360,145,215,10,0.027777777777777776,0.9722222222222222,1,"144,157,179,227,242,244,264,266,267,280",6f5bf2c0099b9729d61d6a3a7f3cf548b0ffa8b4413e7a2c069d7ff3349493e2
pos_train_seq476_hmm_aug002,pos_train_seq476,2,407,254,153,7,0.0171990171990172,0.9828009828009828,1,"207,209,222,224,313,351,395",495b6b20ebf46f1b52cb0f79f51942a367e2a8f6dc8f9c1147b55225bdad8692
pos_train_seq478_hmm_aug002,pos_train_seq478,2,299,119,180,1,0.0033444816053511705,0.9966555183946488,1,257,bc5d59732fb05216b6a6715610ebf8579ab8823a6b46532eee081e01c507360e
pos_train_seq479_hmm_aug002,pos_train_seq479,2,370,309,61,15,0.04054054054054054,0.9594594594594594,1,"49,60,86,90,99,164,187,191,224,230,263,266,275,276,342",f54e3bc3e30a023571f2f5f756947f96f2405bb6d2eadcc13c6e77247474ba77
pos_train_seq480_hmm_aug002,pos_train_seq480,2,409,308,101,20,0.0488997555012225,0.9511002444987775,1,"20,45,55,137,138,149,156,166,172,173,188,203,216,218,224,225,227,289,305,355",a45ea1ffe1d547f58acfe2d4e94ac65063170773b8b39957e7daa2d88fb2570a
pos_train_seq481_hmm_aug002,pos_train_seq481,2,209,114,95,2,0.009569377990430622,0.9904306220095693,1,"58,70",391be04a34c980b4c5eef134cb6c602bab8d24082682afac09f83542c1d26859
pos_train_seq484_hmm_aug002,pos_train_seq484,2,359,14,345,2,0.005571030640668524,0.9944289693593314,1,"214,219",6ef186d0fdf03205a69fbb57e1b4dbf16e35995460a74d0a7e55ba0c2c63226a
pos_train_seq485_hmm_aug002,pos_train_seq485,2,491,86,405,4,0.008146639511201629,0.9918533604887984,1,"170,172,196,224",6473775da370a08f358d4c513fdad6788e98426e2b583a8dda0738f4aa67d896
pos_train_seq486_hmm_aug002,pos_train_seq486,2,184,171,13,8,0.043478260869565216,0.9565217391304348,1,"14,21,42,51,57,103,138,179",6084f31e4852e7a1ddce84405427d79d54a3db599c80a4e952862879adc9c33c
pos_train_seq487_hmm_aug002,pos_train_seq487,2,454,298,156,12,0.02643171806167401,0.973568281938326,1,"19,28,37,221,248,338,347,360,373,380,401,424",7f7d440162ee145bb5466749f1b7d25d30ae451024a2c50d8db5438a75e24073
pos_train_seq488_hmm_aug002,pos_train_seq488,2,419,356,63,13,0.031026252983293555,0.9689737470167065,1,"53,88,91,162,171,219,221,231,239,263,269,284,366",5214b83f1af16a3deb7df69cf3617bae4989d4713a73401b32c1829643199545
pos_train_seq489_hmm_aug002,pos_train_seq489,2,501,173,328,6,0.011976047904191617,0.9880239520958084,1,"46,55,94,107,111,134",e2bba549df39f1a226c5180ca179963e2dab57989669efe10a27df67201bdd65
pos_train_seq490_hmm_aug002,pos_train_seq490,2,136,78,58,3,0.022058823529411766,0.9779411764705882,1,"69,98,109",6bff7b0253ec8af2ec58ffc72c6770cea0174894ffae3d838e55cfdb791412cc
pos_train_seq491_hmm_aug002,pos_train_seq491,2,383,329,54,24,0.06266318537859007,0.9373368146214099,1,"15,39,48,54,76,81,115,121,123,145,160,195,196,225,239,241,247,266,284,293,295,296,302,314",3288d9f48f67c0f9750f5db7a8d215cbcd2083c110763a4567d54768ca4d2044
pos_train_seq492_hmm_aug002,pos_train_seq492,2,508,452,56,23,0.045275590551181105,0.9547244094488189,1,"35,107,125,138,177,202,205,245,248,251,262,297,301,304,334,339,357,365,373,383,391,408,418",c76713c20160bee83587facc2df32646c08c47a189d8c7140c7641de73832c43
pos_train_seq493_hmm_aug002,pos_train_seq493,2,296,133,163,4,0.013513513513513514,0.9864864864864865,1,"14,22,110,260",c048d9f4ed8964cade9c5e74d00ccd92412217e43c25d8fe266e09284d56e74e
pos_train_seq494_hmm_aug002,pos_train_seq494,2,192,191,1,8,0.041666666666666664,0.9583333333333334,1,"8,16,50,78,137,157,158,162",bfbd84fae1d2692204545ef070e281cb8fd952a488ed70ab123af32ac266f337
pos_train_seq495_hmm_aug002,pos_train_seq495,2,340,223,117,15,0.04411764705882353,0.9558823529411765,1,"16,27,51,53,63,64,177,181,182,223,227,291,298,312,335",926d676abc5c5571901c96aa3f7a56aaf32a42124be83d410a1b07aa1078af82
pos_train_seq496_hmm_aug002,pos_train_seq496,2,403,289,114,16,0.03970223325062035,0.9602977667493796,1,"121,136,147,204,227,252,269,274,275,289,334,336,372,391,401,403",9ae908f7994f6e9c863a1a217849c5b29a018dc071fc8c4c4c856f4102830817
pos_train_seq499_hmm_aug002,pos_train_seq499,2,397,242,155,18,0.04534005037783375,0.9546599496221663,1,"126,130,158,162,168,205,216,218,220,222,231,251,289,311,318,324,363,366",3d7b51312a51170783c29277efe2ab5ff3f556f004144324458f4ec614617fd7
pos_train_seq500_hmm_aug002,pos_train_seq500,2,449,312,137,19,0.042316258351893093,0.9576837416481069,1,"5,26,37,41,55,81,89,100,107,110,140,142,192,193,289,312,351,371,375",f4ef13a848fb13dc1089b886dea0944ef1348ee04fa0599f421f386573b614a7
pos_train_seq502_hmm_aug002,pos_train_seq502,2,353,172,181,7,0.019830028328611898,0.9801699716713881,1,"41,64,81,82,151,155,164",f8d0047173cd4d1fedf6e2181d3f1c5ddc244637c7bc98de1f27a4648842812b
pos_train_seq503_hmm_aug002,pos_train_seq503,2,153,12,141,1,0.006535947712418301,0.9934640522875817,1,142,f15fb9fc58ab03fac2e68882b7c7af62408edec09c5c0862b64550fd60bdf810
pos_train_seq504_hmm_aug002,pos_train_seq504,2,127,127,0,4,0.031496062992125984,0.9685039370078741,1,"42,67,71,98",5ee1f803f612b2f863f41943e2269142b94b63e3691e6934832e52b04e74e323
pos_train_seq506_hmm_aug002,pos_train_seq506,2,415,369,46,17,0.04096385542168675,0.9590361445783132,1,"19,65,67,84,92,103,107,118,157,187,215,272,297,300,305,346,349",1af4bcda70c91d80a5ec4cf69eb613cdb577788149b8007d4a52baf78338ef7b
pos_train_seq507_hmm_aug002,pos_train_seq507,2,443,57,386,1,0.002257336343115124,0.9977426636568849,1,352,d99fc958bbb93ab455cedc3731bbb47e80eadeb7036c7f88e46179f564fdcae4
pos_train_seq510_hmm_aug002,pos_train_seq510,2,366,30,336,2,0.00546448087431694,0.994535519125683,1,"330,340",9103e3d4ea76d7fa478325a53949a03feffb4e0b0619c8a5eba872c313440eb9
pos_train_seq511_hmm_aug002,pos_train_seq511,2,476,79,397,4,0.008403361344537815,0.9915966386554622,1,"242,266,285,304",8ec73570d028e1e7b64719a73bce62e2a9a942c14b0a2229e31e1c1558bc6c53
pos_train_seq514_hmm_aug002,pos_train_seq514,2,475,327,148,11,0.023157894736842106,0.9768421052631578,1,"174,185,193,217,224,253,268,290,391,412,453",50c7d587dc44341f1670585179e41a0b59a84f0850dc5b8a39282f4727c1ae15
pos_train_seq515_hmm_aug002,pos_train_seq515,2,361,107,254,7,0.019390581717451522,0.9806094182825484,1,"21,29,35,46,70,75,113",7f1f2ded554504f592a5bb0d961663f52d5b892e5d23defd93263d0b31d8e32d
pos_train_seq518_hmm_aug002,pos_train_seq518,2,429,194,235,6,0.013986013986013986,0.986013986013986,1,"28,47,221,222,224,427",81af836b9c4a12142279a9a39157ea496f6fd8bbb9867457f595f289e573dc71
pos_train_seq519_hmm_aug002,pos_train_seq519,2,358,105,253,9,0.025139664804469275,0.9748603351955307,1,"27,43,45,55,61,63,98,106,108",3b431144b2f86fada88dc3683e175d72b9ca7718fea3af0fc14a42debf0e5b0b
pos_train_seq520_hmm_aug002,pos_train_seq520,2,254,79,175,3,0.011811023622047244,0.9881889763779528,1,"173,218,219",811c93379d8bb2d7a8f84e01468e02ca8ea7fafa961a797d89c8701735147f50
pos_train_seq521_hmm_aug002,pos_train_seq521,2,210,1,209,1,0.004761904761904762,0.9952380952380953,1,1,a8bb2adf6443fcc412d826ab55de73729b260794540005dd5e24491b6f4f219f
pos_train_seq523_hmm_aug002,pos_train_seq523,2,175,37,138,1,0.005714285714285714,0.9942857142857143,1,160,296e3716002948c5c1cbd1d243fdf1280e6efc6d733372cb7a66d7dc6498ae74
pos_train_seq524_hmm_aug002,pos_train_seq524,2,323,204,119,12,0.03715170278637771,0.9628482972136223,1,"18,30,32,56,76,92,129,134,141,149,168,189",86c80502faf4806628253689e30bf7dae77173bf7f9bb7079c9106666c8587fa
pos_train_seq526_hmm_aug002,pos_train_seq526,2,340,88,252,2,0.0058823529411764705,0.9941176470588236,1,"8,39",cce5eddef292b2e947e92b6337a8f6c56a3bc80855016d6352f620d87606b3eb
pos_train_seq527_hmm_aug002,pos_train_seq527,2,150,1,149,1,0.006666666666666667,0.9933333333333333,1,150,8365c52888f586805e9e34e60f0e5d50baa51b759a3076294f39a9942fbd3b6a
pos_train_seq528_hmm_aug002,pos_train_seq528,2,266,33,233,1,0.0037593984962406013,0.9962406015037594,1,114,bc746e99d47f3d28cc167641b0999f0d041ed116b3dc647791365dab86e4bf48
pos_train_seq531_hmm_aug002,pos_train_seq531,2,478,437,41,22,0.04602510460251046,0.9539748953974896,1,"11,33,101,116,121,146,165,180,191,195,213,285,302,365,370,397,401,418,427,443,447,457",7a82dfba125cd3766461540cabcb3975572a11221199cf75d768a850d9efa881
pos_train_seq532_hmm_aug002,pos_train_seq532,2,327,71,256,5,0.01529051987767584,0.9847094801223242,1,"225,229,236,241,321",e699b199c1d4073ea12ed0982875e536f8215e0f6510b11e97774e0173725a9c
pos_train_seq533_hmm_aug002,pos_train_seq533,2,392,117,275,6,0.015306122448979591,0.9846938775510204,1,"277,298,303,337,365,367",d7e3d6d4b8c83768979a1f0fd4c6e5f26f4970ef7b5f91a9cb608bb5185607db
pos_train_seq534_hmm_aug002,pos_train_seq534,2,440,152,288,16,0.03636363636363636,0.9636363636363636,1,"171,175,181,329,331,337,349,353,363,374,375,381,406,414,419,440",e227a7ee4c8f63d628fc29ad91196bb38952aeee8fb3d1e60e2240e25621e30e
pos_train_seq536_hmm_aug002,pos_train_seq536,2,377,318,59,17,0.04509283819628647,0.9549071618037135,1,"15,27,38,46,150,177,195,201,213,223,231,293,310,337,345,354,377",642430440c2add3debe530f36cbe33ed7c90b3b77d6d69d70f1253b0eac870ab
pos_train_seq538_hmm_aug002,pos_train_seq538,2,333,48,285,1,0.003003003003003003,0.996996996996997,1,277,a01afa02f42242d4cc86dc6f64c46295dd9e16cf8be530f6cb67aeb561a59e45
pos_train_seq540_hmm_aug002,pos_train_seq540,2,140,1,139,1,0.007142857142857143,0.9928571428571429,1,140,54024ea4d55f567cd483d695d0b4e5aeb959ad702ee4e141d005a01dd232aec5
pos_train_seq541_hmm_aug002,pos_train_seq541,2,156,78,78,3,0.019230769230769232,0.9807692307692307,1,"94,141,143",7a815a2b76bfa44d3e65a1a61e8e2e23087a71b702a622badcb5dbd1f45ba8a7
pos_train_seq543_hmm_aug002,pos_train_seq543,2,294,134,160,6,0.02040816326530612,0.9795918367346939,1,"19,24,51,103,109,282",9f6972ec44c2e72aafbb924541b2fc0355eb7a5f501c5891f8b4af0de3270fb3
pos_train_seq544_hmm_aug002,pos_train_seq544,2,398,163,235,4,0.010050251256281407,0.9899497487437185,1,"55,64,298,311",447cbf777d309a37f76975c0f70a290e4402907be259ea9564ca9db73487f060
pos_train_seq545_hmm_aug002,pos_train_seq545,2,359,348,11,16,0.04456824512534819,0.9554317548746518,1,"18,27,65,69,132,138,160,161,170,198,231,257,278,287,311,359",9b342427a7ad97f34d84b1b4e3edb50840a529dad4a717812f95f6da6279a506
pos_train_seq548_hmm_aug002,pos_train_seq548,2,108,76,32,1,0.009259259259259259,0.9907407407407407,1,30,9e62fa85f193caab43b5bae7f30090e6d6ac0ffdc217a4d0797c50543bfd90e5
pos_train_seq549_hmm_aug002,pos_train_seq549,2,331,7,324,1,0.0030211480362537764,0.9969788519637462,1,281,c90d4b777eec6e72339daeedcda50701a18a7e1d2e543f2e5d945abae59bb3d0
pos_train_seq550_hmm_aug002,pos_train_seq550,2,439,74,365,1,0.002277904328018223,0.9977220956719818,1,99,8c0b0d4d1e76fdf6bf7e9d1ccea668cd58628920f8652b422ab7771af9c87bb8
pos_train_seq551_hmm_aug002,pos_train_seq551,2,185,135,50,7,0.03783783783783784,0.9621621621621621,1,"58,61,94,104,119,134,147",a1cf0b7d54b95059c717c89f2fa7e411ac62a88e123639705176970209e3cb89
pos_train_seq552_hmm_aug002,pos_train_seq552,2,103,31,72,3,0.02912621359223301,0.970873786407767,1,"28,41,53",0a1a5c034ca9612c3617948eac00a3a2465f4330ab4e6cb09d995756d3627dae
pos_train_seq555_hmm_aug002,pos_train_seq555,2,111,38,73,2,0.018018018018018018,0.9819819819819819,1,"88,108",178dda4d61e8fa62e8d54a9a37d375134be2ad075d0870175a7a15279428afd8
pos_train_seq556_hmm_aug002,pos_train_seq556,2,181,121,60,6,0.03314917127071823,0.9668508287292817,1,"45,46,59,98,111,140",9db67fd67b0b74a6bbb2461fe5f3bc10af77802a813940924149947bad988b4b
pos_train_seq557_hmm_aug002,pos_train_seq557,2,450,415,35,17,0.03777777777777778,0.9622222222222222,1,"3,30,58,65,86,117,156,163,193,205,210,231,256,321,357,372,410",a59ccd1000d95e1404324b4959f6d9177a0b760972969514430791397d10a191
pos_train_seq558_hmm_aug002,pos_train_seq558,2,356,106,250,8,0.02247191011235955,0.9775280898876404,1,"28,39,40,44,65,74,106,110",e4c80c5e336f2be806023e9ebb83247cd48aa1f0b537d36dbba5589b8c85fcfc
pos_train_seq559_hmm_aug002,pos_train_seq559,2,303,255,48,15,0.04950495049504951,0.9504950495049505,1,"56,65,80,82,85,90,158,177,186,211,232,252,255,283,289",f6a485693e0b68b1ebd921cacce6a94515e6c180dfcbae6ba08c0d95363edad6
pos_train_seq560_hmm_aug002,pos_train_seq560,2,221,72,149,7,0.03167420814479638,0.9683257918552036,1,"15,22,23,45,68,70,81",65f18717bc3516d13d4ce48cc367d6a2ebd9a59b153263fb2920a7d3e3000126
pos_train_seq561_hmm_aug002,pos_train_seq561,2,280,141,139,10,0.03571428571428571,0.9642857142857143,1,"51,64,95,106,230,236,244,272,275,276",10563a7cd78b8951b57124c60f1021256a13869d66c95a36a1f3fa8bb6e78e38
pos_train_seq564_hmm_aug002,pos_train_seq564,2,338,63,275,4,0.011834319526627219,0.9881656804733728,1,"124,128,138,183",269dca49288e423f12ac5b244c166ec00559c21093c0dfbe95fbb53cb8ae4867
pos_train_seq566_hmm_aug002,pos_train_seq566,2,313,195,118,15,0.04792332268370607,0.952076677316294,1,"73,89,101,111,115,126,144,157,161,162,165,167,189,193,195",cf0c5391951de34e652478ccc6c4ca1b2ebdb925a14a600ebd6410b4df3b768d
pos_train_seq567_hmm_aug002,pos_train_seq567,2,478,87,391,5,0.010460251046025104,0.9895397489539749,1,"25,45,68,80,93",708940eaa11b3ca95b06756d44c200def25b198af902d1ff9533018b2f5889f5
pos_train_seq568_hmm_aug002,pos_train_seq568,2,390,47,343,1,0.002564102564102564,0.9974358974358974,1,137,3987df178f4b51fd75a8bb37e5ffb800b04d342d519f01c53f972e9a49eb8baf
pos_train_seq569_hmm_aug002,pos_train_seq569,2,332,332,0,19,0.0572289156626506,0.9427710843373494,1,"7,19,42,94,98,114,130,168,206,219,226,231,245,256,257,264,300,309,311",01797d6ca2b80541d5f9f5282765773664cfef019cd82b80c68e6d5ed52c015c
pos_train_seq570_hmm_aug002,pos_train_seq570,2,456,86,370,3,0.006578947368421052,0.993421052631579,1,"316,318,337",9ae010ec92201070737eea75d4cd8734ab7bdcd7411069631c9e0e311859bc32
pos_train_seq572_hmm_aug002,pos_train_seq572,2,160,157,3,6,0.0375,0.9625,1,"8,40,92,100,104,124",931ee74b5ca1197ff2613f57b6e9f328ce24e6fef56bbfb008c0d0c5e4ff4c03
pos_train_seq573_hmm_aug002,pos_train_seq573,2,265,131,134,4,0.01509433962264151,0.9849056603773585,1,"139,141,201,246",005f19f7cdc66e10c77149d0b80cacfa593d4137b6c0912afe1f7d92ea81ce9b
pos_train_seq574_hmm_aug002,pos_train_seq574,2,392,224,168,8,0.02040816326530612,0.9795918367346939,1,"23,46,89,94,121,133,246,251",a95409beaecfaca27f18319c4fb4d9ec1268c5b866e166406b9e5624d4264774
pos_train_seq576_hmm_aug002,pos_train_seq576,2,443,59,384,5,0.011286681715575621,0.9887133182844243,1,"27,286,295,344,348",9c4144f055757dd61c4b635aa26c0787ddd66941f17c2216e39e98155042b4d2
pos_train_seq577_hmm_aug002,pos_train_seq577,2,281,3,278,1,0.0035587188612099642,0.99644128113879,1,46,bcf433ba1816a5cb1b5b1e02b95b2ecb08fd0dd92cc3a3e7b981ace7966eefce
pos_train_seq579_hmm_aug002,pos_train_seq579,2,175,36,139,1,0.005714285714285714,0.9942857142857143,1,146,6104c5a240d64699bc7a122d8908aad3c84550ec333b77e8e7313d9f690d707b
pos_train_seq580_hmm_aug002,pos_train_seq580,2,501,408,93,25,0.0499001996007984,0.9500998003992016,1,"26,32,33,39,41,42,45,48,65,76,81,117,127,134,176,181,182,333,336,340,346,400,406,436,477",8eb2dcf636eb979e427458ac6d8913f329df16c4a9afa86859e746de9e858f74
pos_train_seq581_hmm_aug002,pos_train_seq581,2,313,155,158,10,0.03194888178913738,0.9680511182108626,1,"12,19,43,63,71,107,111,120,136,155",81c41d8e0549affacba1cc4e297af6c3ccf968e03d752dff2214433992658101
pos_train_seq582_hmm_aug002,pos_train_seq582,2,363,160,203,5,0.013774104683195593,0.9862258953168044,1,"27,172,336,345,353",a574e08badae84dd9c513077dae5c289abb2e92d8572810f431fa445dd46036d
pos_train_seq583_hmm_aug002,pos_train_seq583,2,407,153,254,3,0.007371007371007371,0.9926289926289926,1,"17,175,182",de5d7e412eee42e85f7d11f31ee2bfa2540bd7ef410e03c69044ecee913be333
pos_train_seq584_hmm_aug002,pos_train_seq584,2,133,119,14,6,0.045112781954887216,0.9548872180451128,1,"30,53,75,84,88,121",fe6b9472fef54e8d9babfa94ad5ec91fda602c75f20308010d9977c5fa800bc5
pos_train_seq585_hmm_aug002,pos_train_seq585,2,411,122,289,5,0.012165450121654502,0.9878345498783455,1,"232,252,305,331,355",0f082ec9171aecb16060a2faf9ebce879b61add2e9990adf3fdd9833bc6dc173
pos_train_seq587_hmm_aug002,pos_train_seq587,2,163,75,88,5,0.03067484662576687,0.9693251533742331,1,"16,26,40,49,81",20a91f4f1fe51eb0374feaf9fc2676f53bf49ef6f44b986bdc360ff3207c3d4d
pos_train_seq591_hmm_aug002,pos_train_seq591,2,444,254,190,12,0.02702702702702703,0.972972972972973,1,"189,222,224,243,267,300,307,347,354,385,416,430",0f7002a1255c8be10e22536e6769b116d4f2f7fe71a0242deda9ee5a09723a20
pos_train_seq0_hmm_aug003,pos_train_seq0,3,496,354,142,16,0.03225806451612903,0.967741935483871,1,"97,114,124,137,139,166,186,265,285,318,331,417,428,430,434,437",8597c9b106887ba1a87b13324adbf1fd01b106e3815b539424119401cee9bfbd
pos_train_seq1_hmm_aug003,pos_train_seq1,3,231,231,0,8,0.03463203463203463,0.9653679653679653,1,"14,52,119,138,180,182,198,218",999ff7b5df02299e909c7534c3acc207f3203081e9648accce361215ebaf8425
pos_train_seq2_hmm_aug003,pos_train_seq2,3,163,78,85,5,0.03067484662576687,0.9693251533742331,1,"10,25,29,81,87",613fff9c508fb6c1c0642c35a559707bad0c321cae9af1f56a1b87f297aea2fe
pos_train_seq3_hmm_aug003,pos_train_seq3,3,157,120,37,9,0.05732484076433121,0.9426751592356688,1,"24,64,99,112,133,134,138,146,147",70fa416eb044f1d5986f8feefcd66f59d0786380f67b6a81bd4ce557f9c490f2
pos_train_seq7_hmm_aug003,pos_train_seq7,3,480,148,332,12,0.025,0.975,1,"105,108,132,137,144,147,204,285,351,353,377,383",16b5167e54b5d4f265f5bd870f7b4b6e8ec323ec0072c678ddbe43b843b2d3a5
pos_train_seq8_hmm_aug003,pos_train_seq8,3,180,1,179,1,0.005555555555555556,0.9944444444444445,1,97,a6c1e8768ba43c3f8dc1a37ab085caf88b2b48d661351964705325bb4e99046e
pos_train_seq10_hmm_aug003,pos_train_seq10,3,474,318,156,12,0.02531645569620253,0.9746835443037974,1,"24,33,69,102,129,139,152,159,175,207,209,265",9f7d2c6604bf483a403d0992d860cf97cb1210481d78ed7edebda88e6b088b2a
pos_train_seq11_hmm_aug003,pos_train_seq11,3,378,159,219,9,0.023809523809523808,0.9761904761904762,1,"69,117,136,138,161,169,174,186,187",8ca75450e2559cf803aba836815cf1b9111c9ce65df0354d44648fc93d12b96f
pos_train_seq12_hmm_aug003,pos_train_seq12,3,359,6,353,1,0.002785515320334262,0.9972144846796658,1,180,5dca20fa80aacab25ee25636aee41f0928f98d3f7f911b2628a8fe3989c046d0
pos_train_seq14_hmm_aug003,pos_train_seq14,3,501,305,196,11,0.021956087824351298,0.9780439121756487,1,"61,81,86,101,151,152,179,195,240,300,336",ccc41981a8a60c7e8acf67580ed73e1720a3a6c8952e6217ac964d51e505cb71
pos_train_seq16_hmm_aug003,pos_train_seq16,3,461,210,251,13,0.028199566160520606,0.9718004338394794,1,"6,10,49,58,82,91,128,135,154,410,418,423,425",91823072441a1db6932489be8265bd3072ab8fbb52716ae0ba075490247ec253
pos_train_seq17_hmm_aug003,pos_train_seq17,3,280,124,156,6,0.02142857142857143,0.9785714285714285,1,"33,62,65,81,237,241",fb813a06ed64efc65c5f2d481c45b5696c91a41abc71fa2ee4c725684f6f8c01
pos_train_seq18_hmm_aug003,pos_train_seq18,3,184,171,13,11,0.059782608695652176,0.9402173913043478,1,"26,30,46,73,77,99,102,104,131,148,169",f1607a75f30010f24b3bcbf41b73885fa0867c605e2e70afc2ee8e9a4ad20164
pos_train_seq19_hmm_aug003,pos_train_seq19,3,501,305,196,17,0.033932135728542916,0.9660678642714571,1,"22,88,91,114,160,171,176,177,182,217,220,230,246,281,322,336,356",356c5413a3bf8ea607f8d5aa6d2aa0079263ed91f32f10e4d0932438225c232d
pos_train_seq24_hmm_aug003,pos_train_seq24,3,165,4,161,1,0.006060606060606061,0.9939393939393939,1,155,b8eaec6b0b8698b39012f51ba4ca931933387e30ec672af954a37ba578bb3fea
pos_train_seq25_hmm_aug003,pos_train_seq25,3,198,190,8,10,0.050505050505050504,0.9494949494949495,1,"25,70,88,98,103,139,153,177,192,193",1406f0e77066c9b4c30984c9dc6610a6c597d52606d8a217dcd2b9a42f393d07
pos_train_seq28_hmm_aug003,pos_train_seq28,3,391,312,79,12,0.030690537084398978,0.969309462915601,1,"32,39,44,53,104,134,140,246,247,272,294,308",e71b8d63cda6321b84858a959b8e25bb3a8334efecca6eb64aa2b61efbd73dc9
pos_train_seq29_hmm_aug003,pos_train_seq29,3,267,135,132,8,0.0299625468164794,0.9700374531835206,1,"22,88,106,116,123,137,158,162",7f78288ffa16fbd084d6e0ebd8433e8498e5d686cd078f2823568b38a6dabfff
pos_train_seq31_hmm_aug003,pos_train_seq31,3,388,18,370,2,0.005154639175257732,0.9948453608247423,1,"363,373",0794c9f69c02a94a574928c7aa9b90225e2e9846a02f7160d5e23db2022262f9
pos_train_seq32_hmm_aug003,pos_train_seq32,3,240,131,109,8,0.03333333333333333,0.9666666666666667,1,"86,102,105,149,166,184,198,212",38af0971a7d6cd7de53cba9b61e6b79549cbac479fdb66f816560fefe13bb4b9
pos_train_seq33_hmm_aug003,pos_train_seq33,3,495,493,2,31,0.06262626262626263,0.9373737373737374,1,"23,26,61,93,94,105,108,126,136,167,181,183,193,212,229,243,267,272,309,326,335,347,411,416,433,439,444,452,472,493,494",77344259aec7bba75aa4d746c770a18968b61d228c5a9004a1afe73bfe8b64c2
pos_train_seq34_hmm_aug003,pos_train_seq34,3,357,189,168,7,0.0196078431372549,0.9803921568627451,1,"26,36,51,76,266,285,340",e95832536b342f8e325490fbfa76d536ac14804d57d5316f080f88c31fbbad25
pos_train_seq35_hmm_aug003,pos_train_seq35,3,214,135,79,5,0.02336448598130841,0.9766355140186916,1,"74,84,145,152,184",335d4aba830274ea37c49f50667419b67e06b04a909d3159a3113ff96c21050b
pos_train_seq36_hmm_aug003,pos_train_seq36,3,412,405,7,23,0.055825242718446605,0.9441747572815534,1,"37,70,83,86,100,122,139,162,164,178,200,211,230,236,279,280,283,305,311,315,346,374,399",e1e523fa3f844ec5374766c813b8e26a8118830c97ffd06faa05ba8fc93bcd01
pos_train_seq37_hmm_aug003,pos_train_seq37,3,213,94,119,2,0.009389671361502348,0.9906103286384976,1,"49,189",f1402de16c2b9f18728d07f95a236ec77c89832676c87d3b934a34e5ee4386a9
pos_train_seq38_hmm_aug003,pos_train_seq38,3,352,148,204,6,0.017045454545454544,0.9829545454545454,1,"150,152,180,194,242,250",f8845c83a934fcb6d96ebccc0d4d69ac22ae37d0f2f8b50d7d4c37c1bd2a3b21
pos_train_seq39_hmm_aug003,pos_train_seq39,3,328,108,220,4,0.012195121951219513,0.9878048780487805,1,"95,129,276,319",304e5af4153d993b621a6c53b110136e9d94e94dafb328ddce9459d3c4c2d42d
pos_train_seq42_hmm_aug003,pos_train_seq42,3,387,240,147,10,0.025839793281653745,0.9741602067183462,1,"16,38,64,116,129,137,158,176,182,194",0b60c735baf0ea72dad9c764d3efa9940cebb530859b3ef7d9b9f83e75dc2c26
pos_train_seq44_hmm_aug003,pos_train_seq44,3,452,227,225,10,0.022123893805309734,0.9778761061946902,1,"254,278,309,311,385,387,414,432,442,450",61ab24b1ac06428810908e378c7ab05a4f7ebee483e826e808a25923762dd177
pos_train_seq45_hmm_aug003,pos_train_seq45,3,429,252,177,14,0.03263403263403263,0.9673659673659674,1,"20,29,34,35,36,39,178,189,205,207,209,278,293,328",9960cb61a8e5ccdf276600ff061cd4824e715d7d2f5057237adae08319d84c36
pos_train_seq46_hmm_aug003,pos_train_seq46,3,392,47,345,1,0.002551020408163265,0.9974489795918368,1,71,6436c98b2abe6fcd695b9f84628ea8161249ace5ca55848a9d89ab4804007e7c
pos_train_seq47_hmm_aug003,pos_train_seq47,3,127,126,1,9,0.07086614173228346,0.9291338582677166,1,"16,28,73,75,84,103,112,119,126",cb6c23f3298d5c494b81fb8e8053e8db77522551636e328872ebbbc819328789
pos_train_seq50_hmm_aug003,pos_train_seq50,3,343,145,198,7,0.02040816326530612,0.9795918367346939,1,"197,213,231,267,270,302,309",f444edc1d1d83cc334790eef14700bcccadd272c9ec3fc305173f25b48547b02
pos_train_seq51_hmm_aug003,pos_train_seq51,3,401,12,389,1,0.0024937655860349127,0.9975062344139651,1,313,57c3f23fd318b6793ab665f6aa3c0ce73c106019ba86588a7ef7ee02d736f83a
pos_train_seq52_hmm_aug003,pos_train_seq52,3,175,37,138,3,0.017142857142857144,0.9828571428571429,1,"140,156,160",aaa4e5ac22d4fd533fe60bba643e4fe71adacf46c559f90da67193c3b4a8ac78
pos_train_seq54_hmm_aug003,pos_train_seq54,3,376,282,94,18,0.047872340425531915,0.9521276595744681,1,"13,20,49,65,118,233,244,259,266,269,284,289,307,314,365,368,375,376",54211641a0dfc9be9a17208c62e4d7fc38799b3c50a63815a8433b8018e5d015
pos_train_seq55_hmm_aug003,pos_train_seq55,3,393,186,207,8,0.020356234096692113,0.9796437659033079,1,"116,129,164,166,178,193,198,279",6fbb1b9fd09dabbce8154e3c75b932c48d296df0929fbb79cfd63e7afcb9a0dd
pos_train_seq57_hmm_aug003,pos_train_seq57,3,246,35,211,1,0.0040650406504065045,0.9959349593495935,1,208,9e265bad01f71078ee088ff54b33554e2613c8a9fcf378bc1da72cb8f808cdab
pos_train_seq59_hmm_aug003,pos_train_seq59,3,185,137,48,7,0.03783783783783784,0.9621621621621621,1,"99,141,142,143,146,169,178",5b092643dd59048f1ac0062f6721ca77f08ae58c357ae563b132d4cd928254e0
pos_train_seq60_hmm_aug003,pos_train_seq60,3,341,304,37,17,0.04985337243401759,0.9501466275659824,1,"3,5,12,32,41,77,162,180,186,191,202,211,237,248,255,282,293",f331edb1a418069b7a81212f945370e50948b6db7d2faa3bf1fbcaf5fb2131db
pos_train_seq65_hmm_aug003,pos_train_seq65,3,341,271,70,17,0.04985337243401759,0.9501466275659824,1,"78,90,97,112,125,136,137,160,162,172,196,201,265,299,308,316,319",3c73a78ddfb1fd8d3a3998258d23381262426dbf95a0acfa327955e0285fe2fe
pos_train_seq66_hmm_aug003,pos_train_seq66,3,481,468,13,32,0.06652806652806653,0.9334719334719335,1,"43,48,65,66,69,86,92,96,121,136,182,215,226,243,244,247,296,311,325,347,362,367,369,392,397,420,428,431,455,464,468,477",ba74829a5c98f0d4d1d20ecd64d9dbbdc8d01faf62623e44748f270fa1b66504
pos_train_seq67_hmm_aug003,pos_train_seq67,3,326,314,12,11,0.03374233128834356,0.9662576687116564,1,"37,65,154,160,171,202,204,213,231,250,255",c9551b9853ec374cc36f6daf62fb45ab28512ede90c538163fdc58b03b885422
pos_train_seq68_hmm_aug003,pos_train_seq68,3,341,228,113,12,0.03519061583577713,0.9648093841642229,1,"51,68,71,91,98,100,116,255,287,296,305,340",10486860c7ba6839c714d9e8ca0b526d7cacc11f86320466f73a0fedeeb867d3
pos_train_seq69_hmm_aug003,pos_train_seq69,3,394,379,15,22,0.05583756345177665,0.9441624365482233,1,"43,61,64,88,99,106,140,142,148,176,179,226,229,260,268,274,275,282,288,352,389,393",d4a1455241b48846e5fe425d1a02308c755f2861ebdb6beb5062c6e9d50ba561
pos_train_seq70_hmm_aug003,pos_train_seq70,3,130,78,52,5,0.038461538461538464,0.9615384615384616,1,"43,58,73,92,109",bf850b90fc6c140604df34d2bc78a104f7685c4a41e4e5798adda1295d1e9a46
pos_train_seq73_hmm_aug003,pos_train_seq73,3,201,191,10,6,0.029850746268656716,0.9701492537313433,1,"26,99,127,145,153,190",4b13037902853305726344fbef7654bbebb3ac4989f34917ede28ffc799f24db
pos_train_seq75_hmm_aug003,pos_train_seq75,3,501,173,328,6,0.011976047904191617,0.9880239520958084,1,"24,38,57,72,122,127",f58e77c76d37f9c80a413d7d1b601df949df1cf25bd0cb454511bd94ecad43d6
pos_train_seq76_hmm_aug003,pos_train_seq76,3,183,123,60,10,0.0546448087431694,0.9453551912568307,1,"36,53,60,81,96,104,114,124,146,153",ee6d1181ef7f313ef7f2e5b89caf7d37f5bab03cba9247ca9d8321a94811bc27
pos_train_seq79_hmm_aug003,pos_train_seq79,3,178,157,21,5,0.028089887640449437,0.9719101123595506,1,"33,76,88,94,173",01558b4cb1352515997b54af8e92ca12227cff61ac983707eb08338bee074396
pos_train_seq80_hmm_aug003,pos_train_seq80,3,427,281,146,18,0.04215456674473068,0.9578454332552693,1,"136,157,164,178,200,227,229,250,257,259,269,291,297,380,385,388,408,422",6b3dc6cbd724e88365cd58ddb7a9bca83d9a2490b107d950181203201e28e46e
pos_train_seq82_hmm_aug003,pos_train_seq82,3,479,466,13,23,0.04801670146137787,0.9519832985386222,1,"19,49,109,156,166,172,177,191,195,198,203,204,207,226,232,331,353,374,405,423,431,458,467",ee31436b8df9276bc9a8db0aeb75000403f709f27e03d8358c60cab2fbb80afe
pos_train_seq86_hmm_aug003,pos_train_seq86,3,377,318,59,20,0.05305039787798409,0.946949602122016,1,"34,42,110,116,148,175,182,183,197,223,237,242,280,289,291,292,300,311,346,377",8c5d6ab56c29874cbfee48c7e4c413b8e2e7eb8576954fc50e741199459c94d6
pos_train_seq87_hmm_aug003,pos_train_seq87,3,321,199,122,11,0.03426791277258567,0.9657320872274143,1,"96,118,129,130,136,165,177,226,236,246,277",9bba1e79ea4aee66555bf6e20ba9f265f207900c6a29f143917dc7bfdd170daf
pos_train_seq89_hmm_aug003,pos_train_seq89,3,493,325,168,17,0.034482758620689655,0.9655172413793104,1,"62,112,144,186,210,236,243,260,267,274,302,308,333,343,358,363,369",38593d5ab99dc92e4cdc051b26b4e0dba829773ec70e3ffc41a481032a841fd9
pos_train_seq90_hmm_aug003,pos_train_seq90,3,435,229,206,11,0.02528735632183908,0.9747126436781609,1,"122,222,224,228,279,303,320,326,377,398,424",fafd7cd1a54e53f36175cb4dae233a6bea4c47f2014e1124e4325914d4d518cc
pos_train_seq91_hmm_aug003,pos_train_seq91,3,472,313,159,17,0.036016949152542374,0.9639830508474576,1,"12,13,32,33,60,61,70,102,143,159,165,172,295,321,323,338,357",0c1c34f2644e2cd599400cdfa7eef6d3a25f416121913efa2c92145d6b63ec98
pos_train_seq93_hmm_aug003,pos_train_seq93,3,316,127,189,9,0.028481012658227847,0.9715189873417721,1,"17,68,88,97,106,109,134,153,161",97d08986f4f4cda3ddfe546a9f953b2af63cb188f60a96b685f68e0724a6235b
pos_train_seq94_hmm_aug003,pos_train_seq94,3,422,246,176,8,0.018957345971563982,0.981042654028436,1,"42,62,96,161,167,174,195,356",63bdcaabbc04193f4c3c2d4b734adcbc1c9f3e5fb2ae2d4cd8922bb3a4635a05
pos_train_seq95_hmm_aug003,pos_train_seq95,3,341,168,173,11,0.03225806451612903,0.967741935483871,1,"5,33,39,41,49,113,134,135,144,160,166",09412270577c1e9f6ad2d3ddd52a1df48e0eb0c250315fda43de7d82c22849dc
pos_train_seq96_hmm_aug003,pos_train_seq96,3,336,214,122,6,0.017857142857142856,0.9821428571428571,1,"98,100,102,130,268,291",fea3fd35439b4f7ca9b230095a973f7adc89b3043b406acbe1ec02fd9fd3c757
pos_train_seq97_hmm_aug003,pos_train_seq97,3,191,117,74,3,0.015706806282722512,0.9842931937172775,1,"136,165,169",72ac1752956ad1457ed505bae3273354a8fb27d9863a5291f22c9186a32429a0
pos_train_seq98_hmm_aug003,pos_train_seq98,3,178,107,71,3,0.016853932584269662,0.9831460674157303,1,"123,128,175",319491d4d59204e0a5074a8f153958c68825077db322b980fe6d05a299746a7c
pos_train_seq99_hmm_aug003,pos_train_seq99,3,125,114,11,8,0.064,0.9359999999999999,1,"21,44,54,64,67,68,80,87",03d261c2a60d1f802d0d47205abf2f5b953010ab38aae3985cde66c9ca7ea777
pos_train_seq101_hmm_aug003,pos_train_seq101,3,297,210,87,14,0.04713804713804714,0.9528619528619529,1,"43,46,70,96,116,155,166,169,186,189,200,210,230,243",3b5a33aff4c46815530a7934d4b8ff855446ba14e1e1cfec3b93d7cf01dd7648
pos_train_seq103_hmm_aug003,pos_train_seq103,3,426,256,170,17,0.03990610328638498,0.960093896713615,1,"15,30,54,57,78,90,97,123,161,166,182,200,201,224,234,392,395",9bbc7f904156b1fd6aceb48c6a1d4be060e93243ba7a3ca4fb3f4888e296ad39
pos_train_seq104_hmm_aug003,pos_train_seq104,3,332,326,6,15,0.045180722891566265,0.9548192771084337,1,"7,70,76,107,120,172,177,179,209,253,266,305,313,325,327",d4dcdf3ba5431e152ba67234d50a6987341a6e68cfdd2caf38f085fbfa8a87c5
pos_train_seq105_hmm_aug003,pos_train_seq105,3,380,78,302,3,0.007894736842105263,0.9921052631578947,1,"297,298,364",4dac3c936b9d98da043390f8fb73fd831c79f1007dc7b1dbe7ca7c15be019a61
pos_train_seq106_hmm_aug003,pos_train_seq106,3,320,156,164,6,0.01875,0.98125,1,"37,62,72,99,172,181",d51b69e05545555dc96877faacc22bb034e0e58b9f86fc00c48398f39236b556
pos_train_seq107_hmm_aug003,pos_train_seq107,3,219,162,57,11,0.0502283105022831,0.9497716894977168,1,"17,37,48,57,86,117,120,134,142,149,157",6aa820975a03f4ec13218705ab2d0b4659ac1f3f922dcd50db5b39c82ffeb061
pos_train_seq108_hmm_aug003,pos_train_seq108,3,189,181,8,12,0.06349206349206349,0.9365079365079365,1,"39,59,66,79,96,98,116,139,161,165,174,189",ad8d2d2d6d5743da3b498bfc44be9c8176be444d227e6d60cfaab295b80ff8ab
pos_train_seq109_hmm_aug003,pos_train_seq109,3,244,75,169,6,0.02459016393442623,0.9754098360655737,1,"73,87,120,121,125,136",531d44aab14193bc534d3081ec40eee73d82bee264004fad54bc69c1ea483076
pos_train_seq112_hmm_aug003,pos_train_seq112,3,194,36,158,1,0.005154639175257732,0.9948453608247423,1,56,3b59f8ea0f6fb8703bfb249571e7de4bc41ad9db76683fcf93d30929599aa1f4
pos_train_seq113_hmm_aug003,pos_train_seq113,3,427,344,83,18,0.04215456674473068,0.9578454332552693,1,"20,24,26,56,75,102,202,238,250,271,322,334,338,367,373,377,378,417",1cb8c9892b6ba34f34c70f151fde8f4a9a3914247fc38b1a8191c309a4307d2f
pos_train_seq116_hmm_aug003,pos_train_seq116,3,272,267,5,13,0.04779411764705882,0.9522058823529411,1,"42,45,50,88,99,119,164,202,215,217,234,239,252",9ae969bbac324e60f976873c6b136c99e931fff796f411b8bab7f7224653588e
pos_train_seq118_hmm_aug003,pos_train_seq118,3,339,177,162,5,0.014749262536873156,0.9852507374631269,1,"194,199,227,251,294",3de41de71b318065e40974f8e8e48b8dcd012a3160e32262d4f9b8439017baf8
pos_train_seq119_hmm_aug003,pos_train_seq119,3,471,157,314,13,0.027600849256900213,0.9723991507430998,1,"73,99,111,123,148,161,164,168,173,195,201,217,220",e02a5d4de8ede59490e7563c6dec617b840127f717d27ac75c917b69e85c18f2
pos_train_seq121_hmm_aug003,pos_train_seq121,3,172,131,41,10,0.05813953488372093,0.9418604651162791,1,"37,55,57,77,84,96,117,128,138,147",0ee942f3c56c0a704dc0bbcb48702c03d80af7fba348b3f2837c2bf49147ce41
pos_train_seq122_hmm_aug003,pos_train_seq122,3,175,157,18,6,0.03428571428571429,0.9657142857142857,1,"25,30,106,146,159,168",aaaad4123dc2fc51d39791f682f2bdbff2247fbf857186e8ddfd1af58713365b
pos_train_seq123_hmm_aug003,pos_train_seq123,3,175,37,138,1,0.005714285714285714,0.9942857142857143,1,153,25c1693b064b7e61e7e6e1723abdfe8b88c816ac77726f3a97d3a8a8ef036978
pos_train_seq124_hmm_aug003,pos_train_seq124,3,375,285,90,15,0.04,0.96,1,"30,75,81,90,99,110,111,114,202,249,254,257,269,286,305",7ed22d619dc3cb55d2dd3110566e5f6dbaa58793f20fa8cbed2b80e940003fae
pos_train_seq126_hmm_aug003,pos_train_seq126,3,196,188,8,8,0.04081632653061224,0.9591836734693877,1,"24,96,121,124,127,143,163,174",029df974078639dc062a6fe880dd66e4488cadb05aba77b0840b2bc4edacaaf6
pos_train_seq127_hmm_aug003,pos_train_seq127,3,454,363,91,16,0.03524229074889868,0.9647577092511013,1,"113,125,133,167,197,205,220,227,249,259,275,293,296,346,365,393",28c17e32e1544bd09965dca23e1c97ef1bdd8a29d8ba662d227e91faa963b035
pos_train_seq129_hmm_aug003,pos_train_seq129,3,385,19,366,1,0.0025974025974025974,0.9974025974025974,1,322,3c8a9d67beaaa29737bdd7a3ff73dd563426974a16528159f3f3486cd9dcec0f
pos_train_seq130_hmm_aug003,pos_train_seq130,3,307,47,260,4,0.013029315960912053,0.9869706840390879,1,"163,185,199,219",d892884e7bf6fa344873bc29b5df026ffe2e9b78db28d3599229c1382756b5d7
pos_train_seq132_hmm_aug003,pos_train_seq132,3,241,59,182,1,0.004149377593360996,0.995850622406639,1,190,b85c9ef47a55c2107596829a4ded8b1e572029a7ba7cdb4522d43fc042ec86c3
pos_train_seq133_hmm_aug003,pos_train_seq133,3,284,83,201,2,0.007042253521126761,0.9929577464788732,1,"88,144",e1962c4cc9f405df9da6e4a101f2924ed66b3b7610fc00a339eae246ab0e7d70
pos_train_seq135_hmm_aug003,pos_train_seq135,3,185,73,112,4,0.021621621621621623,0.9783783783783784,1,"28,60,152,165",474bbba99868faf04cbbf730c4bcf9391999b3bab677281f4995e0d870b3e8d2
pos_train_seq137_hmm_aug003,pos_train_seq137,3,435,239,196,14,0.03218390804597701,0.967816091954023,1,"15,35,52,105,109,110,144,151,152,181,202,218,231,234",9b7c939fa4e880d6cb94a27ce722446bbfd3702281ebfb212863bf40646ea6c4
pos_train_seq138_hmm_aug003,pos_train_seq138,3,452,88,364,2,0.004424778761061947,0.995575221238938,1,"24,29",28ad00a9f45989f53806c39f3f3180a9cdff76ecc0d72aa42f74eabe158f10ff
pos_train_seq139_hmm_aug003,pos_train_seq139,3,297,179,118,10,0.03367003367003367,0.9663299663299664,1,"79,111,116,118,121,132,215,254,261,274",2ea108f6a97c39e89bf7e535490a590ddd8d9bf718f88c81eb2a57a653eef126
pos_train_seq140_hmm_aug003,pos_train_seq140,3,414,249,165,12,0.028985507246376812,0.9710144927536232,1,"44,67,96,101,130,131,138,157,177,197,250,262",07ab6256a2b42a6961b63f138d62cd67eea3cfd742e2136c9a33642656eb25c0
pos_train_seq143_hmm_aug003,pos_train_seq143,3,454,373,81,20,0.04405286343612335,0.9559471365638766,1,"32,36,46,58,59,63,73,82,98,107,123,137,170,175,198,322,329,344,387,389",ae1ceb85facf333486c9cae94b92d6d46f35aadde4b382f1288d8a21a9444a5d
pos_train_seq144_hmm_aug003,pos_train_seq144,3,437,99,338,8,0.018306636155606407,0.9816933638443935,1,"92,95,99,102,115,169,174,177",ce6f7d242c5b2791671f75a3ffd17a3fa15a11cd2d1205241b4990cd11f2b85c
pos_train_seq145_hmm_aug003,pos_train_seq145,3,441,4,437,1,0.0022675736961451248,0.9977324263038548,1,351,5384cac39aac0f04939cd47a9601be18384df17ef7ec4b75127d75ff6405c9f8
pos_train_seq146_hmm_aug003,pos_train_seq146,3,196,39,157,1,0.00510204081632653,0.9948979591836735,1,93,aaa0d373616ed73d200ed059078c454f24030da0ac03a1fee62d2c29f675c79c
pos_train_seq148_hmm_aug003,pos_train_seq148,3,475,327,148,20,0.042105263157894736,0.9578947368421052,1,"162,169,170,174,192,214,255,257,269,278,302,316,324,344,359,396,397,416,453,457",7ff804df767c6343121260b97635c01638ee334a92e086850f793e1bc1538696
pos_train_seq151_hmm_aug003,pos_train_seq151,3,414,360,54,20,0.04830917874396135,0.9516908212560387,1,"61,72,80,191,193,194,208,216,219,223,227,228,237,239,250,253,267,344,376,403",952d4f686c2c6b7e9542e9b02cf72f46f5fef2a9d197a44e31baf113f4abce2e
pos_train_seq153_hmm_aug003,pos_train_seq153,3,163,75,88,1,0.006134969325153374,0.9938650306748467,1,45,9897dc364e9fbb21365ff0362c795371258fc45773647fd5ad805a2008b3724b
pos_train_seq155_hmm_aug003,pos_train_seq155,3,471,138,333,7,0.014861995753715499,0.9851380042462845,1,"27,33,34,46,49,70,133",09a737a1c4473b386a7e087e48024992905d8ca4bf314a1ea387500578a268eb
pos_train_seq157_hmm_aug003,pos_train_seq157,3,268,245,23,17,0.06343283582089553,0.9365671641791045,1,"24,29,52,57,70,103,106,118,194,209,211,236,245,249,250,263,266",cc92d417beff08b2b0dab32ca29b465832a7b9e8a65826c46cafea41becb8003
pos_train_seq158_hmm_aug003,pos_train_seq158,3,214,189,25,12,0.056074766355140186,0.9439252336448598,1,"14,23,24,62,79,80,88,98,172,182,185,203",1bf26a4e0e27b3d34fe9e61e8d5612b13715c203c5bfcc9e71c611f2a09bf7ab
pos_train_seq160_hmm_aug003,pos_train_seq160,3,311,155,156,4,0.012861736334405145,0.9871382636655949,1,"49,102,125,131",05b049f9c54429f25b492e925dd10fbda969c332d4d1940009af7ebcf2108405
pos_train_seq161_hmm_aug003,pos_train_seq161,3,501,84,417,5,0.00998003992015968,0.9900199600798403,1,"291,323,330,347,355",aa93ae00f73cd11e71606d71ce7afae8fb15b536c2fc17448b4030d20d3a623f
pos_train_seq163_hmm_aug003,pos_train_seq163,3,163,72,91,6,0.03680981595092025,0.9631901840490797,1,"19,41,62,68,72,83",3e7a0792a6184f00c6d3c934c8654c5977ffc823b26898b772b9bc5b5c0fda01
pos_train_seq165_hmm_aug003,pos_train_seq165,3,457,403,54,23,0.05032822757111598,0.949671772428884,1,"37,92,93,98,125,151,158,171,195,216,233,235,243,254,261,273,294,322,402,411,418,427,457",7f325718d47ffb3eb020e584a8de5b452748642efce5bb7f1fb70dc6ab9b40be
pos_train_seq166_hmm_aug003,pos_train_seq166,3,178,165,13,9,0.05056179775280899,0.949438202247191,1,"27,30,41,46,67,88,134,137,147",fafd07f98f9fc5e68f17385066183cfe4a51fa77f7899574d3aec21a0fe7ba2b
pos_train_seq169_hmm_aug003,pos_train_seq169,3,130,23,107,1,0.007692307692307693,0.9923076923076923,1,76,a9774613f8e11811f17abacdbbb5bb0719d3e52b07dbec76488184ee77cdd990
pos_train_seq171_hmm_aug003,pos_train_seq171,3,69,5,64,1,0.014492753623188406,0.9855072463768116,1,39,2c9978f8c14867c4ea217e1af028c6b448574175f71c5b2b8ee4a716c068bdbe
pos_train_seq173_hmm_aug003,pos_train_seq173,3,431,258,173,19,0.04408352668213457,0.9559164733178654,1,"1,15,50,53,64,70,71,72,81,86,113,121,134,150,200,209,222,252,256",8ead4a3b7cdc7c1362419f531d2687271a687be1574f5720968129d1b5e7c709
pos_train_seq174_hmm_aug003,pos_train_seq174,3,453,50,403,6,0.013245033112582781,0.9867549668874173,1,"20,22,40,103,105,108",a5eba6b7de8ccb5c71328a4244ffc5f7369cd896d2a359067ad68bd2f639448a
pos_train_seq176_hmm_aug003,pos_train_seq176,3,175,37,138,1,0.005714285714285714,0.9942857142857143,1,155,33d3b6d369c7b62d54e0e4cb3317749a8dec7ce83150c8f9a15b7f8213ec6050
pos_train_seq178_hmm_aug003,pos_train_seq178,3,321,1,320,1,0.003115264797507788,0.9968847352024922,1,321,607e0c1b7051fb7099f877012d05f921d8bcd556dfd64eb28f692f528d603181
pos_train_seq179_hmm_aug003,pos_train_seq179,3,134,7,127,1,0.007462686567164179,0.9925373134328358,1,25,ed217f45e5a348ec44ab8ecf82d5ae96b2efd4a5d77b3fe119728961b8a0212e
pos_train_seq180_hmm_aug003,pos_train_seq180,3,405,23,382,1,0.0024691358024691358,0.9975308641975309,1,42,d1726d3a28a1aa220ca030dcaf1b49563fb827d4e542c44ac576c42073f149a5
pos_train_seq181_hmm_aug003,pos_train_seq181,3,175,36,139,3,0.017142857142857144,0.9828571428571429,1,"139,151,159",11fc682c808b5d647365f5411769e1de4c72afc10ac0d8f010ddc7c53ff16e1f
pos_train_seq183_hmm_aug003,pos_train_seq183,3,412,411,1,24,0.05825242718446602,0.941747572815534,1,"10,19,30,37,45,106,130,141,167,179,191,211,213,222,224,231,233,234,261,266,336,362,392,408",bb99107c2e31d081394a82ed472eceb3705139faf47cf064b2a3026cae6fc897
pos_train_seq184_hmm_aug003,pos_train_seq184,3,158,145,13,4,0.02531645569620253,0.9746835443037974,1,"42,80,94,145",2f1bad57af393d245fc1afbbef2e7c7cf5a93aed89cb42448dd8f3426381c09c
pos_train_seq185_hmm_aug003,pos_train_seq185,3,494,236,258,11,0.022267206477732792,0.9777327935222672,1,"5,16,58,70,96,108,136,170,176,180,213",1752d1fe3244139eb656177a689893e9b9378cd921f66a0e37b58bbb76e61622
pos_train_seq186_hmm_aug003,pos_train_seq186,3,240,1,239,1,0.004166666666666667,0.9958333333333333,1,1,6009b8a98eb91db1c5105315db78d582f5c77a68b3754accd4c5cf67fce0d07a
pos_train_seq187_hmm_aug003,pos_train_seq187,3,136,106,30,4,0.029411764705882353,0.9705882352941176,1,"46,64,108,119",b7a578fecd539f4cf521360e2a596128673df9633aca6902feeab219d31c3986
pos_train_seq188_hmm_aug003,pos_train_seq188,3,326,211,115,11,0.03374233128834356,0.9662576687116564,1,"32,46,101,109,162,176,200,204,249,258,287",da8efdd46fa05dff5b1beadd4251bccceffabdad0b6bec711b8570875967ee18
pos_train_seq189_hmm_aug003,pos_train_seq189,3,180,158,22,3,0.016666666666666666,0.9833333333333333,1,"73,134,164",a9fdb7f8f7816b2e06973d4291988d95d07682897e37aa1964a9c2febd12ac25
pos_train_seq190_hmm_aug003,pos_train_seq190,3,255,239,16,14,0.054901960784313725,0.9450980392156862,1,"22,58,74,114,121,144,148,150,155,160,188,191,215,218",cba2a742b19d33d95e88ef5ff30e547082db1e3cbe8507d981e7351c01206aa9
pos_train_seq191_hmm_aug003,pos_train_seq191,3,175,36,139,2,0.011428571428571429,0.9885714285714285,1,"2,145",9d7420c266bdd92ccc5c9afb74fe09567676bb61fe2ef66649c15bab97802d28
pos_train_seq193_hmm_aug003,pos_train_seq193,3,213,136,77,6,0.028169014084507043,0.971830985915493,1,"78,84,102,180,183,195",b1914a923532b327ef9d4989180bbee4f274adac5028fd218573ecb52ec99201
pos_train_seq195_hmm_aug003,pos_train_seq195,3,483,372,111,13,0.026915113871635612,0.9730848861283644,1,"124,148,177,206,224,225,234,235,288,358,374,427,440",bf22c5bdcf29219f7b4df9377b10b4786d3782417ca889299fd28a2f939c5d58
pos_train_seq197_hmm_aug003,pos_train_seq197,3,373,9,364,2,0.005361930294906166,0.9946380697050938,1,"366,367",f4d43ba395f932fb3dc51f8bbfe29176eb34c17db4d25e1d10ae430fe0c2d4be
pos_train_seq199_hmm_aug003,pos_train_seq199,3,25,7,18,1,0.04,0.96,1,2,bdd447750cc329476e7f0c8c232e17301cf100541a57ea1cc6c042a4521a9647
pos_train_seq200_hmm_aug003,pos_train_seq200,3,317,317,0,11,0.03470031545741325,0.9652996845425867,1,"29,73,86,107,184,204,211,225,266,271,296",3d78324d5c134f299d5efb30ddf24b3906b07e04f9119b84d4b9ea3819c14978
pos_train_seq201_hmm_aug003,pos_train_seq201,3,403,288,115,9,0.022332506203473945,0.9776674937965261,1,"159,192,249,270,299,300,316,350,391",6f05c8391a0762a2a103d232d0178d9935d6c9cd779f4c7225dd04b5ba5543a7
pos_train_seq203_hmm_aug003,pos_train_seq203,3,480,82,398,5,0.010416666666666666,0.9895833333333334,1,"301,318,319,363,384",21725ccf8f7537cba1f5cf27e2276f32b9c13c0809d0ef94fcc7a9365ed6bf65
pos_train_seq204_hmm_aug003,pos_train_seq204,3,507,351,156,20,0.03944773175542406,0.960552268244576,1,"170,186,195,209,215,218,221,250,277,294,303,355,385,405,427,455,457,462,504,505",3bbafe346781ff89bbfb90574a4f6872405658e9c4707ca0f1f083894530919c
pos_train_seq206_hmm_aug003,pos_train_seq206,3,101,33,68,1,0.009900990099009901,0.9900990099009901,1,57,ca955463ed0e0ee0f7eb173b5e90ddde40cfe8b6d9363f2869dc2fe9599063a0
pos_train_seq207_hmm_aug003,pos_train_seq207,3,509,322,187,15,0.029469548133595286,0.9705304518664047,1,"1,5,34,88,99,160,172,198,210,224,229,360,361,375,477",17b7f2aaf1a83b47f0be0a204ff03eced77cbca4031669ecf2bf23beb79de0d1
pos_train_seq208_hmm_aug003,pos_train_seq208,3,224,201,23,11,0.049107142857142856,0.9508928571428571,1,"12,21,33,65,92,122,125,147,174,176,195",4eee4651212091b189e0848d33e81290b8a4cbe59350344933f2f3d0aed783c9
pos_train_seq209_hmm_aug003,pos_train_seq209,3,501,305,196,13,0.02594810379241517,0.9740518962075848,1,"62,85,96,107,123,172,197,255,282,297,309,349,352",e34e665e431159ae915c5b04e014fdc9f7fa0fce7a0fe969b438dbcea0aab82f
pos_train_seq210_hmm_aug003,pos_train_seq210,3,239,239,0,13,0.05439330543933055,0.9456066945606695,1,"9,12,44,96,98,108,110,113,120,159,173,202,213",8059cfbad225061c774eaf4807b45fb3f56a7c6dbb573cb2a7022efd98391783
pos_train_seq211_hmm_aug003,pos_train_seq211,3,406,29,377,3,0.007389162561576354,0.9926108374384236,1,"1,7,17",5cf320ab2f271b27e6a944326f6c8ed560ba460e29628484fc03f1a0af90969a
pos_train_seq212_hmm_aug003,pos_train_seq212,3,175,37,138,2,0.011428571428571429,0.9885714285714285,1,"142,163",c29856153551af0077eacc20f8e8e8f809cb6265204e7ea4918dad8619bd6797
pos_train_seq213_hmm_aug003,pos_train_seq213,3,361,124,237,5,0.013850415512465374,0.9861495844875346,1,"241,253,259,265,322",aaef5f02326428b8053cffbafc55913496b19f48da46808aec2e0aef3db4a147
pos_train_seq215_hmm_aug003,pos_train_seq215,3,475,473,2,20,0.042105263157894736,0.9578947368421052,1,"11,42,49,51,75,91,101,111,126,170,185,229,230,258,282,288,343,374,414,446",2c9f2cf6833d5f9fb45f43c48e4c8874211c7e5e7081d3e23c5e0dadea5ebf55
pos_train_seq216_hmm_aug003,pos_train_seq216,3,419,138,281,6,0.014319809069212411,0.9856801909307876,1,"101,112,148,163,310,337",f040ccded94551ad49f974f3c7f7d0585f22339f039cb7ead38d26ba80a2470b
pos_train_seq217_hmm_aug003,pos_train_seq217,3,91,88,3,3,0.03296703296703297,0.967032967032967,1,"16,42,55",77560ca520a093d9736129f1bac44d914c52facdb3dd57963e08d2aac497cdae
pos_train_seq218_hmm_aug003,pos_train_seq218,3,503,246,257,17,0.033797216699801194,0.9662027833001988,1,"38,262,300,305,316,357,359,367,368,371,382,385,392,405,419,431,446",fb635829b151fa891fbf050ef6ae788784213f1aa964f7c49d87e8d8091f64c3
pos_train_seq219_hmm_aug003,pos_train_seq219,3,111,104,7,4,0.036036036036036036,0.963963963963964,1,"18,30,88,109",3ec14ec16c73bd9eceec285ac79ea964af6d5ae9096e03a3df84cdbf10b197ed
pos_train_seq220_hmm_aug003,pos_train_seq220,3,361,2,359,1,0.002770083102493075,0.997229916897507,1,272,041ec7fc836b360e508cf6b671bbc26bd30fb39641dacac7d646d49ed7b697aa
pos_train_seq221_hmm_aug003,pos_train_seq221,3,175,37,138,5,0.02857142857142857,0.9714285714285714,1,"1,136,140,152,153",6007b7c4ced17b74f382bc822fd4e14c7a94f3628f71a58ae1f389966c816dde
pos_train_seq222_hmm_aug003,pos_train_seq222,3,440,212,228,5,0.011363636363636364,0.9886363636363636,1,"1,95,153,174,402",272e86c40260a044cffdd767c71a699e035097106f2fe7615f809d610041c180
pos_train_seq223_hmm_aug003,pos_train_seq223,3,338,303,35,15,0.04437869822485207,0.9556213017751479,1,"28,43,58,133,138,140,175,190,207,224,245,251,252,265,293",ba4c2619e9c6f1f09000ed273c5ada1959763e77edcd4a693ebedf453740101c
pos_train_seq228_hmm_aug003,pos_train_seq228,3,223,38,185,1,0.004484304932735426,0.9955156950672646,1,119,3d0f52bf468f081aa0137faf279e19f34e2ccb4d36d801face1b04c75d80b750
pos_train_seq229_hmm_aug003,pos_train_seq229,3,320,154,166,9,0.028125,0.971875,1,"19,44,68,93,98,114,141,161,172",49493f7215229c5b08c2ef04fbb7ef7e6cb2fc63e7c5025541f329dc19563e44
pos_train_seq231_hmm_aug003,pos_train_seq231,3,375,98,277,7,0.018666666666666668,0.9813333333333333,1,"252,268,270,279,295,307,324",1bfba9154f2438e1729f6aaed9fb2baa67e22da7b232901303afa6e10dff34b6
pos_train_seq233_hmm_aug003,pos_train_seq233,3,281,253,28,18,0.06405693950177936,0.9359430604982206,1,"32,62,63,105,110,113,117,133,135,172,196,227,231,245,249,257,275,280",fa0be07f29989bfac1e8def82b4378fa9b9eb90c9d57c38226e93ec6a156d6fd
pos_train_seq234_hmm_aug003,pos_train_seq234,3,472,175,297,10,0.0211864406779661,0.978813559322034,1,"275,293,323,349,352,359,397,399,441,463",e4bbec7dfc35334d5dd9db019731946d6d1d17c6df587b7b3bc50ec0b661f93a
pos_train_seq236_hmm_aug003,pos_train_seq236,3,453,219,234,11,0.024282560706401765,0.9757174392935982,1,"77,88,131,138,196,200,202,350,370,377,406",b2d2ef5274853dbc89fc84dc3b8ed3475c94df43fa764ba5daf0e09466cd7e2e
pos_train_seq238_hmm_aug003,pos_train_seq238,3,158,1,157,1,0.006329113924050633,0.9936708860759493,1,148,c322f81f6929ef1cd5c4a55cde5e9c78da87f46ba20106ce8b1f8fda2ad71fb7
pos_train_seq239_hmm_aug003,pos_train_seq239,3,502,140,362,6,0.01195219123505976,0.9880478087649402,1,"53,64,83,90,95,108",0623ab56632f91c2bb0d5bcc548017eee22a3cb11c62004ee5e599c6572a7d0f
pos_train_seq240_hmm_aug003,pos_train_seq240,3,341,168,173,5,0.01466275659824047,0.9853372434017595,1,"16,28,46,114,143",cdd7b20842b020c8543014c514eee12a03a9fb03e1f1d50b9273451be888cd05
pos_train_seq243_hmm_aug003,pos_train_seq243,3,382,6,376,1,0.002617801047120419,0.9973821989528796,1,259,8e15b83a55ef20413a93c9c77168cfcaf4fb9823d6da3ba205708d2508507e13
pos_train_seq244_hmm_aug003,pos_train_seq244,3,500,359,141,20,0.04,0.96,1,"36,88,99,163,164,165,171,172,175,181,193,209,267,282,311,318,354,362,374,379",b1a9a292b52e884b42cd3809e5a734094a69aa873d3cac0704093fbb1e9894f4
pos_train_seq246_hmm_aug003,pos_train_seq246,3,88,41,47,1,0.011363636363636364,0.9886363636363636,1,60,6c2871f5682a40f2b216ae577d8b32d5c620da2faf513dc081f0d64bab88a597
pos_train_seq247_hmm_aug003,pos_train_seq247,3,184,171,13,11,0.059782608695652176,0.9402173913043478,1,"18,25,37,60,63,101,129,131,168,178,183",44d7f15c2dc8fd04aa22064ec1536009669b4a9115cd789df3ca12b7e61e71ee
pos_train_seq248_hmm_aug003,pos_train_seq248,3,449,299,150,10,0.022271714922048998,0.977728285077951,1,"21,42,61,76,115,120,125,195,202,449",cbe6f131464f3d312339ee275aeb6a460ccc7c9d70d50929ec917c2463a8213b
pos_train_seq249_hmm_aug003,pos_train_seq249,3,184,171,13,12,0.06521739130434782,0.9347826086956522,1,"17,33,43,45,49,54,91,109,116,125,176,181",4c6c3dfc9448c54d2ed24161503e1bf1ae065e9d21c6d486a2859a18de4daaa8
pos_train_seq250_hmm_aug003,pos_train_seq250,3,462,293,169,16,0.03463203463203463,0.9653679653679653,1,"116,128,146,215,243,266,270,288,308,351,357,359,397,400,407,408",01df9f44d2c86f6a4ac16a1aecbee51b956599ee0fdc024c37f3d3eea85638bf
pos_train_seq251_hmm_aug003,pos_train_seq251,3,482,211,271,11,0.022821576763485476,0.9771784232365145,1,"13,36,41,59,86,90,375,391,394,403,406",31f8f3401333c64fc07bb33327be586d4aa099234b9abb9ce9f0f56ea7a9f0d3
pos_train_seq254_hmm_aug003,pos_train_seq254,3,411,155,256,8,0.019464720194647202,0.9805352798053528,1,"25,39,50,106,111,118,133,169",872201ddeb8608fd3074e23160d3d3f02126bf0ca8cea7d34474f2a366b58843
pos_train_seq257_hmm_aug003,pos_train_seq257,3,294,75,219,2,0.006802721088435374,0.9931972789115646,1,"45,134",205bb82251fcd6b9f35b6a5f05ca5a208784ab8a81b0b809d5dcbf57ce110e88
pos_train_seq258_hmm_aug003,pos_train_seq258,3,191,118,73,1,0.005235602094240838,0.9947643979057592,1,165,591f0944b098bc5b0cfb12430b3c8aaa0026f9ae6abcb5367a567ee1b0305ced
pos_train_seq259_hmm_aug003,pos_train_seq259,3,409,7,402,2,0.004889975550122249,0.9951100244498777,1,"395,396",63717e99fb580ed2e4408b34eda16c2786f36f658a89339f0a9c52b5e1004184
pos_train_seq260_hmm_aug003,pos_train_seq260,3,460,289,171,18,0.0391304347826087,0.9608695652173913,1,"135,162,167,186,188,189,195,199,204,205,207,256,271,330,338,374,385,398",aeb05c1e772870707e0e54b2dae96f35a013b0f7235adc4725e28de654d816ea
pos_train_seq261_hmm_aug003,pos_train_seq261,3,244,34,210,1,0.004098360655737705,0.9959016393442623,1,89,70fd3a973d1fee06ab2acaaf5c965f0b49d9e8ceb0061b4858f8fc7f46cd100d
pos_train_seq262_hmm_aug003,pos_train_seq262,3,184,158,26,7,0.03804347826086957,0.9619565217391304,1,"71,85,87,110,154,174,177",6ec187d7794fd73303eb7d853d10e5d5899ae1409225a875d3a90df0337cd43d
pos_train_seq264_hmm_aug003,pos_train_seq264,3,106,51,55,3,0.02830188679245283,0.9716981132075472,1,"58,65,71",40b932904f61a7116c33cd3dc52041a8df663529a55c72107bb29758c60ca03b
pos_train_seq267_hmm_aug003,pos_train_seq267,3,456,273,183,10,0.021929824561403508,0.9780701754385965,1,"131,144,151,158,206,250,258,261,351,374",6db3036f8304f616bb7634fe49664a559c6d9f7d0dd616f85242c689ff72621c
pos_train_seq268_hmm_aug003,pos_train_seq268,3,379,315,64,13,0.03430079155672823,0.9656992084432717,1,"36,41,84,90,114,123,162,166,176,192,211,274,333",a889ba1e3339d0746abed001380321c12e2b9186a5d2a4990c60f505cf76d3c4
pos_train_seq269_hmm_aug003,pos_train_seq269,3,396,375,21,16,0.04040404040404041,0.9595959595959596,1,"83,138,168,170,177,180,186,195,226,245,309,314,347,372,376,390",aa422b661e11456bffed0e7f154461a24b73eeedadd8effe15facbb8ba4f2dfe
pos_train_seq273_hmm_aug003,pos_train_seq273,3,341,182,159,15,0.04398826979472141,0.9560117302052786,1,"40,42,47,48,62,71,74,119,123,133,155,163,186,218,220",c00a12e84254c94526d121c0be9c28a6c6591c749dbb586287b3716480fba4e4
pos_train_seq274_hmm_aug003,pos_train_seq274,3,163,54,109,5,0.03067484662576687,0.9693251533742331,1,"31,35,40,48,55",686d749ed9eba46648d75ff5e4cde14e32a1c80e0d9d9cb95a49dc6248bae75c
pos_train_seq276_hmm_aug003,pos_train_seq276,3,250,132,118,4,0.016,0.984,1,"121,124,182,195",6544e98c129589692657d9927dbf8369205c35ae7f3c7dad35f44f2f8754810a
pos_train_seq277_hmm_aug003,pos_train_seq277,3,177,102,75,5,0.02824858757062147,0.9717514124293786,1,"56,133,142,148,157",1316c3f44b430fb610f7a9dd3925fe36bc3126376fa5b78cda3871f7a84bdbbf
pos_train_seq278_hmm_aug003,pos_train_seq278,3,392,117,275,2,0.00510204081632653,0.9948979591836735,1,"273,319",66f368d659985b9ea77aecbf341a1d14476b9b10827e544483f627429b13c44e
pos_train_seq279_hmm_aug003,pos_train_seq279,3,329,156,173,10,0.030395136778115502,0.9696048632218845,1,"20,21,57,108,116,138,146,153,178,180",8edc780730c637c0f599f365f37a7bbe604cf1e0e5d3b804e436472fd4903778
pos_train_seq280_hmm_aug003,pos_train_seq280,3,211,87,124,4,0.018957345971563982,0.981042654028436,1,"30,36,44,157",459e50851258ce515dfd83f769146894b6bc721f80d99edc523661b66de8eb90
pos_train_seq281_hmm_aug003,pos_train_seq281,3,404,160,244,8,0.019801980198019802,0.9801980198019802,1,"29,37,50,61,114,137,162,182",b04bb88718d9c8513bda465cf0938b37e847a55f16da58a1faff907d725e24dc
pos_train_seq282_hmm_aug003,pos_train_seq282,3,310,271,39,15,0.04838709677419355,0.9516129032258065,1,"38,40,62,67,86,157,160,175,176,192,249,258,264,281,287",cab9d88baac505bb9fc9fcd91090898be7a06816eb245211c1d58dcad7b608fb
pos_train_seq284_hmm_aug003,pos_train_seq284,3,175,37,138,1,0.005714285714285714,0.9942857142857143,1,156,2be3aa3e8ed3195ac16ca6108e25cfcf64407e4987a0ff0c3c6f6783480cb6d6
pos_train_seq285_hmm_aug003,pos_train_seq285,3,396,141,255,7,0.017676767676767676,0.9823232323232324,1,"22,33,45,76,128,161,166",a8ad67adc229005461ea5b3d5eb36627093a162422629727ac200e29ee0851c1
pos_train_seq286_hmm_aug003,pos_train_seq286,3,471,194,277,7,0.014861995753715499,0.9851380042462845,1,"80,88,91,135,158,167,258",805eef5a9046b2abef723461e5a92ebe9f92f49d6a8192ef2ed1eab06e9de8d8
pos_train_seq288_hmm_aug003,pos_train_seq288,3,204,118,86,7,0.03431372549019608,0.9656862745098039,1,"55,79,80,99,127,157,159",cd10791e27e9553df310679ffad7c0d198d601f91143d54bbd8b5a62c025a84a
pos_train_seq289_hmm_aug003,pos_train_seq289,3,245,97,148,1,0.004081632653061225,0.9959183673469387,1,88,a7eb4b2ae5e47eb59396be4f9d5da790121f44823dd33c55c1cc2ad3cd21278a
pos_train_seq290_hmm_aug003,pos_train_seq290,3,391,355,36,23,0.058823529411764705,0.9411764705882353,1,"37,57,59,72,76,109,128,156,168,181,193,195,203,222,226,238,245,251,267,343,346,355,366",40af24f9c41a25f9d0f65495329662db7e96cf6e7ff770f619b741b2bb334a8e
pos_train_seq291_hmm_aug003,pos_train_seq291,3,290,169,121,9,0.03103448275862069,0.9689655172413794,1,"97,112,123,129,160,161,176,184,185",3a0c1c6e2520d62a143dd69d53aedd1113c81d2b5ff8e495a409da32f960fbf3
pos_train_seq292_hmm_aug003,pos_train_seq292,3,262,231,31,15,0.05725190839694656,0.9427480916030534,1,"24,36,54,69,70,73,99,139,158,196,197,210,217,231,235",0b3783d4fdf7e48be8766af9060709a4d20b901531b7ff75918ea6834837616f
pos_train_seq293_hmm_aug003,pos_train_seq293,3,163,62,101,1,0.006134969325153374,0.9938650306748467,1,32,db70d83107481d6c03aac62be54b72e8d15edebc9ba137bbd1b3ffdc4da71b64
pos_train_seq294_hmm_aug003,pos_train_seq294,3,494,84,410,9,0.018218623481781375,0.9817813765182186,1,"287,292,314,317,329,338,339,353,360",43ca3d70fb645a7b572a4e9252f142285770db298107b6eb1cd5804a107bd5e8
pos_train_seq295_hmm_aug003,pos_train_seq295,3,163,66,97,2,0.012269938650306749,0.9877300613496932,1,"17,66",81fbee65fbb7c86aa33ec6371b9be69756842726da1bb0ac4281d843901a3872
pos_train_seq297_hmm_aug003,pos_train_seq297,3,395,319,76,14,0.035443037974683546,0.9645569620253165,1,"1,40,65,72,115,119,135,152,160,194,222,250,296,304",c237fc7d6fa5caf16b7670b42f8fcafcce2f01a1ce0d23969d657bf5c41781af
pos_train_seq298_hmm_aug003,pos_train_seq298,3,450,370,80,15,0.03333333333333333,0.9666666666666667,1,"11,20,34,67,144,177,213,215,263,278,316,329,341,353,367",ed0f75d0cb72b275f35a7c05c4069a39fe5e3f2d11c5cdf561f995152fd94109
pos_train_seq300_hmm_aug003,pos_train_seq300,3,505,173,332,6,0.011881188118811881,0.9881188118811881,1,"35,84,113,134,230,257",498688cf51b1f827acf67f37419c003b3962e79d74c1e7c27cd4f7bdb2fbbb88
pos_train_seq301_hmm_aug003,pos_train_seq301,3,332,158,174,8,0.024096385542168676,0.9759036144578314,1,"86,131,138,140,159,160,218,225",d8dec8a3e826f4969713c1ae813f265427087cef4b4b8329c64737a36a34c80c
pos_train_seq303_hmm_aug003,pos_train_seq303,3,412,331,81,23,0.055825242718446605,0.9441747572815534,1,"90,92,94,113,116,154,160,178,182,218,257,264,274,285,291,294,320,331,362,375,394,401,409",f793d4ca16ff5c66a6171780c6d9e1ff21741536f162b6dfb4ef4a1e492ad1ca
pos_train_seq304_hmm_aug003,pos_train_seq304,3,352,321,31,14,0.03977272727272727,0.9602272727272727,1,"39,45,47,52,84,86,208,233,280,293,310,332,345,349",0b465151ed66166fc9ff48bdbee1442ba5a294b280d73637b4cc0984e2978eff
pos_train_seq305_hmm_aug003,pos_train_seq305,3,330,260,70,10,0.030303030303030304,0.9696969696969697,1,"57,92,100,124,140,183,201,202,206,303",21bda4f819f5112e663687aaa2f4f153e069c171384a103c59f6cbddc3e83025
pos_train_seq307_hmm_aug003,pos_train_seq307,3,174,153,21,6,0.034482758620689655,0.9655172413793104,1,"53,85,98,161,169,173",fb6c9f1369b95b372fffebc3512ab30d91116bb8ce5f26162b8738116a01a2f4
pos_train_seq310_hmm_aug003,pos_train_seq310,3,206,93,113,5,0.024271844660194174,0.9757281553398058,1,"53,178,179,191,201",c3a03e8eb316fa9354c70bfd82a4078c7380d5d5f8e9b004f7ebe010908a1916
pos_train_seq312_hmm_aug003,pos_train_seq312,3,422,420,2,9,0.02132701421800948,0.9786729857819905,1,"25,47,99,111,121,213,272,292,295",024d561f18cdcbea0c6443893df1d2eeb050c65c1dd0795d1532e1fec7efa120
pos_train_seq313_hmm_aug003,pos_train_seq313,3,191,122,69,5,0.02617801047120419,0.9738219895287958,1,"33,41,117,123,159",2ccafffb56499a17cb3f64d0d7f761f3c7461c41248c6d71e896324e11ff8878
pos_train_seq316_hmm_aug003,pos_train_seq316,3,503,399,104,14,0.027833001988071572,0.9721669980119284,1,"17,21,139,152,162,210,211,240,257,377,448,467,481,497",25f30e25478cb74820aa6734b525e22e2202f79cb5a60fee1a69b41e846be033
pos_train_seq318_hmm_aug003,pos_train_seq318,3,175,1,174,1,0.005714285714285714,0.9942857142857143,1,175,85c6a4a99b7b13088b4ef5da149bc6606b2d0b7ad0c6c079adc9c2d86a4c8e67
pos_train_seq319_hmm_aug003,pos_train_seq319,3,175,37,138,1,0.005714285714285714,0.9942857142857143,1,149,32f4e78c576d34f66eb416667a8eb035aa5019a4c56feb39ee46af0dcc15b52d
pos_train_seq321_hmm_aug003,pos_train_seq321,3,317,30,287,1,0.0031545741324921135,0.9968454258675079,1,74,a429dd501efe15325de91bc54a1b4999610cddc565fe43682b810925b521bf74
pos_train_seq322_hmm_aug003,pos_train_seq322,3,326,197,129,10,0.03067484662576687,0.9693251533742331,1,"4,5,54,77,81,158,172,177,195,203",c8cba8eb258ed3565dbd28075fd3d5bcc9ae612e47744f61b0e791c853751f66
pos_train_seq324_hmm_aug003,pos_train_seq324,3,244,187,57,12,0.04918032786885246,0.9508196721311475,1,"44,53,73,120,122,125,182,184,185,196,198,225",0c2fbb02defaf008552f11fbd588adb4ad669aecc0df03492a7a4af705bbaeba
pos_train_seq326_hmm_aug003,pos_train_seq326,3,338,163,175,12,0.03550295857988166,0.9644970414201184,1,"187,205,210,214,217,237,286,288,291,314,317,328",743c74a4ed7b5ffe6477908da12d4f977ea82df6d4c504e016f8c6e8e401a40b
pos_train_seq327_hmm_aug003,pos_train_seq327,3,93,33,60,1,0.010752688172043012,0.989247311827957,1,66,b74b15cd198431d6e4aa0112782ffcf09dfe2e823fe50f3a454eeb031f3751f4
pos_train_seq328_hmm_aug003,pos_train_seq328,3,257,184,73,7,0.027237354085603113,0.9727626459143969,1,"14,19,24,52,111,124,150",564615621db136aee480d5a95beb26c935dbae402c3bec62bb687be80e714459
pos_train_seq330_hmm_aug003,pos_train_seq330,3,351,351,0,16,0.045584045584045586,0.9544159544159544,1,"69,81,121,129,137,140,153,183,194,241,301,302,308,309,317,332",356a5ca8386b66a7d557b2094a5e77dc0371593d04a51ca159d80938c2f916a9
pos_train_seq331_hmm_aug003,pos_train_seq331,3,150,1,149,1,0.006666666666666667,0.9933333333333333,1,1,86e84fdcc849bb148549af89f957d37fa836d9dd66bcabc12ef3512048e44895
pos_train_seq332_hmm_aug003,pos_train_seq332,3,366,216,150,13,0.03551912568306011,0.9644808743169399,1,"57,87,104,106,116,126,143,149,185,244,246,248,262",690a0d98437dfaa7cc26387f7a83e3c7fb12afa23dd40878a94753c70213313e
pos_train_seq333_hmm_aug003,pos_train_seq333,3,293,257,36,9,0.030716723549488054,0.9692832764505119,1,"31,99,153,168,169,197,216,272,286",a5b17b410501b9a7405f4e33d2bcafb6c8c49823aeb1ba36e44d28722d5e0725
pos_train_seq334_hmm_aug003,pos_train_seq334,3,184,171,13,4,0.021739130434782608,0.9782608695652174,1,"24,31,119,158",8cb9fceb833f8f4d0e4385af90e8c827e4baff3df59a795873e4d9dc22983740
pos_train_seq336_hmm_aug003,pos_train_seq336,3,118,28,90,1,0.00847457627118644,0.9915254237288136,1,35,487c735c4976180008ce99877ee35cd4966cac7fd8efdc3c5d5532a799ec9269
pos_train_seq338_hmm_aug003,pos_train_seq338,3,505,301,204,12,0.023762376237623763,0.9762376237623762,1,"233,244,269,282,292,297,319,367,424,435,448,475",f8414b6cecff316b77d3060cd7b6f36b73ae97c22d3cf519481813914a3bc4c0
pos_train_seq340_hmm_aug003,pos_train_seq340,3,299,146,153,7,0.023411371237458192,0.9765886287625418,1,"22,37,46,60,78,255,270",358f12aa4c34d4bd7d9216525d50b35e4bbf606e140b41ad34b3226f21d24a48
pos_train_seq342_hmm_aug003,pos_train_seq342,3,445,88,357,6,0.01348314606741573,0.9865168539325843,1,"40,46,55,64,68,69",3a5dfd64ee2de938a188e722482e45bf2987af2705a612324eb3c55ea442e786
pos_train_seq343_hmm_aug003,pos_train_seq343,3,460,442,18,18,0.0391304347826087,0.9608695652173913,1,"11,16,20,27,33,48,85,90,101,191,209,245,249,285,287,291,398,421",5efe720ff699842f21983f4a15e942a54ec640521d22411ee97e9f0ec7375bde
pos_train_seq347_hmm_aug003,pos_train_seq347,3,294,112,182,8,0.027210884353741496,0.9727891156462585,1,"25,28,37,38,50,119,123,168",a2d0c25044bdd2e3234625b3ed32ffefcc7d111f313a6b266f9a7070f18c0d94
pos_train_seq350_hmm_aug003,pos_train_seq350,3,327,157,170,9,0.027522935779816515,0.9724770642201834,1,"115,153,169,175,186,199,203,219,226",15f1246646a6af3ccf2146608ccb104bbf0df8c544167c0c358ad4ab3a7ef48b
pos_train_seq351_hmm_aug003,pos_train_seq351,3,484,484,0,27,0.05578512396694215,0.9442148760330579,1,"24,38,58,95,96,98,106,120,175,178,204,207,212,223,229,256,301,316,348,351,362,384,393,395,404,427,464",4acb147040adb87921d082be856d464e814283ab66c9979cd0571aa0cd9ae9b9
pos_train_seq352_hmm_aug003,pos_train_seq352,3,442,214,228,12,0.027149321266968326,0.9728506787330317,1,"3,4,16,21,54,83,108,126,128,157,158,171",9f788f3f536155db6492c42c184b1ad0fbe08e6b7f99ec3d665d93df8dc3fb3e
pos_train_seq353_hmm_aug003,pos_train_seq353,3,501,306,195,19,0.03792415169660679,0.9620758483033932,1,"23,60,72,78,97,98,143,156,162,163,201,225,237,256,286,289,293,341,358",58542c39a4f05608614a9764c2e250c8e0e07367c44cbd5c8715c0227374cc08
pos_train_seq355_hmm_aug003,pos_train_seq355,3,207,178,29,8,0.03864734299516908,0.961352657004831,1,"26,31,41,77,88,103,111,117",97bda3e38b3e9e90590a678c4e7fb703ce11faff7fab6ec4efb66a5e21c935b8
pos_train_seq356_hmm_aug003,pos_train_seq356,3,490,59,431,1,0.0020408163265306124,0.9979591836734694,1,386,2ef8d446ce79c9d270371588b3de76b314521de45f5a76d4f76e746bb2e9b7c4
pos_train_seq359_hmm_aug003,pos_train_seq359,3,117,104,13,4,0.03418803418803419,0.9658119658119658,1,"27,38,66,68",5f42fd5b70aa5e34056df6fab8887d33f9bb6405a07517d0340fbc63ac7afd4a
pos_train_seq360_hmm_aug003,pos_train_seq360,3,377,206,171,8,0.021220159151193633,0.9787798408488063,1,"19,28,97,99,122,155,160,207",b9877fa9f6bdbaa47ad76449b01445cb44ca401dc7ed60f71c0e770894d9ffc5
pos_train_seq361_hmm_aug003,pos_train_seq361,3,418,128,290,7,0.01674641148325359,0.9832535885167464,1,"129,130,133,138,163,167,168",d8590e11bd700a41ee47b28c723028330a2f46be9b13fa129b3f2177d323ab9d
pos_train_seq362_hmm_aug003,pos_train_seq362,3,208,108,100,6,0.028846153846153848,0.9711538461538461,1,"70,80,122,130,144,167",a3946838df230e739f2bc41ad0e50145c1bb048e73fc162e876a73d7eabae8c4
pos_train_seq363_hmm_aug003,pos_train_seq363,3,463,278,185,14,0.03023758099352052,0.9697624190064795,1,"159,171,206,271,295,302,308,343,354,385,418,420,433,442",64a09a339cff00e60f75b5fe829dd43d494370db0abab787f4a5705fbfd9f84e
pos_train_seq367_hmm_aug003,pos_train_seq367,3,352,140,212,4,0.011363636363636364,0.9886363636363636,1,"220,260,282,288",22180e21b05e8d6f819b0be00a70ead0ddc1a314d6470d913d784cdc6f0a6f68
pos_train_seq369_hmm_aug003,pos_train_seq369,3,486,28,458,2,0.00411522633744856,0.9958847736625515,1,"126,140",f8d1a26ede27d8b14ceabce99684df1651fa51b92e6994e26cc024c61113f4d9
pos_train_seq370_hmm_aug003,pos_train_seq370,3,506,377,129,11,0.021739130434782608,0.9782608695652174,1,"43,70,87,129,143,165,222,275,304,375,381",9c3c0a5223632a5c46a0f51c2415ba4196515c37cb863faef040416731f72040
pos_train_seq371_hmm_aug003,pos_train_seq371,3,466,210,256,8,0.017167381974248927,0.9828326180257511,1,"21,40,73,93,96,398,399,404",309d9a028eec178ee88c1d8afe5ce34c957064c16dcd7cdf78ff8fda0fef2977
pos_train_seq372_hmm_aug003,pos_train_seq372,3,459,457,2,29,0.06318082788671024,0.9368191721132898,1,"5,12,51,60,107,149,166,179,194,243,253,264,266,284,298,306,324,326,333,340,341,351,371,414,418,442,445,448,450",23c918a2a265d105c7016b03d57fd4a69efdbd0f493cc4a160183344115c9bfe
pos_train_seq373_hmm_aug003,pos_train_seq373,3,471,376,95,18,0.03821656050955414,0.9617834394904459,1,"33,44,48,54,150,208,218,263,279,306,335,339,378,424,425,438,448,466",e9fdb4ca4eaece5b7af4f798ae01a26de46193fd86b7d9b00ead771812eef6fa
pos_train_seq374_hmm_aug003,pos_train_seq374,3,129,21,108,1,0.007751937984496124,0.9922480620155039,1,64,2d75f0934a340c059ef7a68a967a17a7463567719ce73266f73ab5be18709825
pos_train_seq376_hmm_aug003,pos_train_seq376,3,439,221,218,5,0.011389521640091117,0.9886104783599089,1,"145,155,170,212,226",0a9b86c313756bda1bf0dcbc53ac730ce174e6fdf54851f82184d6030276a508
pos_train_seq377_hmm_aug003,pos_train_seq377,3,174,159,15,8,0.04597701149425287,0.9540229885057472,1,"39,59,70,85,91,128,157,169",b6ce05c9b6ef904478a249b84119753e5bd3799695ce752cae7dd9afb04805ab
pos_train_seq379_hmm_aug003,pos_train_seq379,3,409,171,238,8,0.019559902200488997,0.980440097799511,1,"31,33,59,217,294,379,382,401",b9395fcb8b39c9d8bc0213486734f22bed188bfa07b35bd6bb29467a0875c093
pos_train_seq380_hmm_aug003,pos_train_seq380,3,210,208,2,11,0.05238095238095238,0.9476190476190476,1,"10,13,14,32,86,117,138,142,144,192,193",6b2320f3e3284595caf865153223134e65ce45fac061531661799f208d41e577
pos_train_seq381_hmm_aug003,pos_train_seq381,3,311,156,155,8,0.02572347266881029,0.9742765273311897,1,"26,66,69,96,97,99,160,167",b83dda0b1611b9ac29bd800def6c23add91f0205146462f53453d85655b41070
pos_train_seq383_hmm_aug003,pos_train_seq383,3,434,295,139,12,0.027649769585253458,0.9723502304147466,1,"79,86,95,96,97,229,277,290,312,319,338,426",447e1c9e4430bc0972aa1b947903b41ca5294d165ffa5d476d3ab416a58644aa
pos_train_seq384_hmm_aug003,pos_train_seq384,3,388,372,16,24,0.061855670103092786,0.9381443298969072,1,"21,48,49,54,111,149,163,167,208,228,242,243,259,266,284,287,296,301,305,309,325,348,351,353",3292d3a2d029037de48044e4b64eed4418375ec74ae685f17cd68027ddac26a9
pos_train_seq385_hmm_aug003,pos_train_seq385,3,495,305,190,14,0.028282828282828285,0.9717171717171718,1,"58,65,86,96,120,126,194,219,248,281,291,294,336,348",f3852df94f7c932df29973ce313533ae7392b47d3f8f2cc5e666276216de888b
pos_train_seq386_hmm_aug003,pos_train_seq386,3,240,51,189,3,0.0125,0.9875,1,"33,55,192",687b755ae0e894a87aa7e54d4b803ae9d9ab7da5d3b11846120e4536be18b076
pos_train_seq389_hmm_aug003,pos_train_seq389,3,253,79,174,8,0.03162055335968379,0.9683794466403162,1,"165,170,186,197,201,210,218,224",82f83032b9cfc11ef8a01eb460573665a48c35503fa3ef977c1f1912cb70365d
pos_train_seq391_hmm_aug003,pos_train_seq391,3,296,124,172,4,0.013513513513513514,0.9864864864864865,1,"58,67,69,101",93c7c4acdc8da4155b4265e51b16439d14a9c40959521a481b9b837d3e133f35
pos_train_seq393_hmm_aug003,pos_train_seq393,3,374,340,34,19,0.05080213903743316,0.9491978609625669,1,"34,40,55,76,80,96,98,151,155,159,167,184,299,306,307,319,341,344,353",2781ff87ec26f80ac749d921e23c0547761a5995d6d09f1d8b7d45cfac3d3984
pos_train_seq394_hmm_aug003,pos_train_seq394,3,25,14,11,1,0.04,0.96,1,20,d6884c2e2336459452f5c62470f0dadcbba697912323f0613db24b8d82a3fc95
pos_train_seq395_hmm_aug003,pos_train_seq395,3,191,118,73,7,0.03664921465968586,0.9633507853403142,1,"122,152,158,164,167,172,174",9b01abdf29517c6cf4ba1c1b88f11a6de45f2f34c248191f73bec916e4fce2f1
pos_train_seq396_hmm_aug003,pos_train_seq396,3,264,235,29,13,0.04924242424242424,0.9507575757575758,1,"37,39,40,54,84,101,104,105,110,115,163,203,235",85a422d613beee024989269f053ad67eac2c16e58705149f6018ca85738ecf8c
pos_train_seq397_hmm_aug003,pos_train_seq397,3,305,92,213,9,0.029508196721311476,0.9704918032786886,1,"115,141,230,232,233,235,236,240,292",87ae563cd16172bfadbeacd66d5d28f359db5a83628f14056ade082c6026decf
pos_train_seq399_hmm_aug003,pos_train_seq399,3,183,140,43,5,0.0273224043715847,0.9726775956284153,1,"61,113,176,177,182",26238a81a6183d31f999209999db9df1081eb20857a1ba363643708417ea0337
pos_train_seq400_hmm_aug003,pos_train_seq400,3,381,243,138,12,0.031496062992125984,0.9685039370078741,1,"7,36,79,101,164,170,179,189,191,198,231,235",1c019dbe8fecba8b778e1ed0e52f80f63924a8094cc6214c50053437e3819135
pos_train_seq402_hmm_aug003,pos_train_seq402,3,314,156,158,8,0.025477707006369428,0.9745222929936306,1,"16,22,75,108,135,155,175,176",c540b70fcd7d1f160678e79d820c14d45b18054bab2aba2cad200f617448599e
pos_train_seq404_hmm_aug003,pos_train_seq404,3,332,8,324,1,0.0030120481927710845,0.9969879518072289,1,295,e60b74940f90d5d362d62dce27f307c7900d124048f7355274b96238a99ca0db
pos_train_seq405_hmm_aug003,pos_train_seq405,3,100,56,44,4,0.04,0.96,1,"60,66,68,92",72f4c7ed2e7f8e0e5f1765613f555d662e6eb0bb3a4695e5cc3513a188fde407
pos_train_seq406_hmm_aug003,pos_train_seq406,3,371,231,140,9,0.02425876010781671,0.9757412398921833,1,"20,21,95,119,164,167,180,197,205",bc389954ce0c9e0f8f815ee30f09e44ebeb6ba64e6af2336c770383f768b7b60
pos_train_seq407_hmm_aug003,pos_train_seq407,3,377,174,203,13,0.034482758620689655,0.9655172413793104,1,"47,169,179,181,207,218,227,240,298,308,340,352,361",eb48129fdff1e9110cd3b3839a1bc7a5364ae6f07b08bd6354dc4eefd0e2bea8
pos_train_seq408_hmm_aug003,pos_train_seq408,3,381,326,55,16,0.04199475065616798,0.958005249343832,1,"24,111,132,152,190,192,193,226,250,286,298,341,350,360,368,370",7e7746b45884fca15d389ec427ac6a9124309061142340e7756defba50578c8e
pos_train_seq410_hmm_aug003,pos_train_seq410,3,300,1,299,1,0.0033333333333333335,0.9966666666666667,1,300,bf38f81689b1be0084f9baa7802a1cf694c7c3e66c7f039c42fb8fe1b7523748
pos_train_seq412_hmm_aug003,pos_train_seq412,3,346,180,166,10,0.028901734104046242,0.9710982658959537,1,"21,56,70,97,106,216,221,251,261,268",733ec47342439bc3f6596ea14f786aa8ce77b4e94e43baac1dc37c387ca61328
pos_train_seq413_hmm_aug003,pos_train_seq413,3,152,115,37,5,0.03289473684210526,0.9671052631578947,1,"33,68,81,101,105",c365c6de5b73896371daaf8ac9ebead9a7ecf278b4fc1aa35a72c3efa13a8a24
pos_train_seq414_hmm_aug003,pos_train_seq414,3,417,407,10,16,0.03836930455635491,0.9616306954436451,1,"15,16,36,47,71,78,83,95,154,158,181,211,254,265,283,322",08ea8502b50c3504fed77cbcc30daff5f332b337126abae979c2fecfb4da05d4
pos_train_seq415_hmm_aug003,pos_train_seq415,3,414,249,165,7,0.016908212560386472,0.9830917874396136,1,"17,35,44,58,62,87,206",ec7064e6d23f75521bffe2982aaf0708debe89916a82ee1605c49665d3e25f8e
pos_train_seq416_hmm_aug003,pos_train_seq416,3,268,166,102,9,0.033582089552238806,0.9664179104477612,1,"50,74,87,88,112,124,207,213,248",872564283c2bdf625c933b0216bb25444c9bd52b036849146207a31345c63b02
pos_train_seq417_hmm_aug003,pos_train_seq417,3,422,420,2,21,0.04976303317535545,0.9502369668246445,1,"18,21,62,83,84,97,101,106,108,127,152,153,193,201,216,269,294,302,332,397,409",7ccb4fe8bc7fa612159e9cdcb192bfffb40f1d6c23d8e6c79a595fef9e8deef3
pos_train_seq418_hmm_aug003,pos_train_seq418,3,367,236,131,10,0.027247956403269755,0.9727520435967303,1,"4,66,85,102,142,157,163,183,204,235",81047b78150570a4cdc4a22a0bc0c62a5c78b12289905e62fab0400ccf354ac0
pos_train_seq419_hmm_aug003,pos_train_seq419,3,418,45,373,3,0.007177033492822967,0.992822966507177,1,"26,37,60",6b66333fdf1fc03371b9a886cf1ce2c48b679ba18dffa4903ba50a31dad34b6f
pos_train_seq421_hmm_aug003,pos_train_seq421,3,25,3,22,1,0.04,0.96,1,2,3805da5873f6e6aa6c5b97a7873d8af5c8a0a83c0b5c45f06a03a638bcaadcbf
pos_train_seq422_hmm_aug003,pos_train_seq422,3,187,75,112,1,0.0053475935828877,0.9946524064171123,1,49,de5a887374327116a03d44f784844b4a6afe5aca6c9e946c0bc1ab396fc4a64d
pos_train_seq425_hmm_aug003,pos_train_seq425,3,178,100,78,2,0.011235955056179775,0.9887640449438202,1,"13,76",dff1c0eb17ec870feb7138677584ea00794880a88e27bdcb6a69e54de1ba20c4
pos_train_seq426_hmm_aug003,pos_train_seq426,3,157,72,85,4,0.025477707006369428,0.9745222929936306,1,"19,33,39,60",10656446c74ee086e9845ab7a561214381f941bd7a519fc44d2d85b8b6d8cc11
pos_train_seq427_hmm_aug003,pos_train_seq427,3,495,476,19,26,0.052525252525252523,0.9474747474747475,1,"13,51,55,61,108,117,120,131,163,167,190,196,211,265,289,325,340,346,350,388,413,421,427,462,464,471",32e1838a45d4e7ae00f73e28f919022dfbd4814c5b9600c258154a35983203c5
pos_train_seq428_hmm_aug003,pos_train_seq428,3,213,99,114,6,0.028169014084507043,0.971830985915493,1,"1,35,43,58,85,99",d47c408d67ee7e4abe9eb1347a6dfee0c15950f2b6e55e6560351e735ab3daa8
pos_train_seq429_hmm_aug003,pos_train_seq429,3,355,163,192,9,0.02535211267605634,0.9746478873239437,1,"95,109,112,118,130,152,183,202,241",3d00169a73f0ec98ad3a3798891235364293a2f0bfe51a71a94526fc0feb0475
pos_train_seq430_hmm_aug003,pos_train_seq430,3,441,6,435,1,0.0022675736961451248,0.9977324263038548,1,349,ef2e1e4babd0da77a7cf2ef3d44c50948613466b79cd89d03d92f11677f64495
pos_train_seq431_hmm_aug003,pos_train_seq431,3,372,156,216,7,0.01881720430107527,0.9811827956989247,1,"19,25,39,96,101,124,181",92b27e520b3c965cf02dbffb4869dcb86b26f5526233fd70f0369caec48d0d77
pos_train_seq432_hmm_aug003,pos_train_seq432,3,383,261,122,9,0.02349869451697128,0.9765013054830287,1,"148,153,173,185,223,230,346,356,381",57fd04a52029fbbbc7efbdb4dc7c44324565a722ee5132312aa33b872f6907b3
pos_train_seq433_hmm_aug003,pos_train_seq433,3,352,232,120,10,0.028409090909090908,0.9715909090909091,1,"139,145,155,166,193,207,244,284,339,347",7a01f760e55822b4a8788f4d33d6c4febe36baf701ae927ef17ff40a9d170f29
pos_train_seq435_hmm_aug003,pos_train_seq435,3,205,91,114,9,0.04390243902439024,0.9560975609756097,1,"32,41,72,76,83,94,106,111,119",471e55ff5c8286e4caeb009e508928aa43f62e8dd539b8ce559b903461ecf5a2
pos_train_seq436_hmm_aug003,pos_train_seq436,3,507,137,370,7,0.013806706114398421,0.9861932938856016,1,"111,330,336,349,373,466,483",de73adbfe9b36da07fd09240116d1d02c4cb07f21f257632e77f16272def2126
pos_train_seq437_hmm_aug003,pos_train_seq437,3,411,79,332,8,0.019464720194647202,0.9805352798053528,1,"335,348,350,361,363,400,401,408",2db5db4534482f7a070e682502a27f73b286a65fa26b7dbf3c1b885e38c09c68
pos_train_seq438_hmm_aug003,pos_train_seq438,3,495,87,408,5,0.010101010101010102,0.98989898989899,1,"14,16,20,50,88",23c37d9996b3e375df1dbf41d0bac85aa99cee049acbb0d39f9b2a8cf5b4a8c8
pos_train_seq439_hmm_aug003,pos_train_seq439,3,175,36,139,3,0.017142857142857144,0.9828571428571429,1,"1,133,150",d8073b59da2c0483dee0dd53b3ea515e6a77772ee2b1dd4a1b1fd7b71a555424
pos_train_seq442_hmm_aug003,pos_train_seq442,3,390,199,191,9,0.023076923076923078,0.9769230769230769,1,"99,113,122,182,261,270,272,283,334",50c365730c3b0029d3ee54450e2e316d7130e0a0dfc159c606806aa2f7aa9070
pos_train_seq443_hmm_aug003,pos_train_seq443,3,217,215,2,9,0.041474654377880185,0.9585253456221198,1,"24,39,91,95,118,154,198,211,217",8c12bb96cf100d6cdc3e984823ff633e5f73e9d779140a5829d55609f7b9b4cd
pos_train_seq444_hmm_aug003,pos_train_seq444,3,23,6,17,1,0.043478260869565216,0.9565217391304348,1,3,4fc600a2b7ecc3efe129112e72bcf60712ffc4496d040501c678e4fd74ca9793
pos_train_seq445_hmm_aug003,pos_train_seq445,3,397,313,84,11,0.027707808564231738,0.9722921914357683,1,"17,22,26,32,63,172,176,189,275,294,346",2dace638bf6313afb3a7e0435d699d446404a515589903cfa7ca21f701fdd2a6
pos_train_seq446_hmm_aug003,pos_train_seq446,3,270,86,184,7,0.025925925925925925,0.9740740740740741,1,"103,106,108,111,119,128,149",b32f2d15cce9acf0fc1dc5a52a33723cd4dd7d57a60d6c71669ccd45dc00e027
pos_train_seq450_hmm_aug003,pos_train_seq450,3,182,120,62,5,0.027472527472527472,0.9725274725274725,1,"80,81,99,123,131",964dd950a3fd6cf4b573b2c01470277ed9bfdffdb84d58f111abca3392a5b573
pos_train_seq452_hmm_aug003,pos_train_seq452,3,317,189,128,16,0.050473186119873815,0.9495268138801262,1,"105,107,116,121,134,146,161,164,169,188,195,222,228,231,235,243",efa29da6097bffda5742b3dcc7c560c6bf42a9663aba87f5a096e6369e0843cd
pos_train_seq455_hmm_aug003,pos_train_seq455,3,171,106,65,5,0.029239766081871343,0.9707602339181287,1,"54,76,78,81,102",af210a42cc0a65212afccb4bf570e01cf44298f5fd4094542568ad9647989ce6
pos_train_seq458_hmm_aug003,pos_train_seq458,3,432,320,112,18,0.041666666666666664,0.9583333333333334,1,"5,39,41,43,44,72,196,233,240,260,279,292,311,316,378,381,417,421",f469ae190c017d3711a042623a6a70aff6b61d178922d6ff573bc9e9e1d0e4b1
pos_train_seq459_hmm_aug003,pos_train_seq459,3,196,40,156,1,0.00510204081632653,0.9948979591836735,1,3,bbac3e606f1eae78106fb6d8cbdf19489911300d5431d87c9abb8163bfc6f5e3
pos_train_seq461_hmm_aug003,pos_train_seq461,3,476,284,192,14,0.029411764705882353,0.9705882352941176,1,"20,83,94,100,115,120,121,128,147,153,207,212,231,244",0acec47cd7b4434581572da23064852bf50046f132d06e4340c256a4f0c6411f
pos_train_seq462_hmm_aug003,pos_train_seq462,3,305,171,134,14,0.04590163934426229,0.9540983606557377,1,"22,25,27,35,52,69,77,109,110,117,122,144,146,159",06ac543b571f12e506935486c5956e8a4b851c05a375209186aa24aae8c6af1d
pos_train_seq463_hmm_aug003,pos_train_seq463,3,406,152,254,5,0.012315270935960592,0.9876847290640394,1,"7,28,42,121,167",ce310fd52367339775df9c476ef5ccccfcd34c4b394d09d02599cacf1a8ab2c1
pos_train_seq466_hmm_aug003,pos_train_seq466,3,425,312,113,11,0.02588235294117647,0.9741176470588235,1,"26,88,117,265,267,330,340,349,359,370,398",dae8d113ded4c291ba6c1c3dd4f601b545c847447af8c896fa149aea80ac84a4
pos_train_seq467_hmm_aug003,pos_train_seq467,3,386,380,6,19,0.04922279792746114,0.9507772020725389,1,"18,31,75,94,95,116,139,213,239,254,267,269,271,295,299,302,320,321,362",356832deb3b521df3de363f38add8f1074b1d42746f3e94a6fd3ac95475dfcb2
pos_train_seq468_hmm_aug003,pos_train_seq468,3,434,262,172,16,0.03686635944700461,0.9631336405529954,1,"49,62,68,69,81,96,133,161,168,252,259,271,296,303,314,320",987131d70bd6a83c26cea64f04eab9039171782e145bdc8926055b5c66b65686
pos_train_seq469_hmm_aug003,pos_train_seq469,3,231,184,47,7,0.030303030303030304,0.9696969696969697,1,"8,9,24,68,87,217,230",24d598d24c156e2c03f62561180d57114b43ffab2fe6aeaf6df9dac854983356
pos_train_seq471_hmm_aug003,pos_train_seq471,3,437,431,6,19,0.043478260869565216,0.9565217391304348,1,"46,70,91,95,107,139,145,148,155,203,262,279,282,314,315,338,357,397,423",012213c3ad4564cbdcbb94025a9b8fb950d5b958853f5a5aae771d58cc161839
pos_train_seq472_hmm_aug003,pos_train_seq472,3,431,263,168,13,0.030162412993039442,0.9698375870069605,1,"12,28,38,40,59,91,102,105,122,148,209,218,250",77d812bd50013b24210e918c7384f322d07da6d03e73cf8593fd275fe038751a
pos_train_seq475_hmm_aug003,pos_train_seq475,3,360,145,215,5,0.013888888888888888,0.9861111111111112,1,"145,171,241,269,280",be273c9702034335297b3fa50db1f73f571008bd6c9da7a6a510e6884f035c7d
pos_train_seq476_hmm_aug003,pos_train_seq476,3,407,254,153,9,0.022113022113022112,0.9778869778869779,1,"179,226,227,243,256,264,270,313,388",1c0ece946e808f6ed021b650f3525003bf439759e80ff1730d7597edd7447da3
pos_train_seq478_hmm_aug003,pos_train_seq478,3,299,119,180,8,0.026755852842809364,0.9732441471571907,1,"54,58,73,187,189,231,245,266",e0f105e1d52d8b901d2508aa8796e54120e43f78ac4f67d00555fb641783c95f
pos_train_seq479_hmm_aug003,pos_train_seq479,3,370,309,61,15,0.04054054054054054,0.9594594594594594,1,"3,9,44,82,95,119,171,190,212,231,235,242,258,283,362",bacae82fc5b80c25f6f1ecea961835628412c87eee938ed99236e0d81962bb12
pos_train_seq480_hmm_aug003,pos_train_seq480,3,409,308,101,22,0.05378973105134474,0.9462102689486552,1,"11,18,26,45,120,126,129,134,142,154,159,189,204,251,252,256,295,327,352,356,360,371",aadd2e6ed3b479b35a2ea3ab84bbad6b3a6dad74d2a38d6024280483fe206378
pos_train_seq481_hmm_aug003,pos_train_seq481,3,209,114,95,3,0.014354066985645933,0.9856459330143541,1,"51,143,155",1317d57437b26a70aea45319982ff745436be48fd19eabba4a8b402a491f9df6
pos_train_seq484_hmm_aug003,pos_train_seq484,3,359,14,345,2,0.005571030640668524,0.9944289693593314,1,"222,223",bff352908bc54407daee552cdcfbea8bed8e5a3cbe0b0212e1edea08193ff617
pos_train_seq485_hmm_aug003,pos_train_seq485,3,491,86,405,5,0.010183299389002037,0.9898167006109979,1,"161,178,195,199,220",0cc5e5a158cd60d18f2ffc3392c35803afcae833cce70825ef3d47b46c28d533
pos_train_seq486_hmm_aug003,pos_train_seq486,3,184,171,13,10,0.05434782608695652,0.9456521739130435,1,"17,65,85,94,102,118,127,131,162,168",27f09da6a0d8df22801560cc69f09208ab5e90aa6de4a539e5d88c6c9690a6bd
pos_train_seq487_hmm_aug003,pos_train_seq487,3,454,298,156,14,0.030837004405286344,0.9691629955947136,1,"20,35,49,50,52,208,220,223,248,277,289,398,415,424",bc22e22fd594c9d12fb05f722d84b98107aae81f02e0b0fad704237f478276a5
pos_train_seq488_hmm_aug003,pos_train_seq488,3,419,356,63,14,0.03341288782816229,0.9665871121718377,1,"19,27,46,81,96,129,156,167,176,189,233,235,273,311",28b05f303ffcab264ad4b634a3473eb1a08bf553fe1d742f6990a211a64dbc89
pos_train_seq489_hmm_aug003,pos_train_seq489,3,501,173,328,9,0.017964071856287425,0.9820359281437125,1,"45,101,103,110,114,115,126,134,235",f83437a748d2519e55754ff9acbe402cea11ffc063a6bd61f96d899ed4a81a5c
pos_train_seq490_hmm_aug003,pos_train_seq490,3,136,78,58,2,0.014705882352941176,0.9852941176470589,1,"68,116",7cc585491cb5a20ce1ed16401ff4174d98f8c27a8633baa9d52e1ff8bdd7f70c
pos_train_seq491_hmm_aug003,pos_train_seq491,3,383,329,54,27,0.07049608355091384,0.9295039164490861,1,"19,31,33,47,69,70,71,74,87,88,119,122,179,192,193,197,203,217,224,246,249,250,251,256,300,306,317",7c1660b9f500c6009ab7258f0fb0b989ad751f62b547f5d2fd7b84a61ef6bcb8
pos_train_seq492_hmm_aug003,pos_train_seq492,3,508,452,56,21,0.04133858267716536,0.9586614173228346,1,"16,48,57,71,115,132,150,251,269,271,273,277,280,300,309,327,347,375,399,400,425",aae2eabaed53d4ff8fb98bbdd47eee7f497712ef9f3f11f8c240f7f024328c00
pos_train_seq493_hmm_aug003,pos_train_seq493,3,296,133,163,6,0.02027027027027027,0.9797297297297297,1,"26,56,65,69,116,265",b9bf962613090063f5d15e9f9927d7f719e89b1a0856f0bc1e1b346de33961b6
pos_train_seq494_hmm_aug003,pos_train_seq494,3,192,191,1,17,0.08854166666666667,0.9114583333333334,1,"59,60,70,78,92,98,102,125,129,130,147,155,157,158,182,183,184",f38f33eb25a5ac780ca8ff0843f51ee7173a7ba48e82093793e181cc63612eef
pos_train_seq495_hmm_aug003,pos_train_seq495,3,340,223,117,8,0.023529411764705882,0.9764705882352941,1,"14,199,209,257,261,297,301,308",428d9cc939f78ca996e8c108ba1c283261ebebf44b0beed087504dd9d7c21206
pos_train_seq496_hmm_aug003,pos_train_seq496,3,403,289,114,19,0.04714640198511166,0.9528535980148883,1,"133,139,161,206,209,220,227,231,234,240,255,259,266,282,329,364,374,375,392",fc07bfadc6422a0e7942b04f2864d26390afe638c074ca431c75e9cd984bdacb
pos_train_seq499_hmm_aug003,pos_train_seq499,3,397,242,155,13,0.0327455919395466,0.9672544080604534,1,"141,168,171,185,190,204,211,212,228,229,234,263,282",eef8801fe931b44b579a1c353eb195bb60195e9503f81de78724b73c4046f6f7
pos_train_seq500_hmm_aug003,pos_train_seq500,3,449,312,137,17,0.0378619153674833,0.9621380846325167,1,"2,61,62,63,69,83,89,92,97,132,189,307,316,325,330,342,361",e963ff26fa705913f752221ce9b46210b38f9fbb2fdf2b9f598f931d5d94a361
pos_train_seq502_hmm_aug003,pos_train_seq502,3,353,172,181,5,0.014164305949008499,0.9858356940509915,1,"33,122,127,137,180",2bcfd68b7a9a792bd19c9cac09b56b83bb235a102baac20f30dc6d7416ec7cda
pos_train_seq503_hmm_aug003,pos_train_seq503,3,153,12,141,1,0.006535947712418301,0.9934640522875817,1,1,b64c1f2cdce25d170cd5b71edbc1d870eb263ebf27961d3f132e96deee5858da
pos_train_seq504_hmm_aug003,pos_train_seq504,3,127,127,0,8,0.06299212598425197,0.937007874015748,1,"11,13,27,39,42,56,63,94",2876843ffb93bf7799babe477a3deb1fc23e304ead6385735d8a2452a669d3c7
pos_train_seq506_hmm_aug003,pos_train_seq506,3,415,369,46,19,0.04578313253012048,0.9542168674698795,1,"2,16,78,83,85,95,97,106,129,155,161,164,194,221,250,313,349,367,369",c0e939eca7c0335d5032fa3890dd8d20f85e73db2136d6ac709f5d2155e2f3eb
pos_train_seq507_hmm_aug003,pos_train_seq507,3,443,57,386,6,0.013544018058690745,0.9864559819413092,1,"284,291,293,296,341,342",1daf1c78df28eea601b10322232592721d83d196bbd975d7382880bbe458c441
pos_train_seq510_hmm_aug003,pos_train_seq510,3,366,30,336,2,0.00546448087431694,0.994535519125683,1,"128,328",dfba6b57ea7d9a4a503e027dd7fe9501b2a15ddfd022af078ad6bfa7e527a3da
pos_train_seq511_hmm_aug003,pos_train_seq511,3,476,79,397,5,0.01050420168067227,0.9894957983193278,1,"251,271,282,290,313",f5d5e47af512de373823c7ebbe2403e498ca999b40a570ce6f60e689b9de3b45
pos_train_seq514_hmm_aug003,pos_train_seq514,3,475,327,148,12,0.02526315789473684,0.9747368421052631,1,"197,229,249,254,276,314,322,382,399,414,428,445",ca9821045cfc60740edecdeed2ce6265c96901411ada617e08baa9c8bf0bd9cc
pos_train_seq515_hmm_aug003,pos_train_seq515,3,361,107,254,2,0.00554016620498615,0.9944598337950139,1,"71,79",d957e043c3229f9fe3dd9b57312bfcca9886b923947e2ac18fafbbdfce3b4474
pos_train_seq518_hmm_aug003,pos_train_seq518,3,429,194,235,11,0.02564102564102564,0.9743589743589743,1,"51,64,69,126,134,154,218,231,332,420,426",e0207788bacf5f0c70f88390ef6aa7e64c30ef8d7ad8cc11b6ec967f31a32734
pos_train_seq519_hmm_aug003,pos_train_seq519,3,358,105,253,6,0.01675977653631285,0.9832402234636871,1,"63,73,77,92,100,101",4d1e5c1a5cba8d5e1088d1f31d6aa50b776b016c20debcbdccb983ce538469cf
pos_train_seq520_hmm_aug003,pos_train_seq520,3,254,79,175,4,0.015748031496062992,0.984251968503937,1,"175,187,200,222",e7136f20730c1532192d8f30cbfd6158fc1ac80efb0c450fbeebc3e565cb153f
pos_train_seq521_hmm_aug003,pos_train_seq521,3,210,1,209,1,0.004761904761904762,0.9952380952380953,1,1,d32d0c329ebdf3a833893dff1a5edd17f41f2ace97d1f33e685e574fe2d9b5a4
pos_train_seq523_hmm_aug003,pos_train_seq523,3,175,37,138,1,0.005714285714285714,0.9942857142857143,1,140,1ee6566eaec05466b3154263a1c9a701616ff494bfcafe4f5e15469512634cde
pos_train_seq524_hmm_aug003,pos_train_seq524,3,323,204,119,14,0.043343653250773995,0.956656346749226,1,"42,49,66,68,74,94,108,129,147,158,161,162,168,194",770a80b176c166a029437c79e5e3bdb953ef8e7d324c6686ca12cc672de14a70
pos_train_seq526_hmm_aug003,pos_train_seq526,3,340,88,252,6,0.01764705882352941,0.9823529411764705,1,"6,21,40,49,80,90",ff88eb9eca549ec6938633f4054b00fb4abf758aeb792b2c9507c5b23f784ea1
pos_train_seq527_hmm_aug003,pos_train_seq527,3,150,1,149,1,0.006666666666666667,0.9933333333333333,1,150,47480f35459bcc438594fe3e21f926ffa002307048e8a8bc86ddcade74f35348
pos_train_seq528_hmm_aug003,pos_train_seq528,3,266,33,233,2,0.007518796992481203,0.9924812030075187,1,"110,128",904c7a5c02931b0cf7cdc04315567c16efd97c23222604c656869284ec2ad2ff
pos_train_seq531_hmm_aug003,pos_train_seq531,3,478,437,41,26,0.05439330543933055,0.9456066945606695,1,"6,62,78,81,87,100,122,140,160,161,183,188,212,238,272,351,352,359,368,382,388,402,411,418,433,463",938e9a010961ab84b6551a85b4629a63037fab6ada7421a7ef8932be0a910d45
pos_train_seq532_hmm_aug003,pos_train_seq532,3,327,71,256,2,0.0061162079510703364,0.9938837920489296,1,"195,231",c3501f3dde87d78350d496a04af41d93a88161eaebd0a71f35cb4bfda7b5e38e
pos_train_seq533_hmm_aug003,pos_train_seq533,3,392,117,275,2,0.00510204081632653,0.9948979591836735,1,"330,357",458b01ce372db17049759e3e7746be672e261c1a74d7097e25c747a4c975bdba
pos_train_seq534_hmm_aug003,pos_train_seq534,3,440,152,288,8,0.01818181818181818,0.9818181818181818,1,"179,181,184,382,384,385,390,413",5a745f8eb85fde727367dad98e58525150e3c5042746c1bb1ec93a9f410b291c
pos_train_seq536_hmm_aug003,pos_train_seq536,3,377,318,59,16,0.042440318302387266,0.9575596816976127,1,"41,42,111,121,137,142,151,177,210,269,298,322,330,335,341,368",ed496f4cf5236acde021d8592792c5f19f53366407808db59a526afc1459a5a1
pos_train_seq538_hmm_aug003,pos_train_seq538,3,333,48,285,5,0.015015015015015015,0.984984984984985,1,"260,269,272,278,299",fd40c3e1a310b13bf70de975930653d10faf6c66d9f9f1e42da9e5818ee2a174
pos_train_seq540_hmm_aug003,pos_train_seq540,3,140,1,139,1,0.007142857142857143,0.9928571428571429,1,140,95ca1e4fab8cec72841376262db442598e453df489a3eab179a041ff785ae316
pos_train_seq541_hmm_aug003,pos_train_seq541,3,156,78,78,7,0.04487179487179487,0.9551282051282052,1,"101,107,114,116,126,134,137",c25b5f96effae29d36a25c601add6bec446c2c14c2bac55e43fc070385d0ccd5
pos_train_seq543_hmm_aug003,pos_train_seq543,3,294,134,160,3,0.01020408163265306,0.9897959183673469,1,"54,267,271",07064f249457ec2141fe73f580e0ca9414bd912a7b0b5e82d00780f172ad5aba
pos_train_seq544_hmm_aug003,pos_train_seq544,3,398,163,235,9,0.022613065326633167,0.9773869346733668,1,"26,32,33,43,62,67,274,299,367",3b4448a3345cd88f46a0fe042adc69b153aea1fea7e40b9599fba171a9b54a9b
pos_train_seq545_hmm_aug003,pos_train_seq545,3,359,348,11,17,0.04735376044568245,0.9526462395543176,1,"68,83,95,96,202,207,221,272,276,293,307,314,326,327,339,344,347",073f496283a4c7ca11ceb4bccd6c48e70e6cef0f1aa1e6f9544a36612136c0a5
pos_train_seq548_hmm_aug003,pos_train_seq548,3,108,76,32,2,0.018518518518518517,0.9814814814814815,1,"47,98",3e3bbea4626500de4f89fe52957883bd911fdbbd58088a2ac755d4b85fc5e9d0
pos_train_seq549_hmm_aug003,pos_train_seq549,3,331,7,324,2,0.006042296072507553,0.9939577039274925,1,"278,279",7989d267d86da6f2628c80b21e6c3dec1fc81647eff74c9193fda7cc2aa57653
pos_train_seq550_hmm_aug003,pos_train_seq550,3,439,74,365,4,0.009111617312072893,0.9908883826879271,1,"97,100,122,125",d29fe673b3700bfcfbe35b1ca3a258463811cfe8d59aea73242369bd3f6b98d8
pos_train_seq551_hmm_aug003,pos_train_seq551,3,185,135,50,9,0.04864864864864865,0.9513513513513514,1,"74,92,100,122,127,135,143,161,171",249852e1a53ab831332e9af597e554488f772fa201b6c2a531075ece10b82f7c
pos_train_seq552_hmm_aug003,pos_train_seq552,3,103,31,72,1,0.009708737864077669,0.9902912621359223,1,55,4fd741fd990725d9871b7d1ffca2ca8fffe545afb154b5bf5b69dfba8946740a
pos_train_seq555_hmm_aug003,pos_train_seq555,3,111,38,73,2,0.018018018018018018,0.9819819819819819,1,"73,98",4365cbfefb77b4c92af9ece74e6e75377a9fb73a7125c45cf2ba9610e3628a46
pos_train_seq556_hmm_aug003,pos_train_seq556,3,181,121,60,5,0.027624309392265192,0.9723756906077348,1,"62,95,96,135,148",9e0747ddedb8044677584f3745dbc38e88d5d0a88da060c50e453c0183f8dd31
pos_train_seq557_hmm_aug003,pos_train_seq557,3,450,415,35,12,0.02666666666666667,0.9733333333333334,1,"46,70,80,82,99,154,236,248,285,307,314,430",5bd4f29dd62c59ef51c12da8e8b23d5df31af8cde32fee3341773331ead8bb37
pos_train_seq558_hmm_aug003,pos_train_seq558,3,356,106,250,1,0.0028089887640449437,0.9971910112359551,1,108,019e4100b6da1f167a9e57f0930653ddc22508068ce2a0d18eccb5365af3b5f2
pos_train_seq559_hmm_aug003,pos_train_seq559,3,303,255,48,16,0.052805280528052806,0.9471947194719472,1,"69,74,84,114,131,137,144,190,206,209,221,231,240,248,293,301",d8102d972d6d95ee9a935fbe07cdc166dfe1702793e8eec3e46b2ac05a3d1e59
pos_train_seq560_hmm_aug003,pos_train_seq560,3,221,72,149,5,0.02262443438914027,0.9773755656108597,1,"30,45,47,62,78",1a30b642b4b4884deca5322a4be467c4e875e5d9cc47b81c0050d9f3301726c9
pos_train_seq561_hmm_aug003,pos_train_seq561,3,280,141,139,8,0.02857142857142857,0.9714285714285714,1,"58,85,90,102,104,108,273,278",9e31494e14fd820fc9323e9c4120376e520024fd9d3cb319a7678e9c15ccd92f
pos_train_seq564_hmm_aug003,pos_train_seq564,3,338,63,275,1,0.0029585798816568047,0.9970414201183432,1,10,91b444e622bfe1d6e6ada09fa723c17e4c89c98f312cba2f315e9bf76bd63bbf
pos_train_seq566_hmm_aug003,pos_train_seq566,3,313,195,118,4,0.012779552715654952,0.9872204472843451,1,"70,99,126,148",d4a6530633d1436682ce1332239ffc89b6d5dcc77fd0c19e5cdf8af8965ad11e
pos_train_seq567_hmm_aug003,pos_train_seq567,3,478,87,391,5,0.010460251046025104,0.9895397489539749,1,"20,23,42,47,91",a8fa1c89d537309c05aa7486180e5998480c48aceba73a12634b16c1e9bd8896
pos_train_seq568_hmm_aug003,pos_train_seq568,3,390,47,343,2,0.005128205128205128,0.9948717948717949,1,"60,66",90966bf991f96c33cceb789f02bb7c561d5f62b04b8384ad8d41ff344a1f8ec4
pos_train_seq569_hmm_aug003,pos_train_seq569,3,332,332,0,12,0.03614457831325301,0.963855421686747,1,"21,74,79,105,118,160,204,221,262,263,267,272",ddf264bd02c1dc7e4174c7ced9d6339a5e053bd9667910b4b1b7f9e423116cd8
pos_train_seq570_hmm_aug003,pos_train_seq570,3,456,86,370,3,0.006578947368421052,0.993421052631579,1,"298,302,356",2b55bdf59472e8432eff4cd159ded497f173efdc9c1292c00dc7cca7fa4a261d
pos_train_seq572_hmm_aug003,pos_train_seq572,3,160,157,3,13,0.08125,0.91875,1,"2,15,26,33,36,41,43,54,62,94,112,117,130",7348d9205c2706b86fa625c528c507052b3732807d889b5bf87e3e1f9824f8d1
pos_train_seq573_hmm_aug003,pos_train_seq573,3,265,131,134,8,0.03018867924528302,0.969811320754717,1,"193,211,215,222,225,239,251,260",bc5e4a40e98f2b6976a15c7e7a106ef3ad4414b43cef27e968e9a1a5029c5c4b
pos_train_seq574_hmm_aug003,pos_train_seq574,3,392,224,168,13,0.03316326530612245,0.9668367346938775,1,"21,33,36,43,75,90,108,112,113,239,272,273,281",abe540f91a0c69d83b5d078b72ac1f2dac7c4091855f705b188e928e842a30a7
pos_train_seq576_hmm_aug003,pos_train_seq576,3,443,59,384,3,0.006772009029345372,0.9932279909706546,1,"272,335,348",96447243125e47aa94959064ffbb39a0312bcfc563f9c8fa6a12fbd1f252524e
pos_train_seq577_hmm_aug003,pos_train_seq577,3,281,3,278,1,0.0035587188612099642,0.99644128113879,1,45,079cc68af63bd4f34a2252f8f3a0f6f74c8b77359f1b97f6d3ad2a70ac59e2ee
pos_train_seq579_hmm_aug003,pos_train_seq579,3,175,36,139,2,0.011428571428571429,0.9885714285714285,1,"153,164",e8bf4a52cfcb71c0e091e940db7fb22bad09439297ae06ac1a5ff8bb79daaf04
pos_train_seq580_hmm_aug003,pos_train_seq580,3,501,408,93,22,0.043912175648702596,0.9560878243512974,1,"74,83,92,101,106,120,148,153,186,189,202,206,215,219,248,284,291,293,435,454,459,475",5dc5b504d034cbe1716ccf1e438b5af0761dae326440a0000ed028c9e7c02086
pos_train_seq581_hmm_aug003,pos_train_seq581,3,313,155,158,9,0.02875399361022364,0.9712460063897763,1,"21,27,28,31,52,68,102,133,147",3e87cc8a5bb4beeac7886dbc05b91b0fdf507f815c3c08ca51fef8fd85045584
pos_train_seq582_hmm_aug003,pos_train_seq582,3,363,160,203,10,0.027548209366391185,0.9724517906336088,1,"28,45,53,55,184,251,321,346,352,362",2085985f616fb8c1b50b2aa36ad0247b04cf08af458faf32703c3e870f8c043b
pos_train_seq583_hmm_aug003,pos_train_seq583,3,407,153,254,6,0.014742014742014743,0.9852579852579852,1,"2,12,66,125,137,153",49d0de022c3048844eeb30839bbdcd88a9d8ff2f65acdabe049c4c0f85935d52
pos_train_seq584_hmm_aug003,pos_train_seq584,3,133,119,14,4,0.03007518796992481,0.9699248120300752,1,"78,81,102,115",aa3beb33595d88204aaf2a0bf39616b62757e2f0af348f336ca60d8d05ddfa78
pos_train_seq585_hmm_aug003,pos_train_seq585,3,411,122,289,2,0.004866180048661801,0.9951338199513382,1,"267,297",ced80d40c0b23cce8b1806a878d6684b32c25c4b7d9557f52672a39e0116c243
pos_train_seq587_hmm_aug003,pos_train_seq587,3,163,75,88,2,0.012269938650306749,0.9877300613496932,1,"12,58",958213faf0012ee38d6d300fb7cac254ca74491f2ba0a3ffbeed8ef72ad5e554
pos_train_seq591_hmm_aug003,pos_train_seq591,3,444,254,190,13,0.02927927927927928,0.9707207207207207,1,"181,194,217,237,266,317,328,347,359,366,386,418,437",da30196587a8dd9851d8e6f8389c576d7830f894a0f56f769f7a13f7ed338f7b
pos_train_seq0_hmm_aug004,pos_train_seq0,4,496,354,142,12,0.024193548387096774,0.9758064516129032,1,"121,153,163,167,197,202,220,231,236,270,336,356",434d56de1f69414ff1aa895bf9b2e179646ee9f5afb2ecbe3f19c385d65013d7
pos_train_seq1_hmm_aug004,pos_train_seq1,4,231,231,0,10,0.04329004329004329,0.9567099567099567,1,"20,32,58,103,112,118,131,143,147,228",11d8d60b76124053d691a5886acbe988ccb6a8563370aff7920c84c8bb14fbf5
pos_train_seq2_hmm_aug004,pos_train_seq2,4,163,78,85,5,0.03067484662576687,0.9693251533742331,1,"23,29,35,69,71",0f265e66d8fecfd04ddcacbc0b5f6dc1a125f63a1c67e0d76b4149866ada5e1b
pos_train_seq3_hmm_aug004,pos_train_seq3,4,157,120,37,5,0.03184713375796178,0.9681528662420382,1,"12,19,89,130,150",cae792b5051ced1cb32b57c161f3f80783ce56626dafad541b5360777a508858
pos_train_seq7_hmm_aug004,pos_train_seq7,4,480,148,332,9,0.01875,0.98125,1,"114,119,131,168,246,249,257,321,383",7bffaa4987c1e7594e0182b13f13d581a7f3cb4206fe57ca336bc8261df35959
pos_train_seq8_hmm_aug004,pos_train_seq8,4,180,1,179,1,0.005555555555555556,0.9944444444444445,1,97,bd68d549cd32268771e482a5e3458e85c6ff44f034791bee2039f88a32e9a26a
pos_train_seq10_hmm_aug004,pos_train_seq10,4,474,318,156,16,0.03375527426160337,0.9662447257383966,1,"32,36,58,114,157,161,167,209,224,228,230,231,253,301,302,457",671cdc6702c43c5f59821dcda2989df735666bfc230a09934a87cbf13eb6d588
pos_train_seq11_hmm_aug004,pos_train_seq11,4,378,159,219,8,0.021164021164021163,0.9788359788359788,1,"61,117,134,136,152,163,189,198",499a30b6c6db2f46401683afad9ab9e39e3d585d3e127d5d524fec9a154d7968
pos_train_seq12_hmm_aug004,pos_train_seq12,4,359,6,353,1,0.002785515320334262,0.9972144846796658,1,180,f726b8cd1a09f705cd802fe325d5aad409926862314074e58988ad1c548e66e0
pos_train_seq14_hmm_aug004,pos_train_seq14,4,501,305,196,18,0.03592814371257485,0.9640718562874252,1,"18,26,30,61,100,111,114,126,145,195,201,202,205,252,254,287,297,300",bb2abb108fbdf6ef8a270193fff0536ca4c28eb4b7db0a5ec8294a70793a77dd
pos_train_seq16_hmm_aug004,pos_train_seq16,4,461,210,251,6,0.013015184381778741,0.9869848156182213,1,"12,79,82,156,169,410",d8dd758f1f03fa89b5e784709b281f29e06d1a316088024afd21e95857b996ce
pos_train_seq17_hmm_aug004,pos_train_seq17,4,280,124,156,6,0.02142857142857143,0.9785714285714285,1,"45,46,51,52,79,82",732cb7933b23eccccc3c4fbdc827511cb902435f1c592a0456461c302d7b9e37
pos_train_seq18_hmm_aug004,pos_train_seq18,4,184,171,13,8,0.043478260869565216,0.9565217391304348,1,"27,29,57,75,101,112,124,178",0eb88b5caa26ccefbca35a734cc6b32ed0973e568e22601fa059b39693d7bd1d
pos_train_seq19_hmm_aug004,pos_train_seq19,4,501,305,196,14,0.027944111776447105,0.9720558882235529,1,"19,64,65,78,145,169,207,221,251,294,300,314,354,361",eaddc04a31775ed8db07a9138e2c3c754517c020e2e1d6b79dba029c278ced20
pos_train_seq24_hmm_aug004,pos_train_seq24,4,165,4,161,1,0.006060606060606061,0.9939393939393939,1,159,11b696dd7b940cfa9f303d76950dabaa88cc8ac5f21cce0c40ad87d68b48aeaf
pos_train_seq25_hmm_aug004,pos_train_seq25,4,198,190,8,12,0.06060606060606061,0.9393939393939394,1,"12,20,22,51,83,92,102,125,139,145,172,198",87e73bbe0d1acf05386f9a274dc9406a03f654d531e86a274942f8b07250e222
pos_train_seq28_hmm_aug004,pos_train_seq28,4,391,312,79,13,0.03324808184143223,0.9667519181585678,1,"74,82,151,162,163,181,182,212,232,269,279,308,325",b87bf9f5cc6c4c88f92126f830af60bab6142a7352b918b4b29fa6cda047838c
pos_train_seq29_hmm_aug004,pos_train_seq29,4,267,135,132,7,0.026217228464419477,0.9737827715355806,1,"16,17,63,111,131,134,149",11e0b8c08cdf75c60fbb61a236ba43a567b584dae5d0d5d0ceba1d1a022a59af
pos_train_seq31_hmm_aug004,pos_train_seq31,4,388,18,370,1,0.002577319587628866,0.9974226804123711,1,361,07575097f1640d97dc13a196f46c8bec551c8437783a99392baa2440e62f38ec
pos_train_seq32_hmm_aug004,pos_train_seq32,4,240,131,109,5,0.020833333333333332,0.9791666666666666,1,"111,133,172,200,208",d61604accb637b934d8857c404a57f3b6db0c201235fcea30a5f943ee0982882
pos_train_seq33_hmm_aug004,pos_train_seq33,4,495,493,2,23,0.046464646464646465,0.9535353535353536,1,"7,31,48,74,91,120,147,153,172,174,179,194,217,222,250,264,279,329,360,366,398,465,492",e0a53f6b1f8a34971b7a0fd4c0dda12b5a7eda4698cb6647b3d8f022fc6160c5
pos_train_seq34_hmm_aug004,pos_train_seq34,4,357,189,168,8,0.022408963585434174,0.9775910364145658,1,"74,261,263,278,281,305,334,346",4931bd27cb2a723bfed7d6e8b9d4e37ce9cf03b7cdcda54b011ebc5ed4ddfaa3
pos_train_seq35_hmm_aug004,pos_train_seq35,4,214,135,79,5,0.02336448598130841,0.9766355140186916,1,"22,74,84,96,135",23936063879cedce0220d44df2c650555ecdbed46727cd1f0b938cc7e23b622f
pos_train_seq36_hmm_aug004,pos_train_seq36,4,412,405,7,19,0.04611650485436893,0.9538834951456311,1,"2,10,14,78,113,116,118,140,144,158,197,218,233,257,264,270,328,352,384",263746040362a47e8cc2e2b75fe97dd800c3ce87c74bfc7113aef09565d8151b
pos_train_seq37_hmm_aug004,pos_train_seq37,4,213,94,119,4,0.018779342723004695,0.9812206572769953,1,"30,50,60,61",03e374488e187f438c47667fca60c199ba8e7b4df28e5e1a46ec268cb3529e54
pos_train_seq38_hmm_aug004,pos_train_seq38,4,352,148,204,11,0.03125,0.96875,1,"135,142,147,151,163,196,199,201,204,274,278",b98556278e751acd86068c4031d9c15de3c9a535d2fc2aec2aeb3e4147b58c1c
pos_train_seq39_hmm_aug004,pos_train_seq39,4,328,108,220,6,0.018292682926829267,0.9817073170731707,1,"92,130,269,291,296,311",3f897d8356a4b8947e451cf7be968934ae530ea8688dd97e5e912b2985aacfb5
pos_train_seq42_hmm_aug004,pos_train_seq42,4,387,240,147,6,0.015503875968992248,0.9844961240310077,1,"14,70,73,75,79,233",51b05095a9df7aa8b502635fbdd40234c443a7c6732826537d1fc91ca2411b15
pos_train_seq44_hmm_aug004,pos_train_seq44,4,452,227,225,13,0.028761061946902654,0.9712389380530974,1,"264,267,269,284,308,330,340,344,362,378,390,404,412",a58423cd99e7152d7599b8e8a0eb27cd85ea77e7820d3b3fc9e622c17d8b10e4
pos_train_seq45_hmm_aug004,pos_train_seq45,4,429,252,177,13,0.030303030303030304,0.9696969696969697,1,"21,34,69,78,87,167,176,205,265,281,295,303,312",647072bbb8ee65cfb24d92909818e76b79f08f05e102c4fb86724986899a04f3
pos_train_seq46_hmm_aug004,pos_train_seq46,4,392,47,345,1,0.002551020408163265,0.9974489795918368,1,139,9b7a2f340565c3dea54cab7e14af0926d411eea27c74edc8fecef47805537147
pos_train_seq47_hmm_aug004,pos_train_seq47,4,127,126,1,9,0.07086614173228346,0.9291338582677166,1,"1,11,14,21,39,41,49,104,105",181e6b15358e734d4cde94d7b2b29d1a852e15b10ed42a3ec993a10cf48334b8
pos_train_seq50_hmm_aug004,pos_train_seq50,4,343,145,198,9,0.026239067055393587,0.9737609329446064,1,"194,203,216,245,257,264,275,287,333",0e41d2479757aac66b5b8ad51c83fc7ced08d098ba97d83b59cc4e9c31f130c7
pos_train_seq51_hmm_aug004,pos_train_seq51,4,401,12,389,1,0.0024937655860349127,0.9975062344139651,1,322,94232b229089e6655a80e3123ff18576b18021e3708a218fdd4949efb2523f7c
pos_train_seq52_hmm_aug004,pos_train_seq52,4,175,37,138,1,0.005714285714285714,0.9942857142857143,1,155,ff9436c707c85c9153fae4628bd3ef8ccee35984e21b30e80f9c9d4d8d72d056
pos_train_seq54_hmm_aug004,pos_train_seq54,4,376,282,94,14,0.03723404255319149,0.9627659574468085,1,"12,22,72,85,212,218,223,232,256,262,309,312,333,341",827e838e3df538a88490e50eca6b61b739ba148f171a94d44a29671855ca437a
pos_train_seq55_hmm_aug004,pos_train_seq55,4,393,186,207,14,0.035623409669211195,0.9643765903307888,1,"133,135,156,169,188,191,199,201,207,237,245,260,277,337",60a8b1fc47951d1dd886bb0e0fde72cc6a027c91c546d179780ee675f216f9b8
pos_train_seq57_hmm_aug004,pos_train_seq57,4,246,35,211,3,0.012195121951219513,0.9878048780487805,1,"217,223,230",0a21a333ad59e4fe2d5014c250880dafd0f6e591390bb2dd0abf8c55aa5f4bca
pos_train_seq59_hmm_aug004,pos_train_seq59,4,185,137,48,5,0.02702702702702703,0.972972972972973,1,"77,106,122,137,153",f21a864ca2a1293d539e05bdb5daf88661be2ca998088f4cb0ab5cc896f29807
pos_train_seq60_hmm_aug004,pos_train_seq60,4,341,304,37,17,0.04985337243401759,0.9501466275659824,1,"5,17,70,80,83,92,122,141,170,200,202,227,237,245,265,283,301",a792728bf40203f796367eba2ada9ec4d2c9c3bd736a64874eb42faea02ea9f5
pos_train_seq65_hmm_aug004,pos_train_seq65,4,341,271,70,19,0.05571847507331378,0.9442815249266863,1,"92,94,113,157,182,184,193,217,218,221,233,250,257,275,278,295,305,319,321",6e7d87efccfc03c4d432916c2e0b0bf436609b90c1bac0cdcff4b088058e166a
pos_train_seq66_hmm_aug004,pos_train_seq66,4,481,468,13,20,0.04158004158004158,0.9584199584199584,1,"16,19,107,117,129,135,207,209,215,236,267,270,277,280,307,391,403,404,434,439",a56a01afba84f8506e42c1512ea4657a087b8e99a2850fb302bed8856452c20e
pos_train_seq67_hmm_aug004,pos_train_seq67,4,326,314,12,19,0.05828220858895705,0.941717791411043,1,"45,64,73,93,101,127,129,130,154,168,174,175,197,204,218,238,257,280,321",e89ca63634e93432b4a392d1bfd3738b91d6d0543a706cbe4635e5e7ff8bc1a6
pos_train_seq68_hmm_aug004,pos_train_seq68,4,341,228,113,10,0.02932551319648094,0.9706744868035191,1,"34,47,50,76,123,272,282,302,317,329",6ec490f05f888203417a0427a2d92cf4603607957ba63763b5da0eb14c57510b
pos_train_seq69_hmm_aug004,pos_train_seq69,4,394,379,15,25,0.06345177664974619,0.9365482233502538,1,"17,46,63,101,104,114,145,146,160,164,177,191,233,244,288,297,301,306,316,318,325,336,340,373,386",8004cefaacb4ed68771f9cf57a669d7e06c14193803bb9b8e0a77eea2e12a016
pos_train_seq70_hmm_aug004,pos_train_seq70,4,130,78,52,3,0.023076923076923078,0.9769230769230769,1,"61,66,108",1e2bc11dbc0c8c77454978ceda467a158e991ebee6a6a9086214fcbfbc69f3a4
pos_train_seq73_hmm_aug004,pos_train_seq73,4,201,191,10,10,0.04975124378109453,0.9502487562189055,1,"7,16,25,80,98,145,147,151,156,173",01d670fef7a9ed41c1e5691fc788c9bd3674a8fc82a2c14649be4ec08270d3ed
pos_train_seq75_hmm_aug004,pos_train_seq75,4,501,173,328,2,0.003992015968063872,0.9960079840319361,1,"24,227",547d6680129cc8927cf23fdac7fa18ab51ffda5f51a766b679c5a2e9e9a48b47
pos_train_seq76_hmm_aug004,pos_train_seq76,4,183,123,60,6,0.03278688524590164,0.9672131147540983,1,"48,51,63,71,72,93",1821c858f0b6ddd7150b5d62e41f6f0e0a435ae6c096f9600d48caf2e4a14bf3
pos_train_seq79_hmm_aug004,pos_train_seq79,4,178,157,21,8,0.0449438202247191,0.9550561797752809,1,"37,70,78,91,93,125,136,139",22756716cc6f021fb05f70764a388ddbcc1b18c30ed23012733622b82b2bd034
pos_train_seq80_hmm_aug004,pos_train_seq80,4,427,281,146,14,0.03278688524590164,0.9672131147540983,1,"118,149,151,170,193,202,207,208,344,352,388,401,409,411",397434d31814f79a7b1ee87c93a5488f46af7dd842b1475a9392cf1c1ea64d25
pos_train_seq82_hmm_aug004,pos_train_seq82,4,479,466,13,39,0.081419624217119,0.918580375782881,1,"5,10,18,45,49,73,89,103,118,129,145,146,148,152,164,173,176,178,179,200,211,219,226,230,231,255,259,260,319,326,345,382,394,415,423,436,456,457,471",5e6ac48134d97b5cf5954af2dbb392b492ae109ce24d9c0a37f33ff6aea14d85
pos_train_seq86_hmm_aug004,pos_train_seq86,4,377,318,59,17,0.04509283819628647,0.9549071618037135,1,"15,23,33,34,38,144,167,217,224,233,276,289,294,300,304,328,330",e1d373c66917f2a2987c124bd1aa19189723477b2108148f7ef8842b35d75eb2
pos_train_seq87_hmm_aug004,pos_train_seq87,4,321,199,122,12,0.037383177570093455,0.9626168224299065,1,"129,176,180,188,209,224,234,252,258,265,269,270",8996af5ec0b1901d82f997df9910fd81d8d9fadd46d2a9844fa4ded194f4a396
pos_train_seq89_hmm_aug004,pos_train_seq89,4,493,325,168,15,0.030425963488843813,0.9695740365111561,1,"57,60,115,137,140,154,202,262,263,289,313,333,335,366,491",e2b8432c6283a7d1d75b89b190b771e91957f6ebbe00c8d5de819af72fe0fbd8
pos_train_seq90_hmm_aug004,pos_train_seq90,4,435,229,206,17,0.03908045977011494,0.960919540229885,1,"128,227,246,249,266,267,269,273,274,298,334,352,358,374,375,378,407",6707c2ef3842f98e520be0ac21e77881bb3f40fab0385bec28b1c973802bc550
pos_train_seq91_hmm_aug004,pos_train_seq91,4,472,313,159,12,0.025423728813559324,0.9745762711864406,1,"13,29,54,79,90,128,168,169,314,325,347,355",1a75de892152636153811208ae8539dff6e388f26d6100e10abaf796205efb9c
pos_train_seq93_hmm_aug004,pos_train_seq93,4,316,127,189,10,0.03164556962025317,0.9683544303797469,1,"69,88,96,99,103,104,129,140,150,162",3f805ecbddbb42956428fc4bcb1df227c2f7a48566c43849f6dd6520f1092ef4
pos_train_seq94_hmm_aug004,pos_train_seq94,4,422,246,176,10,0.023696682464454975,0.976303317535545,1,"41,78,85,90,91,126,184,203,384,411",05bb9a5e04ed47a3a6a1bb13482600eb5d53737a803f3590a1884f5b88bdd316
pos_train_seq95_hmm_aug004,pos_train_seq95,4,341,168,173,14,0.04105571847507331,0.9589442815249267,1,"11,12,14,16,19,45,49,54,75,76,112,118,142,177",cdb9f9a36afdeff048fcef29f7dc068302b2ac10b6d75941256991fbf3149775
pos_train_seq96_hmm_aug004,pos_train_seq96,4,336,214,122,12,0.03571428571428571,0.9642857142857143,1,"21,51,54,63,70,85,114,121,292,305,316,319",9756d930d24a6a7b6b5bae2f0bba773786ba770fe77e1a1f649efd89f6778ae1
pos_train_seq97_hmm_aug004,pos_train_seq97,4,191,117,74,6,0.031413612565445025,0.9685863874345549,1,"27,31,130,133,138,171",165f6846fbfbbc83aa1bcdb5987737fa9a95ce22144fd76a0e26db283b007d29
pos_train_seq98_hmm_aug004,pos_train_seq98,4,178,107,71,5,0.028089887640449437,0.9719101123595506,1,"78,105,130,160,166",0afbbab2e47848090b0fc28568472edb202b691423c2a19d8939ee497e7a14a8
pos_train_seq99_hmm_aug004,pos_train_seq99,4,125,114,11,7,0.056,0.944,1,"18,28,46,103,109,111,125",ba01d5659ab077fe5facd9b758d60c51767cb3213828fd839dea8336bd7cf3d6
pos_train_seq101_hmm_aug004,pos_train_seq101,4,297,210,87,6,0.020202020202020204,0.9797979797979798,1,"94,106,114,195,211,239",e59c6549565f8d2cb83a696641ab2693a6e9fe391d36d4fcd468acd07085ecfe
pos_train_seq103_hmm_aug004,pos_train_seq103,4,426,256,170,10,0.023474178403755867,0.9765258215962441,1,"8,75,91,108,144,175,199,225,227,389",fdc2c7cef1444525c2184dd9bfcbfa76c3139197a21e889384d273ec1606ad4a
pos_train_seq104_hmm_aug004,pos_train_seq104,4,332,326,6,11,0.03313253012048193,0.9668674698795181,1,"28,35,57,58,67,77,86,96,114,249,273",b5ae8c628fa98c4cf0942b6b18635843ab8530ccbeee00a08c054294bebab90e
pos_train_seq105_hmm_aug004,pos_train_seq105,4,380,78,302,4,0.010526315789473684,0.9894736842105263,1,"282,287,337,377",f31dda739b9228b35ba04f09be79a338d5e7ce3d6c4519bb155fdf8c8731a2c5
pos_train_seq106_hmm_aug004,pos_train_seq106,4,320,156,164,4,0.0125,0.9875,1,"42,74,109,145",3e4f7eb23d381246b308897b806ce99e7b4c53767e989cfc5c6cf86cc9cf6988
pos_train_seq107_hmm_aug004,pos_train_seq107,4,219,162,57,5,0.0228310502283105,0.9771689497716896,1,"14,62,101,105,137",4542c9e76c949339b4026724efc1818da157103c2d868e88a9160a990f50c6ea
pos_train_seq108_hmm_aug004,pos_train_seq108,4,189,181,8,13,0.06878306878306878,0.9312169312169312,1,"7,35,62,96,98,99,107,120,139,142,156,169,173",d32c4d027a227ff5594f6069c949e18bdf40ae771371f403b16c00995563e0bf
pos_train_seq109_hmm_aug004,pos_train_seq109,4,244,75,169,2,0.00819672131147541,0.9918032786885246,1,"125,135",c5738fe24af77696bbb93417e3da5f39868adaf873035124dd14f009b6d4639e
pos_train_seq112_hmm_aug004,pos_train_seq112,4,194,36,158,1,0.005154639175257732,0.9948453608247423,1,65,709f6bd98e10ff269e7ff2a3c73678716f78ca74d5199cab52bd15fcc4990396
pos_train_seq113_hmm_aug004,pos_train_seq113,4,427,344,83,17,0.03981264637002342,0.9601873536299765,1,"29,86,98,108,201,207,250,258,279,302,328,338,341,359,388,399,406",4ad86701462f41f7cbd8bfb97e15c02b7359198a0553fef80b173c7e00aa5c45
pos_train_seq116_hmm_aug004,pos_train_seq116,4,272,267,5,5,0.01838235294117647,0.9816176470588235,1,"27,40,129,240,251",aaee1fc836316149f2b9f0e578e90b4e301e0b8cfb0c8b944579a150b38430a2
pos_train_seq118_hmm_aug004,pos_train_seq118,4,339,177,162,13,0.038348082595870206,0.9616519174041298,1,"171,193,200,203,220,227,239,269,276,280,292,296,315",558f64236adf812b163903ffe10913c7e968fe9d01751e2a7136d75c901d237d
pos_train_seq119_hmm_aug004,pos_train_seq119,4,471,157,314,6,0.012738853503184714,0.9872611464968153,1,"88,100,146,162,170,196",c1f37dcb25ef98657e18632a363fb03a481496d7693eae61c8c504ddf8c04e5b
pos_train_seq121_hmm_aug004,pos_train_seq121,4,172,131,41,5,0.029069767441860465,0.9709302325581395,1,"39,53,87,92,140",b3694a0bfd25ea25fe1ea9995dc51c1aa1b37e3a07df4949892e664990bf0c21
pos_train_seq122_hmm_aug004,pos_train_seq122,4,175,157,18,8,0.045714285714285714,0.9542857142857143,1,"43,63,73,86,98,123,126,138",362de05deb86f22944f4b74b91daae7341895111072dcfd824ef4f699a0b0143
pos_train_seq123_hmm_aug004,pos_train_seq123,4,175,37,138,3,0.017142857142857144,0.9828571428571429,1,"142,150,157",b457dc81c9b61db7b3b9303ac4b79a15ff80a9c77a5b92ea5cec90c2f9f10f82
pos_train_seq124_hmm_aug004,pos_train_seq124,4,375,285,90,15,0.04,0.96,1,"12,14,36,51,53,54,73,115,131,145,152,154,173,205,291",8a235b4ebda7292e7fb4a05aa939cf459a18f91144ec2af70c55ac019dedf4b3
pos_train_seq126_hmm_aug004,pos_train_seq126,4,196,188,8,11,0.05612244897959184,0.9438775510204082,1,"36,48,62,83,105,130,141,150,153,177,185",1acdc363c98e31147988b038acb9277bc9bc277b1b825c7fbb07fbf79aee88ce
pos_train_seq127_hmm_aug004,pos_train_seq127,4,454,363,91,21,0.046255506607929514,0.9537444933920705,1,"87,99,115,116,123,140,158,176,191,198,203,261,293,332,333,334,357,368,380,385,414",d16ebba63019450050b7bb196adccf98e650e07d63e4ad9b84402405705f22c8
pos_train_seq129_hmm_aug004,pos_train_seq129,4,385,19,366,2,0.005194805194805195,0.9948051948051948,1,"330,334",2622241be2a9053d2c2a36382c63662cf4720237f409f208d380afe7fcb9ed81
pos_train_seq130_hmm_aug004,pos_train_seq130,4,307,47,260,1,0.003257328990228013,0.996742671009772,1,192,f65ee7b061420e3cc07a37304659e00fc909b8ba1779e38ca29f39e1bdf8b1c4
pos_train_seq132_hmm_aug004,pos_train_seq132,4,241,59,182,1,0.004149377593360996,0.995850622406639,1,152,4006dc2263bde6f00a0952eb0e8d9408b8fd3c914704e1892b13bb61771dd08f
pos_train_seq133_hmm_aug004,pos_train_seq133,4,284,83,201,5,0.017605633802816902,0.9823943661971831,1,"91,123,133,139,148",3495130416e06b90ffc4f453af54b1159495b52b3e0addd65cbc4495e2c9174d
pos_train_seq135_hmm_aug004,pos_train_seq135,4,185,73,112,2,0.010810810810810811,0.9891891891891892,1,"57,142",5127297744d757f6667774e88dc7c9fa19e3b82cad1480c9ef1cd9ca61294054
pos_train_seq137_hmm_aug004,pos_train_seq137,4,435,239,196,5,0.011494252873563218,0.9885057471264368,1,"117,134,138,158,216",8f0aff135046b473f6a2ce87f4c43a57f7b25717131ac821b29717953dd792bd
pos_train_seq138_hmm_aug004,pos_train_seq138,4,452,88,364,3,0.00663716814159292,0.9933628318584071,1,"57,61,89",bdbe925a0b08835776fba0510d53ba5f4c2a28e1f95ab454612111cdf3f781b8
pos_train_seq139_hmm_aug004,pos_train_seq139,4,297,179,118,5,0.016835016835016835,0.9831649831649831,1,"99,119,202,229,252",68e83a685d4c0c382072520b2b886a0beb0c74bd52fdc6bb9b88511fbd9fc4ba
pos_train_seq140_hmm_aug004,pos_train_seq140,4,414,249,165,5,0.012077294685990338,0.9879227053140096,1,"23,84,168,190,233",1ed9d8fc59993227ab298651c6920817f8684d2b6dbc04ac72a4156e50e6b09b
pos_train_seq143_hmm_aug004,pos_train_seq143,4,454,373,81,21,0.046255506607929514,0.9537444933920705,1,"50,59,87,92,100,114,115,130,141,162,170,202,220,224,225,231,304,334,349,370,377",f976cab35286a154021832017c2da2f60536dd95cbc444508f6203b16cd5854c
pos_train_seq144_hmm_aug004,pos_train_seq144,4,437,99,338,5,0.011441647597254004,0.988558352402746,1,"93,101,138,160,164",406bca99cb8a70fd823115facbe31cb2f4dcec2194b88f2a69491274ac8c37f4
pos_train_seq145_hmm_aug004,pos_train_seq145,4,441,4,437,1,0.0022675736961451248,0.9977324263038548,1,351,071692bcee4874ab329fccf55235a13c89521d17e61a8c8c54ee8a0871278c5f
pos_train_seq146_hmm_aug004,pos_train_seq146,4,196,39,157,3,0.015306122448979591,0.9846938775510204,1,"100,105,112",1579ec72760694748da47ea8874fa7357b54b6279b2ae50da90c4efd0e952e2f
pos_train_seq148_hmm_aug004,pos_train_seq148,4,475,327,148,12,0.02526315789473684,0.9747368421052631,1,"150,159,184,186,197,242,333,347,357,382,437,459",2db866afcd5f4c9f6ebe2bae31ebd0a9970cf902632032758857f870d3673c3c
pos_train_seq151_hmm_aug004,pos_train_seq151,4,414,360,54,15,0.036231884057971016,0.9637681159420289,1,"18,24,33,43,67,123,147,194,205,244,269,346,355,374,380",c4ae39dd509fd45c01232b26bd1c1ba5efed22ccac207c77a8745bb37bcfecc8
pos_train_seq153_hmm_aug004,pos_train_seq153,4,163,75,88,2,0.012269938650306749,0.9877300613496932,1,"25,68",88071b8997005f2812819e463745bc4d84a9eec5dd9509deecbf8d53843e8210
pos_train_seq155_hmm_aug004,pos_train_seq155,4,471,138,333,6,0.012738853503184714,0.9872611464968153,1,"47,75,82,98,106,139",734b220242018f4adc6abc1192b4379ce99d51fd33eaf47d6ed1ca43ba5ebee5
pos_train_seq157_hmm_aug004,pos_train_seq157,4,268,245,23,9,0.033582089552238806,0.9664179104477612,1,"152,162,167,176,204,224,234,253,260",03b112e4f2583db4b4595f0d74658aa6a4ce78bb03348e791c63f607b58f8f05
pos_train_seq158_hmm_aug004,pos_train_seq158,4,214,189,25,13,0.06074766355140187,0.9392523364485982,1,"31,41,66,78,81,93,95,112,116,123,181,187,210",f90946ef181e3d20be0cdec384e7a61379d1241ff33824bda04db841b69a8aaf
pos_train_seq160_hmm_aug004,pos_train_seq160,4,311,155,156,13,0.04180064308681672,0.9581993569131833,1,"15,17,53,100,103,105,109,130,139,144,155,156,167",27031749c27e91798e43be5397b5040fc097dd99a24aefa28a37c36e2a3756de
pos_train_seq161_hmm_aug004,pos_train_seq161,4,501,84,417,8,0.015968063872255488,0.9840319361277445,1,"296,308,316,321,355,359,360,361",8a9a2444755e444e4eaee4405d25d58e5bf36569f5fc523ad7160c5c3e40aa30
pos_train_seq163_hmm_aug004,pos_train_seq163,4,163,72,91,5,0.03067484662576687,0.9693251533742331,1,"22,34,43,52,79",0c0b4e5662e8874abc65a99de0c38971780cc59149d05fbd26f0e841978f9238
pos_train_seq165_hmm_aug004,pos_train_seq165,4,457,403,54,30,0.06564551422319474,0.9343544857768052,1,"23,39,66,85,119,121,124,135,137,144,150,154,178,194,196,202,208,221,225,228,247,261,265,275,292,295,311,330,401,422",7cd6b7a448f9322fa66fb7d916f8a31524781976e927bc9565f12886a8caa0a4
pos_train_seq166_hmm_aug004,pos_train_seq166,4,178,165,13,10,0.056179775280898875,0.9438202247191011,1,"26,54,61,72,108,123,125,131,153,165",b5162766b94778879808856c03b36a57bf2f5ca267da24f743fca83edb1c98b0
pos_train_seq169_hmm_aug004,pos_train_seq169,4,130,23,107,2,0.015384615384615385,0.9846153846153847,1,"64,70",2323582251b0270295ce7834ad8934fbaf8623f2de531ea24abe399ac07ab49b
pos_train_seq171_hmm_aug004,pos_train_seq171,4,69,5,64,1,0.014492753623188406,0.9855072463768116,1,34,f496ff917ffa0ff5063b18e5961ab1881f2ccf6dda4062e321358b1965b92468
pos_train_seq173_hmm_aug004,pos_train_seq173,4,431,258,173,13,0.030162412993039442,0.9698375870069605,1,"19,20,35,43,47,84,118,125,130,175,219,246,252",f3a503bd2e73ef2aaf4e0be96b0c1a8951f1a561b55a66bde3166d29c27616bf
pos_train_seq174_hmm_aug004,pos_train_seq174,4,453,50,403,1,0.002207505518763797,0.9977924944812362,1,15,3c9610572e91c5f145696fca79b3e072631ccba6cccb3690e7650833e97bf124
pos_train_seq176_hmm_aug004,pos_train_seq176,4,175,37,138,2,0.011428571428571429,0.9885714285714285,1,"1,145",09a44d9284da995f93c1039324321a544454783b73da0bd34cc267ad81c3a683
pos_train_seq178_hmm_aug004,pos_train_seq178,4,321,1,320,1,0.003115264797507788,0.9968847352024922,1,321,101b24e9595fbc40d526b1dfe28b12252920b469b8ef8c392f06407371a22f32
pos_train_seq179_hmm_aug004,pos_train_seq179,4,134,7,127,1,0.007462686567164179,0.9925373134328358,1,26,e751f9739aa238c40b98efa68c45bf8a826b7d7718263114673ea587f28ecb58
pos_train_seq180_hmm_aug004,pos_train_seq180,4,405,23,382,1,0.0024691358024691358,0.9975308641975309,1,38,ca1c7473423ad6d293909bd0e72eea7f4c8206df534ebcb3af29f50f68e7291c
pos_train_seq181_hmm_aug004,pos_train_seq181,4,175,36,139,3,0.017142857142857144,0.9828571428571429,1,"136,148,160",906f72df5cafe9e5ee8758815b1c9d081b0a1ef39ce07f9951f79478392a5e77
pos_train_seq183_hmm_aug004,pos_train_seq183,4,412,411,1,14,0.03398058252427184,0.9660194174757282,1,"13,83,92,160,173,195,208,215,231,295,326,340,348,407",2981d30a052d0478403d43771921e230a33e6d0e32c71bb03b34e57160497fc9
pos_train_seq184_hmm_aug004,pos_train_seq184,4,158,145,13,6,0.0379746835443038,0.9620253164556962,1,"19,22,40,97,99,130",ba7a1519566eaf2dda6a526d51251a86d00e7e0690cb57b5369282c37ba1ac24
pos_train_seq185_hmm_aug004,pos_train_seq185,4,494,236,258,17,0.03441295546558704,0.9655870445344129,1,"26,32,34,37,54,57,106,116,133,136,138,143,147,152,184,193,236",7bdea0b30c4dabcf4758e9913a8fcb197344cc4bcc3fdb6b4090d9d4c1eb051e
pos_train_seq186_hmm_aug004,pos_train_seq186,4,240,1,239,1,0.004166666666666667,0.9958333333333333,1,1,1ea323ca0c68e743e3de9020f68d42950c47038069ed9add9f09f66b01a8a88c
pos_train_seq187_hmm_aug004,pos_train_seq187,4,136,106,30,3,0.022058823529411766,0.9779411764705882,1,"40,55,130",c762e24259626b9713f93be3387f9fca8cc72a021947c2bcc47bd6347bb5be34
pos_train_seq188_hmm_aug004,pos_train_seq188,4,326,211,115,11,0.03374233128834356,0.9662576687116564,1,"27,37,39,88,150,167,170,177,187,247,307",96d8eb48cdb7b7f6f994e2ccb5cc8493fe163dbe9540211f140c5b7f6fd8c328
pos_train_seq189_hmm_aug004,pos_train_seq189,4,180,158,22,12,0.06666666666666667,0.9333333333333333,1,"38,43,55,69,73,74,81,89,106,114,152,156",4793b8f66d8fe5ec9b6ca2000309d49164fb5a4e00aba74fb3661b731a8ff4eb
pos_train_seq190_hmm_aug004,pos_train_seq190,4,255,239,16,12,0.047058823529411764,0.9529411764705882,1,"36,44,54,80,84,110,146,215,223,224,231,232",52d58bbe0a25fd6fd2705542a1f0ad2a452b60f74049f03b5d9d7ebeca651a00
pos_train_seq191_hmm_aug004,pos_train_seq191,4,175,36,139,1,0.005714285714285714,0.9942857142857143,1,1,e7acb166302e8599c959133df77f72efa04adf4f7c2ead9517a48450c0a95d20
pos_train_seq193_hmm_aug004,pos_train_seq193,4,213,136,77,7,0.03286384976525822,0.9671361502347418,1,"77,117,142,158,172,179,180",c5448d10cf3b0a0a11c1380362b340fd7e40f2d9b1704b5c73fb68e0c65c0271
pos_train_seq195_hmm_aug004,pos_train_seq195,4,483,372,111,19,0.039337474120082816,0.9606625258799172,1,"117,127,194,198,201,208,216,252,254,288,289,304,360,366,373,397,442,452,459",3229a4680b09f2ca978173d6764dd55d35b911a9b3e6d593038acfd815cb0420
pos_train_seq197_hmm_aug004,pos_train_seq197,4,373,9,364,1,0.002680965147453083,0.9973190348525469,1,372,7539fc8fcc18542bdf5d9f26e0e0884072cf45e191c37ab9465fc59cb90957cd
pos_train_seq199_hmm_aug004,pos_train_seq199,4,25,7,18,1,0.04,0.96,1,1,9d3bd4504cf2ca5556539ee12aeb667a1d7944a9cff820759cc8382c99acc2a0
pos_train_seq200_hmm_aug004,pos_train_seq200,4,317,317,0,15,0.0473186119873817,0.9526813880126183,1,"3,17,58,81,85,124,143,158,161,207,209,219,260,303,315",a097c15763d156a887d79c12a23c70591b9efd081fcd6603d7834dbdd97f3fe6
pos_train_seq201_hmm_aug004,pos_train_seq201,4,403,288,115,11,0.02729528535980149,0.9727047146401985,1,"134,141,150,227,259,322,353,361,362,377,379",af15c0ccf2dc6ea70d481bccde94e4bce9768cea42ce74787576141a6ea19c8e
pos_train_seq203_hmm_aug004,pos_train_seq203,4,480,82,398,2,0.004166666666666667,0.9958333333333333,1,"370,372",2bdff3f6fa90b9860ffee8c8edea09f32bb38b28d97c1c1b8296c134f4ed0995
pos_train_seq204_hmm_aug004,pos_train_seq204,4,507,351,156,19,0.03747534516765286,0.9625246548323472,1,"158,171,177,180,184,206,208,217,245,258,268,282,298,360,414,462,468,498,499",5045d48ca0aedf973000b843b1b1c098e217f6c8be65a9ca051f426084acfe10
pos_train_seq206_hmm_aug004,pos_train_seq206,4,101,33,68,4,0.039603960396039604,0.9603960396039604,1,"37,53,65,66",7d9f7982a5b3499de5405ba4362e643b79865c2f2b9819f7da0df648812ab0b9
pos_train_seq207_hmm_aug004,pos_train_seq207,4,509,322,187,16,0.03143418467583497,0.9685658153241651,1,"3,8,20,41,61,135,140,151,204,209,233,243,254,359,372,506",18ef4706fb16b1db9ac46836b629fc1df61f73c78b6cbd7e691c6a862769a1c0
pos_train_seq208_hmm_aug004,pos_train_seq208,4,224,201,23,13,0.05803571428571429,0.9419642857142857,1,"12,15,29,30,36,41,43,48,81,91,100,162,182",f443f4f5f01dce70d149f4bbc6e3f85f032fd845b2b64d783643f6dd0899f0bc
pos_train_seq209_hmm_aug004,pos_train_seq209,4,501,305,196,17,0.033932135728542916,0.9660678642714571,1,"58,65,69,80,94,147,193,202,209,235,248,285,292,299,303,343,348",bba0941e7ad9ef83940f0a3e6fe8a357829f241b3814d1d78830faf1d5f7c4ba
pos_train_seq210_hmm_aug004,pos_train_seq210,4,239,239,0,13,0.05439330543933055,0.9456066945606695,1,"27,29,63,87,104,114,124,139,148,151,153,174,196",22b136994a190e80935a25977a1198e159fe77ad688ef5bb0b2d378532b7d383
pos_train_seq211_hmm_aug004,pos_train_seq211,4,406,29,377,2,0.0049261083743842365,0.9950738916256158,1,"5,29",a1b8ebe08f7c3c31523292e59fc5c1783cb8f540642fcf5bc1859ad9b104bef7
pos_train_seq212_hmm_aug004,pos_train_seq212,4,175,37,138,1,0.005714285714285714,0.9942857142857143,1,143,a6d711decbb4dde8ae6d84249ea391e75e5c86c73787e6a446736101341830fd
pos_train_seq213_hmm_aug004,pos_train_seq213,4,361,124,237,5,0.013850415512465374,0.9861495844875346,1,"248,266,300,301,334",f0e61ce2dc533bde304ac25de379fea9a1d0ee6eb615bb2e404a3cc41470dace
pos_train_seq215_hmm_aug004,pos_train_seq215,4,475,473,2,17,0.035789473684210524,0.9642105263157895,1,"6,46,48,81,190,196,203,209,225,243,249,305,352,353,400,401,450",ed468342bddd12f2bcd0364d3d16fe4de788a8a2a1571e55d902044be2d3b77a
pos_train_seq216_hmm_aug004,pos_train_seq216,4,419,138,281,7,0.016706443914081145,0.9832935560859188,1,"101,116,124,129,130,309,357",78d72b43e0a9e7eb5d5e378d00551ac3c1d12eebb520e6bf12c792a733c86de5
pos_train_seq217_hmm_aug004,pos_train_seq217,4,91,88,3,3,0.03296703296703297,0.967032967032967,1,"42,80,90",e0524d57db96d3c6ce8eea5edd18314749590e4aaed3bc0f4f9c353f3af77a2b
pos_train_seq218_hmm_aug004,pos_train_seq218,4,503,246,257,10,0.019880715705765408,0.9801192842942346,1,"35,273,287,302,318,341,372,379,417,490",717790ae4926ab1290f4b40c4876d4199e5621c53aa75f65345d12820a7ebe4c
pos_train_seq219_hmm_aug004,pos_train_seq219,4,111,104,7,4,0.036036036036036036,0.963963963963964,1,"68,75,97,110",d73f917f43ac71c9bf8013dc8108f6fe118d539ccff4d1b7900c10a4d0d45eb5
pos_train_seq220_hmm_aug004,pos_train_seq220,4,361,2,359,1,0.002770083102493075,0.997229916897507,1,271,496fb98c9a72a6813533c4393f4aca91c0d6c24dd9bd5fc96b16c5344267bf62
pos_train_seq221_hmm_aug004,pos_train_seq221,4,175,37,138,2,0.011428571428571429,0.9885714285714285,1,"133,140",3f39899b71a2e06eb3eab003cf6f698c37a6775049d0c0cf76f8100fd3f99098
pos_train_seq222_hmm_aug004,pos_train_seq222,4,440,212,228,10,0.022727272727272728,0.9772727272727273,1,"1,2,44,54,60,128,133,135,171,176",2b9ef8422ac2df15f8e03d5f0e5cc7f1891a41cdb70c067e8437f31a48171271
pos_train_seq223_hmm_aug004,pos_train_seq223,4,338,303,35,10,0.029585798816568046,0.9704142011834319,1,"89,99,102,125,162,177,255,268,312,313",f77225bd478025d25d58041c528044f827f55a45c52609d5dbc63ff31432bdc3
pos_train_seq228_hmm_aug004,pos_train_seq228,4,223,38,185,1,0.004484304932735426,0.9955156950672646,1,114,926fa6c65149b6b8477d1d1da5ddffe0c3a75adbeb0c90ecead994e79adf1d9c
pos_train_seq229_hmm_aug004,pos_train_seq229,4,320,154,166,8,0.025,0.975,1,"33,61,73,97,144,146,147,159",d0d8688e911fc6e0ab350ed623247682f6e6ccf8eaa6359be31f7bde408480d0
pos_train_seq231_hmm_aug004,pos_train_seq231,4,375,98,277,3,0.008,0.992,1,"243,264,330",339ef374a9d8cc05ba49847f7075db8e8b97d33845bfe01b1fee56bcc382ca4c
pos_train_seq233_hmm_aug004,pos_train_seq233,4,281,253,28,15,0.05338078291814947,0.9466192170818505,1,"43,124,127,136,153,154,163,164,179,184,211,223,231,252,253",95bf04fdb69deaec02536dc8b563daa558a438639c5b006266faa0636b9ffdc2
pos_train_seq234_hmm_aug004,pos_train_seq234,4,472,175,297,10,0.0211864406779661,0.978813559322034,1,"281,298,303,337,345,346,355,366,394,432",c80513f6e2b44439c8c4f2e60d80f2c6512be1c486c896a95e0ff4f17c4dadb3
pos_train_seq236_hmm_aug004,pos_train_seq236,4,453,219,234,12,0.026490066225165563,0.9735099337748344,1,"78,87,112,116,118,119,135,136,162,171,194,347",6bfaa175cfe639e7393e15c252021176eeab137d4e9d97b755949d82b6a5bba6
pos_train_seq238_hmm_aug004,pos_train_seq238,4,158,1,157,1,0.006329113924050633,0.9936708860759493,1,148,5cb76665899d55a947b94760de9062d6b948bec268c4fe5cc12dd0e99119501c
pos_train_seq239_hmm_aug004,pos_train_seq239,4,502,140,362,3,0.00597609561752988,0.9940239043824701,1,"29,88,144",07d1077cacad26335f266a29033c04f4a2e02e86be1817cf475047348cd1c8f2
pos_train_seq240_hmm_aug004,pos_train_seq240,4,341,168,173,13,0.03812316715542522,0.9618768328445748,1,"2,16,30,88,97,102,104,105,124,127,149,155,162",1fa95087361d78bf84c08fc84c70cc77a5d889bfa2f1bd476e197b0fec62ae38
pos_train_seq243_hmm_aug004,pos_train_seq243,4,382,6,376,2,0.005235602094240838,0.9947643979057592,1,"256,258",d112b0693ef6aa65173cd6dd3b68fb842883956136f8495e4453b40fab2f037e
pos_train_seq244_hmm_aug004,pos_train_seq244,4,500,359,141,11,0.022,0.978,1,"42,161,163,177,251,311,317,321,324,343,405",0908200aa4abb1e6aaa37f88f28236e3e0f1374a8125ced5bd7c9d8056443a36
pos_train_seq246_hmm_aug004,pos_train_seq246,4,88,41,47,3,0.03409090909090909,0.9659090909090909,1,"68,84,86",d7ebe860ae8d5ed1708b90f6dc39c84a81b2c1be4dd0087ac820a4c8f92984d6
pos_train_seq247_hmm_aug004,pos_train_seq247,4,184,171,13,10,0.05434782608695652,0.9456521739130435,1,"68,78,95,104,119,131,132,138,141,180",0ec5f67e0312defe08ed3a90e05e9708c93ec9095bf1a7b51a39c067efed2aa5
pos_train_seq248_hmm_aug004,pos_train_seq248,4,449,299,150,12,0.026726057906458798,0.9732739420935412,1,"78,95,124,149,158,189,196,309,333,347,351,366",52b214567e726f1ead3b67054fa7c7e252b21f3eac7898da8f0016ba79157fcb
pos_train_seq249_hmm_aug004,pos_train_seq249,4,184,171,13,6,0.03260869565217391,0.967391304347826,1,"74,88,98,117,161,178",471c4cb1352bc2ca02d009ab9c7b94aa0a0c4db7a292a0e556c8ca1056cd9708
pos_train_seq250_hmm_aug004,pos_train_seq250,4,462,293,169,15,0.032467532467532464,0.9675324675324676,1,"147,153,217,224,226,246,247,282,325,328,329,343,360,374,380",ded1c35866502abf7b9bc7129912d40ab177d1297f54c42761959deb321c9fb7
pos_train_seq251_hmm_aug004,pos_train_seq251,4,482,211,271,8,0.016597510373443983,0.983402489626556,1,"19,20,46,59,69,88,107,335",206a15cc25b28f3395425f638fb7a72a340f2d89646d07f9240e18bd20351a14
pos_train_seq254_hmm_aug004,pos_train_seq254,4,411,155,256,6,0.014598540145985401,0.9854014598540146,1,"38,47,61,76,128,178",2bcf7b63004e76e5ee3021a7da9d9fd990788e9cd17072537c982b294f586acc
pos_train_seq257_hmm_aug004,pos_train_seq257,4,294,75,219,5,0.017006802721088437,0.9829931972789115,1,"37,115,119,134,140",3a93c01afba895b03a5c69c66c5a93f788e6182243ba19d8372262cfbf06622f
pos_train_seq258_hmm_aug004,pos_train_seq258,4,191,118,73,5,0.02617801047120419,0.9738219895287958,1,"25,122,173,177,189",f428cccdef35816cc91f7c106d8376f2c6031771e1e879f8e1f576b612ac19b7
pos_train_seq259_hmm_aug004,pos_train_seq259,4,409,7,402,1,0.0024449877750611247,0.9975550122249389,1,396,f8ee69c07b3715ca3ba77e38a40bbeee12721b545c7ad2d3234a09fd9bf92860
pos_train_seq260_hmm_aug004,pos_train_seq260,4,460,289,171,12,0.02608695652173913,0.9739130434782609,1,"149,168,224,244,246,253,265,299,310,317,323,356",39c79d5b90db89ca8ec0443798e330e5a1d164a8140a6c8b7b05db23db80cb83
pos_train_seq261_hmm_aug004,pos_train_seq261,4,244,34,210,1,0.004098360655737705,0.9959016393442623,1,102,a8b6e17817194633d2b0c4ae4bc0a1d4458410adf970a2d88da12ba209676572
pos_train_seq262_hmm_aug004,pos_train_seq262,4,184,158,26,10,0.05434782608695652,0.9456521739130435,1,"30,36,45,77,83,111,118,143,148,157",3dd094841429e0b8f7baa5e8dfcf45fa61902093b99d16e5e4189f747b555c2a
pos_train_seq264_hmm_aug004,pos_train_seq264,4,106,51,55,2,0.018867924528301886,0.9811320754716981,1,"66,95",6087812c9f61a41df363b8c0183634087c3bb4a71812bf271a14977b9ae4eebb
pos_train_seq267_hmm_aug004,pos_train_seq267,4,456,273,183,14,0.03070175438596491,0.9692982456140351,1,"130,149,220,223,232,236,245,267,275,316,334,339,354,377",9b5d8b6f1275dacfc4a573fe5398882984f870ff836501e355da53e0b70a1c68
pos_train_seq268_hmm_aug004,pos_train_seq268,4,379,315,64,9,0.023746701846965697,0.9762532981530343,1,"37,67,103,138,141,170,193,199,257",c4535ae078309bd47190fe457069bd3dc6bfae2abe3d8c2e8f867ed7b007ce3b
pos_train_seq269_hmm_aug004,pos_train_seq269,4,396,375,21,16,0.04040404040404041,0.9595959595959596,1,"58,59,118,139,161,169,183,220,257,263,290,331,333,349,373,380",41598ba327be3ac403544cdcf860936cb2133773436e373b2175887cfe3dc6dd
pos_train_seq273_hmm_aug004,pos_train_seq273,4,341,182,159,10,0.02932551319648094,0.9706744868035191,1,"31,42,85,86,88,90,103,111,140,148",092cf8a5fa19fa94dbbf5f4626561f3aa7ecd4a31bcc27520caee07beb90573d
pos_train_seq274_hmm_aug004,pos_train_seq274,4,163,54,109,5,0.03067484662576687,0.9693251533742331,1,"27,45,53,55,63",004df986fc39bf8e03f3c33cd7d043ee7d0614716f4af607613d7ab01afe941b
pos_train_seq276_hmm_aug004,pos_train_seq276,4,250,132,118,11,0.044,0.956,1,"147,151,153,155,158,159,196,204,237,241,242",dbbc14cfb205d27f10c6610fd1ab96583973f236bed4bb8bb52aedc8fac04731
pos_train_seq277_hmm_aug004,pos_train_seq277,4,177,102,75,5,0.02824858757062147,0.9717514124293786,1,"24,46,52,171,173",276ea07e85b20bc25994e2d471b5c96f65dfa25ae34cf9307417222e0e19bb57
pos_train_seq278_hmm_aug004,pos_train_seq278,4,392,117,275,5,0.012755102040816327,0.9872448979591837,1,"277,336,356,361,378",f6c3df7bf507370340ece71e3ea06305d7a634e37d02216c6e6d719ac38c2e49
pos_train_seq279_hmm_aug004,pos_train_seq279,4,329,156,173,3,0.00911854103343465,0.9908814589665653,1,"53,55,125",3636f37ed8dd051fcc28e5452377ca08805b7d838ed8798cf5f5df94d1178423
pos_train_seq280_hmm_aug004,pos_train_seq280,4,211,87,124,4,0.018957345971563982,0.981042654028436,1,"17,170,194,211",3aeab519cae8d5417ffd8706b877b9d004cec4a52d9547249a9489a673a15bcd
pos_train_seq281_hmm_aug004,pos_train_seq281,4,404,160,244,12,0.0297029702970297,0.9702970297029703,1,"8,14,15,34,35,38,61,102,116,133,162,169",5bdf417563f8b7cf542bd90d49797f394ab5ce8235af348fc5a8ae4f56f299fa
pos_train_seq282_hmm_aug004,pos_train_seq282,4,310,271,39,12,0.03870967741935484,0.9612903225806452,1,"27,31,90,100,120,130,183,189,297,301,303,306",35fa98b7005050905ec67fb29ade7b0ce2463f083402258fd094f51f0bbdc531
pos_train_seq284_hmm_aug004,pos_train_seq284,4,175,37,138,1,0.005714285714285714,0.9942857142857143,1,159,d60639156b4f05f8994dfa23a694194a83e0cfb0e86b4a46183bb9d17a5b0a65
pos_train_seq285_hmm_aug004,pos_train_seq285,4,396,141,255,8,0.020202020202020204,0.9797979797979798,1,"31,32,44,79,82,85,112,154",09723f8c4deecb0840e921e82906b6c00299afa6a098a0c5662bb54e70804e72
pos_train_seq286_hmm_aug004,pos_train_seq286,4,471,194,277,10,0.021231422505307854,0.9787685774946921,1,"5,17,91,92,107,113,129,161,166,237",28af14f115571969f5d29b7eae246b17cad6e02983e54244a2525f7a31326f5d
pos_train_seq288_hmm_aug004,pos_train_seq288,4,204,118,86,3,0.014705882352941176,0.9852941176470589,1,"68,111,136",0d5f01aafaff8214e5ce25467f8302ba1c5b7ed1ac00d094fa77d1c64f604bc9
pos_train_seq289_hmm_aug004,pos_train_seq289,4,245,97,148,3,0.012244897959183673,0.9877551020408163,1,"44,69,119",ecd8a8afd653cc79518def6605b2b2531530b0b323b39aa6be1cd10ade14a9a3
pos_train_seq290_hmm_aug004,pos_train_seq290,4,391,355,36,26,0.06649616368286446,0.9335038363171355,1,"37,39,50,52,71,79,90,111,119,135,136,191,196,205,209,228,300,304,307,338,355,368,374,375,378,386",3b26817336d65a7de55ba73711211b01e07b2a108f0eacd9ebe50ea9f0211fe4
pos_train_seq291_hmm_aug004,pos_train_seq291,4,290,169,121,12,0.041379310344827586,0.9586206896551724,1,"79,89,94,102,107,109,119,141,186,192,196,202",5f85aa112aeadcb376803b7be60629953c2d81c13b19ec4908463c4c6877a8fe
pos_train_seq292_hmm_aug004,pos_train_seq292,4,262,231,31,13,0.04961832061068702,0.950381679389313,1,"23,28,36,37,54,76,77,89,94,134,196,208,232",46e665abe2c1910d0dd8f59c034b7d0071644a25c871896c9dd98bc7e284beba
pos_train_seq293_hmm_aug004,pos_train_seq293,4,163,62,101,6,0.03680981595092025,0.9631901840490797,1,"13,18,31,37,47,50",db537dc955995579a18986b64120d5baf54337369a9735d92d108c60069873db
pos_train_seq294_hmm_aug004,pos_train_seq294,4,494,84,410,5,0.010121457489878543,0.9898785425101214,1,"318,357,359,364,368",b7a94e25a05ff156c7a8c7b14cac269f327ab1e898ed7490c60e05c684898f80
pos_train_seq295_hmm_aug004,pos_train_seq295,4,163,66,97,3,0.018404907975460124,0.9815950920245399,1,"40,46,54",1d56a00ce061bd77e427787ccc4247a6e2943779eba5a1da289660191db7341d
pos_train_seq297_hmm_aug004,pos_train_seq297,4,395,319,76,12,0.030379746835443037,0.9696202531645569,1,"22,83,119,134,193,228,247,276,282,303,308,316",f8e81c088cee2eb9f2d6ec4d5aa72a35030d804e1341847a6b2d4fc4dfb8189f
pos_train_seq298_hmm_aug004,pos_train_seq298,4,450,370,80,13,0.028888888888888888,0.9711111111111111,1,"32,35,46,67,73,152,190,244,263,278,327,359,397",32be464827b03cddf4e4229b32aa0e6c1510075bcb658944c69adb4c17151111
pos_train_seq300_hmm_aug004,pos_train_seq300,4,505,173,332,9,0.01782178217821782,0.9821782178217822,1,"26,52,100,123,137,223,241,245,252",3a396d252ea691c51146f4130ac656a958d1b8d3a596cad66f6aeae359eaa42f
pos_train_seq301_hmm_aug004,pos_train_seq301,4,332,158,174,9,0.02710843373493976,0.9728915662650602,1,"81,92,107,114,121,137,182,207,224",4da2f56a71586690e7f081e7e73dbb8e576bff0b9bfd242287836f9a4197b6eb
pos_train_seq303_hmm_aug004,pos_train_seq303,4,412,331,81,11,0.02669902912621359,0.9733009708737864,1,"65,116,146,156,183,189,202,279,324,360,377",446dd3fc586a8cc21f13ed814b03a37c702b9ef828a1d7b117c92f30d87562da
pos_train_seq304_hmm_aug004,pos_train_seq304,4,352,321,31,19,0.05397727272727273,0.9460227272727273,1,"49,58,87,119,122,136,152,154,184,187,200,202,249,253,257,286,300,308,340",11f16ba986c212bf426cda431af12de73c9e7079b574c653764d9a5c6740f9b9
pos_train_seq305_hmm_aug004,pos_train_seq305,4,330,260,70,12,0.03636363636363636,0.9636363636363636,1,"49,59,109,110,144,167,171,193,205,209,253,255",ed346a7392871f5a2fcfaf8ba09f2f8df715a25672b8d8dead3a2f4aa6a55917
pos_train_seq307_hmm_aug004,pos_train_seq307,4,174,153,21,7,0.040229885057471264,0.9597701149425287,1,"36,74,128,143,159,165,167",51eb9ebb7037ac345ac5208b47111070f23522e71c23d8e77e39397c387d49bf
pos_train_seq310_hmm_aug004,pos_train_seq310,4,206,93,113,4,0.019417475728155338,0.9805825242718447,1,"28,53,55,183",0520423ba96f8c66f5d5a17572f2190c6adedad2b301de9aea8739800b28507f
pos_train_seq312_hmm_aug004,pos_train_seq312,4,422,420,2,24,0.05687203791469194,0.943127962085308,1,"20,56,90,96,99,118,134,169,195,198,229,230,268,280,283,300,305,326,336,344,371,385,386,421",1d320c7cf0ce47ba3f42aee159c22c92dd4b14d90d1a33a79338dc0b71d2a8d3
pos_train_seq313_hmm_aug004,pos_train_seq313,4,191,122,69,5,0.02617801047120419,0.9738219895287958,1,"62,124,131,137,149",3aaade868ac05804e90752bc7ecb8e2ac874031b8da168dbda7123e333771fcc
pos_train_seq316_hmm_aug004,pos_train_seq316,4,503,399,104,23,0.04572564612326044,0.9542743538767395,1,"36,58,118,152,189,190,191,209,228,252,378,391,398,401,405,423,463,471,472,490,494,497,500",1b1cf946da071f7d3cd454e40b8ad81fcc94b76677f622f9672578488bdb1840
pos_train_seq318_hmm_aug004,pos_train_seq318,4,175,1,174,1,0.005714285714285714,0.9942857142857143,1,175,c80f6a4b0fdf90642de7f305ac8ff050731a1b2cd015bd5ced0376056e63adcd
pos_train_seq319_hmm_aug004,pos_train_seq319,4,175,37,138,1,0.005714285714285714,0.9942857142857143,1,163,a7e7a470e9b5e503d08916670b0027c039428e1cd5b6f5b9cb566dfc5a3a3818
pos_train_seq321_hmm_aug004,pos_train_seq321,4,317,30,287,3,0.00946372239747634,0.9905362776025236,1,"80,86,87",08fca03da0cb97cb0d5723fef21c6520c8a972127830a4cc9827f263a5554f93
pos_train_seq322_hmm_aug004,pos_train_seq322,4,326,197,129,10,0.03067484662576687,0.9693251533742331,1,"28,31,58,61,92,159,171,178,214,224",2bcbf4d349bf4072903170588b92c43ef507588c951d81b080a8ae8062c99325
pos_train_seq324_hmm_aug004,pos_train_seq324,4,244,187,57,14,0.05737704918032787,0.9426229508196722,1,"9,41,51,67,69,79,84,87,95,110,120,123,127,228",cbc137aad19d13524ffc54eb802dfe32a8264f4207e4fe7e1c9e1d04d95b6147
pos_train_seq326_hmm_aug004,pos_train_seq326,4,338,163,175,7,0.020710059171597635,0.9792899408284024,1,"144,184,212,238,258,274,318",a4a0872c0d449d4e3a421ba478fa6044903bb6f781e3317015a3476f4bad7e70
pos_train_seq327_hmm_aug004,pos_train_seq327,4,93,33,60,2,0.021505376344086023,0.978494623655914,1,"66,93",4fc26cfecf738c60fe734224f0e06c77c0a13649f9482fcbc61a4f9b6c963c80
pos_train_seq328_hmm_aug004,pos_train_seq328,4,257,184,73,10,0.038910505836575876,0.9610894941634242,1,"18,52,66,87,113,123,161,164,170,180",cfdd4d82bdc937cdf15246847e1ee63aa27717dbe596482a8f0888a600f6fd6d
pos_train_seq330_hmm_aug004,pos_train_seq330,4,351,351,0,15,0.042735042735042736,0.9572649572649573,1,"39,40,122,133,170,188,197,227,228,257,309,319,323,325,340",b4231c80a162101dd3e3cfccf139823cb28feeb239e52d9361954c937d21ca33
pos_train_seq331_hmm_aug004,pos_train_seq331,4,150,1,149,1,0.006666666666666667,0.9933333333333333,1,1,5aecadef01109f50a10b1975a0381b1bba2d3c888ae43ee63183694f83ba84a8
pos_train_seq332_hmm_aug004,pos_train_seq332,4,366,216,150,7,0.01912568306010929,0.9808743169398907,1,"77,83,84,114,140,199,235",0c52e62e741ee13bbb91c98a162a7c3661f438dc0221f635de673c231d3d2161
pos_train_seq333_hmm_aug004,pos_train_seq333,4,293,257,36,19,0.06484641638225255,0.9351535836177475,1,"74,76,136,154,155,164,173,176,188,197,207,209,212,218,233,248,250,252,281",c4cfa08cba6be7925e575fb19edf565cae5c1923f2a062961042e487e62e1769
pos_train_seq334_hmm_aug004,pos_train_seq334,4,184,171,13,5,0.02717391304347826,0.9728260869565217,1,"23,57,116,146,175",ef76c4ec2e636cac004bc0e8815d056e6bd1133515fb72e6fc102b9f84eaba13
pos_train_seq336_hmm_aug004,pos_train_seq336,4,118,28,90,3,0.025423728813559324,0.9745762711864406,1,"17,21,30",d9691d2820ad6b7d574e88f4516e6f2266ac463b50be4fb5c332498679ab444c
pos_train_seq338_hmm_aug004,pos_train_seq338,4,505,301,204,17,0.033663366336633666,0.9663366336633663,1,"235,266,292,296,329,335,357,373,374,379,415,429,430,437,491,493,494",4334b9be2256ff0dc5c8b66e6de0c02f94023b6a35f60acf6135c41f0609539b
pos_train_seq340_hmm_aug004,pos_train_seq340,4,299,146,153,8,0.026755852842809364,0.9732441471571907,1,"16,17,18,40,46,102,113,281",be3266d3469dff1be2846bd488be309509259a67e12c4bd0c2b0f475dce37447
pos_train_seq342_hmm_aug004,pos_train_seq342,4,445,88,357,2,0.0044943820224719105,0.9955056179775281,1,"72,81",906b53ded653049b4524f3d474db05a0db5a38182dffea89437f63a2501745d3
pos_train_seq343_hmm_aug004,pos_train_seq343,4,460,442,18,18,0.0391304347826087,0.9608695652173913,1,"2,10,20,46,71,130,141,145,155,172,235,250,275,326,373,418,439,447",1beb42220050811b88679785c303351d30ff5c07f177da99ff53cbe6d8d1d73e
pos_train_seq347_hmm_aug004,pos_train_seq347,4,294,112,182,3,0.01020408163265306,0.9897959183673469,1,"20,132,140",850adf98679378c119c84839c02c2bd0cc303254b6e29563471c2a407ebe492f
pos_train_seq350_hmm_aug004,pos_train_seq350,4,327,157,170,7,0.021406727828746176,0.9785932721712538,1,"75,86,94,148,149,158,219",502af977eee4fe2950e7e5bd851d6be2c7adf83013792c4bde2ea206b15e575c
pos_train_seq351_hmm_aug004,pos_train_seq351,4,484,484,0,29,0.05991735537190083,0.9400826446280992,1,"37,64,80,81,110,128,129,140,142,158,171,183,195,236,281,286,296,317,341,350,353,361,362,392,410,415,423,449,471",f3a9e94595a38dab040ec1eff2c031e82e13d65dd3f8510ca28e513808b4e49b
pos_train_seq352_hmm_aug004,pos_train_seq352,4,442,214,228,8,0.01809954751131222,0.9819004524886877,1,"1,6,10,54,76,93,106,168",632df4841e5d54e6a60b23daaeb3f6acbc926df57596aae9df3afaad2a8613f5
pos_train_seq353_hmm_aug004,pos_train_seq353,4,501,306,195,15,0.029940119760479042,0.9700598802395209,1,"28,75,123,146,181,188,221,226,234,281,286,301,302,334,341",eef1434cf71425d78aeb06d229a0c27d8adea4dfd9d8d2182d453c58f76d817d
pos_train_seq355_hmm_aug004,pos_train_seq355,4,207,178,29,5,0.024154589371980676,0.9758454106280193,1,"28,51,69,160,165",e6fa13049a1e1330731ef08eaf039b6d1117c5f6cc5de4892142b186c7b4f3ea
pos_train_seq356_hmm_aug004,pos_train_seq356,4,490,59,431,2,0.004081632653061225,0.9959183673469387,1,"351,362",a87cb4baff0fa896b428ed96308bbe62fb843ae49f9dc09360915ce1de85011d
pos_train_seq359_hmm_aug004,pos_train_seq359,4,117,104,13,3,0.02564102564102564,0.9743589743589743,1,"27,45,53",495fddde6e64f816718daf110bc6fe797ff6191f13fa10b4c77d61d8d4ea2993
pos_train_seq360_hmm_aug004,pos_train_seq360,4,377,206,171,11,0.029177718832891247,0.9708222811671088,1,"29,32,54,101,104,110,122,161,170,181,219",b4dbdab0a5ee750e693bcd6a6742ce59a990d20c8003eb93b49f8790402685b7
pos_train_seq361_hmm_aug004,pos_train_seq361,4,418,128,290,5,0.011961722488038277,0.9880382775119617,1,"63,86,117,123,153",1a79df7b688831fe4faeb23a5b37bc9125d0773f8ce78d232d6c10502a3a2518
pos_train_seq362_hmm_aug004,pos_train_seq362,4,208,108,100,5,0.02403846153846154,0.9759615384615384,1,"76,81,85,134,143",eea29bd60238b2e3302c80b652f8edc33ae37f6a501e02c28e6a2fbf496212e5
pos_train_seq363_hmm_aug004,pos_train_seq363,4,463,278,185,18,0.038876889848812095,0.9611231101511879,1,"134,147,167,188,189,207,274,281,283,313,340,364,379,386,390,436,460,463",225e395fd5bd07fec3c353b97ff140dea5f14e9ea399e47f74b880dd040465cb
pos_train_seq367_hmm_aug004,pos_train_seq367,4,352,140,212,6,0.017045454545454544,0.9829545454545454,1,"23,29,272,277,278,284",a2eee959ef15591063c810eabcfb89fe6fd1cde2bd90e15d9b98950bc67e3532
pos_train_seq369_hmm_aug004,pos_train_seq369,4,486,28,458,1,0.00205761316872428,0.9979423868312757,1,138,dc997ce09a48b7fa3e36318dd9b904a7e3f350bd1836669e5cb43a0160be15ed
pos_train_seq370_hmm_aug004,pos_train_seq370,4,506,377,129,15,0.029644268774703556,0.9703557312252964,1,"53,69,78,94,128,148,175,206,211,217,316,319,329,370,387",8b52adb790fe600bde0d128f3cd0e543027fc6e59a412a13309c5909565be0f3
pos_train_seq371_hmm_aug004,pos_train_seq371,4,466,210,256,15,0.032188841201716736,0.9678111587982833,1,"10,15,39,43,44,49,61,65,67,70,71,106,131,381,383",406fd181b0ae3b13c24bd9acefe6d680ceac52b91f59b893bdc51887f6df76eb
pos_train_seq372_hmm_aug004,pos_train_seq372,4,459,457,2,18,0.0392156862745098,0.9607843137254902,1,"43,51,89,127,132,162,180,192,208,246,261,287,292,304,349,364,386,427",301435bb1e35254b48fe72d98d07b13aa83884aaee553b952b1c5f93a786c166
pos_train_seq373_hmm_aug004,pos_train_seq373,4,471,376,95,18,0.03821656050955414,0.9617834394904459,1,"127,135,152,292,293,298,316,323,337,378,384,388,390,402,404,421,424,462",52ea239ed948a283333f547cbf77f9c4d6f1065d342fce22fa81c36ba639bd3d
pos_train_seq374_hmm_aug004,pos_train_seq374,4,129,21,108,3,0.023255813953488372,0.9767441860465116,1,"68,69,71",20d02cc85580bcc50997538475767701fb872473d5cfdfcfbf230b37df7284a5
pos_train_seq376_hmm_aug004,pos_train_seq376,4,439,221,218,9,0.02050113895216401,0.979498861047836,1,"74,140,175,177,192,212,216,219,251",305c80192bdcff741ae12fc148d8de209d9e7ce61fadd071cbd8cf3e0920b7f5
pos_train_seq377_hmm_aug004,pos_train_seq377,4,174,159,15,9,0.05172413793103448,0.9482758620689655,1,"19,27,39,107,119,128,143,166,169",4c4f1e441d4757bbc66945f11a817fa6e8952c3eaee9d10f6f7b5985f412c1f1
pos_train_seq379_hmm_aug004,pos_train_seq379,4,409,171,238,7,0.017114914425427872,0.9828850855745721,1,"12,18,51,61,188,200,375",a5e0a8f8d2ff440ffa325ee979dee151d1f3ecf24a7fb71a3c5eb3fab3e11c74
pos_train_seq380_hmm_aug004,pos_train_seq380,4,210,208,2,5,0.023809523809523808,0.9761904761904762,1,"10,11,103,167,187",68ddcf9981fdac13c0b78b92e19c689201dbedf628f72471501c06c99676d9d2
pos_train_seq381_hmm_aug004,pos_train_seq381,4,311,156,155,6,0.01929260450160772,0.9807073954983923,1,"11,12,13,18,69,127",94a093114872bcabe074d4590e2b22d01667fcc3e034061a22e1c3a8562ed0b9
pos_train_seq383_hmm_aug004,pos_train_seq383,4,434,295,139,15,0.03456221198156682,0.9654377880184332,1,"56,81,114,218,245,250,271,360,362,373,382,390,411,429,434",8087526ee9d7c0fc1a4eb2f214aae739b9dfbee9358f5c5088287be38bd82ec2
pos_train_seq384_hmm_aug004,pos_train_seq384,4,388,372,16,23,0.059278350515463915,0.9407216494845361,1,"6,33,51,53,54,55,60,95,96,103,124,142,161,167,181,207,210,266,271,275,305,312,331",d53fb9121f170d69a8b4c6a7a87052afd626bece10455334c856fde8a1e30aa0
pos_train_seq385_hmm_aug004,pos_train_seq385,4,495,305,190,20,0.04040404040404041,0.9595959595959596,1,"27,59,68,77,97,102,143,170,176,196,217,222,237,252,282,294,317,323,333,361",73b5e40acb45a2a8a171d5dc775ac7ad52ffc999dd4fe0b3e186fd072a955732
pos_train_seq386_hmm_aug004,pos_train_seq386,4,240,51,189,4,0.016666666666666666,0.9833333333333333,1,"47,76,185,199",26fec7c5a4b35f7118c4c137f22c2a5133db5c656cf1f7e679f0988d31b242d9
pos_train_seq389_hmm_aug004,pos_train_seq389,4,253,79,174,2,0.007905138339920948,0.9920948616600791,1,"148,212",91e08de178f65ceb5d416813eba0b34ca53cd86edfccaf8b6c3e99b847c837a0
pos_train_seq391_hmm_aug004,pos_train_seq391,4,296,124,172,11,0.037162162162162164,0.9628378378378378,1,"46,53,62,65,66,83,91,92,95,98,264",d3ed7bc9fa1ae85f025674fe54c47053ac7a97343c55c709b0e52f7dad4016ae
pos_train_seq393_hmm_aug004,pos_train_seq393,4,374,340,34,17,0.045454545454545456,0.9545454545454546,1,"43,51,67,94,113,127,165,182,192,197,220,223,226,266,313,334,352",96c321da39c9590c8203b6a2a0d97cb3041c7a2d08b240f0a1a1f6ac032261fc
pos_train_seq394_hmm_aug004,pos_train_seq394,4,25,14,11,1,0.04,0.96,1,12,3b0774bb142ac27a3be150ae22348a794d93c61fcc5260bd92c22d608cc6d2d8
pos_train_seq395_hmm_aug004,pos_train_seq395,4,191,118,73,6,0.031413612565445025,0.9685863874345549,1,"26,48,49,171,180,185",06909f0165f70c8181d6f3b8583e7bf022a14d2041f8790e0625bd345e560bea
pos_train_seq396_hmm_aug004,pos_train_seq396,4,264,235,29,14,0.05303030303030303,0.946969696969697,1,"49,52,53,69,75,77,98,111,137,143,184,195,227,261",a8a16b6bfd537cbfd5fd90f485d0958962e986a76ea4a1bd86358ca05792fe83
pos_train_seq397_hmm_aug004,pos_train_seq397,4,305,92,213,9,0.029508196721311476,0.9704918032786886,1,"121,129,224,238,248,274,276,282,293",603d929efd3d0b9a04b3b3773bdbd964e4aec76f1be5a63f6be05527e70218bd
pos_train_seq399_hmm_aug004,pos_train_seq399,4,183,140,43,2,0.01092896174863388,0.9890710382513661,1,"50,139",7a6fdf5ad03c0d1b3b7259b628825c54b23cc7f7be001388855f103648b2017a
pos_train_seq400_hmm_aug004,pos_train_seq400,4,381,243,138,7,0.01837270341207349,0.9816272965879265,1,"1,38,74,163,198,204,230",73eaf5138631109a44f325b42ff321e1aa3a23d1806e5e25277c62543e9ef527
pos_train_seq402_hmm_aug004,pos_train_seq402,4,314,156,158,6,0.01910828025477707,0.9808917197452229,1,"26,99,114,150,158,179",1da7362e4e2d432bb664ef4b52d5310b3a51e32baccffca3720732936301c6ad
pos_train_seq404_hmm_aug004,pos_train_seq404,4,332,8,324,1,0.0030120481927710845,0.9969879518072289,1,292,32260dd9869166f4452822558bcd89225c1a7594f03729fe137b06f02dd93089
pos_train_seq405_hmm_aug004,pos_train_seq405,4,100,56,44,4,0.04,0.96,1,"46,50,72,98",466b881f3a8c473f583f7e4df657ee769ae409749efc6d249886a1c68cb3f5e3
pos_train_seq406_hmm_aug004,pos_train_seq406,4,371,231,140,14,0.03773584905660377,0.9622641509433962,1,"24,44,73,89,90,94,109,113,118,134,142,168,185,201",51a3694f377fb2f700733e177dfcdbb30a64fd062dc8ce78c0ab19bce84ac590
pos_train_seq407_hmm_aug004,pos_train_seq407,4,377,174,203,5,0.013262599469496022,0.986737400530504,1,"181,183,211,213,215",8eb53d292fe7aa359acd6f7d2b79a70d8e2e19b8adf492094aa1c24147fffa16
pos_train_seq408_hmm_aug004,pos_train_seq408,4,381,326,55,12,0.031496062992125984,0.9685039370078741,1,"129,137,149,239,273,309,317,328,346,360,367,381",f966fdd679a9436003c2b871c9c18c727af5cd3c54f99f75fdf073843008dc34
pos_train_seq410_hmm_aug004,pos_train_seq410,4,300,1,299,1,0.0033333333333333335,0.9966666666666667,1,300,ced3e4307b53484302c27e1e33e9272e4f8e221657e103c8c6e4cc11ad2478ec
pos_train_seq412_hmm_aug004,pos_train_seq412,4,346,180,166,10,0.028901734104046242,0.9710982658959537,1,"18,37,77,78,83,92,106,240,262,264",3cde3b488ca2cd2cc6d48ed2f66acbedcbf0c9cf5fb24cf0c38adac910c961ed
pos_train_seq413_hmm_aug004,pos_train_seq413,4,152,115,37,8,0.05263157894736842,0.9473684210526316,1,"65,74,99,110,119,129,143,144",36e797feae0d024b65e23411588a2035b181325631d179d9bf84b9c19cdfc653
pos_train_seq414_hmm_aug004,pos_train_seq414,4,417,407,10,20,0.047961630695443645,0.9520383693045563,1,"7,13,16,23,35,54,84,91,121,135,176,225,242,283,295,329,331,339,366,396",b1e3acbe2e8ee1aaff68513ab5ff2315344e0ca3c378c9abf15357e81cf88adc
pos_train_seq415_hmm_aug004,pos_train_seq415,4,414,249,165,13,0.03140096618357488,0.9685990338164251,1,"24,42,76,81,88,103,125,136,177,179,183,184,219",15ed91557190cee2b846da444ea90ae827c6e8d640b88a96724ced59dc4dc53e
pos_train_seq416_hmm_aug004,pos_train_seq416,4,268,166,102,9,0.033582089552238806,0.9664179104477612,1,"34,40,42,43,75,82,202,230,237",81ab1ae2a3540a14798caaac2270afb6649cd9f4dd5732a1ac20f127273e377e
pos_train_seq417_hmm_aug004,pos_train_seq417,4,422,420,2,15,0.035545023696682464,0.9644549763033176,1,"49,62,84,136,149,161,201,214,220,236,328,339,353,379,414",dba5a5a451591d0b073bc60f269e2a00c6c96ef3b26f84ecebf4fec798edfb1c
pos_train_seq418_hmm_aug004,pos_train_seq418,4,367,236,131,11,0.02997275204359673,0.9700272479564033,1,"33,72,102,107,134,140,150,174,215,219,224",f421419fb03c453e7e0a748c734cf9dc77e2549a203a3588c94971af054612b7
pos_train_seq419_hmm_aug004,pos_train_seq419,4,418,45,373,3,0.007177033492822967,0.992822966507177,1,"28,33,51",5d13e744bfaa830bc7729a66ff69f63770297ed3ef2a4503e1e3bfc84389629d
pos_train_seq421_hmm_aug004,pos_train_seq421,4,25,3,22,1,0.04,0.96,1,2,cdb20eac507fb550cc5c80f73a4554d4ea471ffd4000eb639a4c0837a014a32e
pos_train_seq422_hmm_aug004,pos_train_seq422,4,187,75,112,6,0.03208556149732621,0.9679144385026738,1,"16,26,50,59,61,81",52611ad578746989b77a1f58172597803205334ae490a33a562e52be28fc48df
pos_train_seq425_hmm_aug004,pos_train_seq425,4,178,100,78,4,0.02247191011235955,0.9775280898876404,1,"10,12,37,44",7dd8e141acd26fd3eec844466a2de683622a47935d932d7187e3c907939fb672
pos_train_seq426_hmm_aug004,pos_train_seq426,4,157,72,85,6,0.03821656050955414,0.9617834394904459,1,"1,12,18,19,31,48",546523976ebeeab1fff42c409cab32da630dcfa23d30ab4632c5f56938d6a868
pos_train_seq427_hmm_aug004,pos_train_seq427,4,495,476,19,31,0.06262626262626263,0.9373737373737374,1,"56,69,70,71,84,112,151,165,171,173,192,210,215,236,255,296,298,307,353,373,380,399,400,403,410,431,436,447,450,458,478",b5f52fd9002a39ab20df8e17a69533ff950d33af48be335a846167e33c3d8574
pos_train_seq428_hmm_aug004,pos_train_seq428,4,213,99,114,7,0.03286384976525822,0.9671361502347418,1,"43,45,50,55,60,63,78",5ecb70b0d2fb54a61682482f11130b9642f397bcc96069df826a85d0b67e931b
pos_train_seq429_hmm_aug004,pos_train_seq429,4,355,163,192,3,0.008450704225352112,0.9915492957746479,1,"101,218,232",92800396a9d392f192627ef2e8403b8101823ee4ab56e236bf8825c7dc8074a5
pos_train_seq430_hmm_aug004,pos_train_seq430,4,441,6,435,1,0.0022675736961451248,0.9977324263038548,1,351,db80768a8a81b1a988d85d6aa903bab2eec55450ef638c02589527bb1fcfdac2
pos_train_seq431_hmm_aug004,pos_train_seq431,4,372,156,216,18,0.04838709677419355,0.9516129032258065,1,"19,26,34,35,39,57,63,74,75,97,106,109,140,145,152,163,175,179",194620bfa215273dc6b2381ad839eda00742696f7e1ec5ef309dffe3217bc7d2
pos_train_seq432_hmm_aug004,pos_train_seq432,4,383,261,122,8,0.020887728459530026,0.97911227154047,1,"162,236,284,295,324,366,377,379",4ef56a7aadce6c20aa07f30c5d4274b1b9b7b9ce2acd19871e0ec53424e9bf66
pos_train_seq433_hmm_aug004,pos_train_seq433,4,352,232,120,10,0.028409090909090908,0.9715909090909091,1,"148,187,242,256,259,273,295,304,309,313",9a31abb24bfff414d5629c52c53551fef3897c495a2bb3de498ea8f89113e769
pos_train_seq435_hmm_aug004,pos_train_seq435,4,205,91,114,2,0.00975609756097561,0.9902439024390244,1,"72,94",e419605ad123d29418b46e3beb33f17978e72c52ea5df0b487a5cae11a085203
pos_train_seq436_hmm_aug004,pos_train_seq436,4,507,137,370,8,0.015779092702169626,0.9842209072978304,1,"332,348,352,359,468,483,494,497",6473520cd071929b64b2e013569c0dbf4c85510bf1aec86d5433ab02ec62f51c
pos_train_seq437_hmm_aug004,pos_train_seq437,4,411,79,332,1,0.0024330900243309003,0.9975669099756691,1,360,6585f919c200c9d167f5643b79b6e7e43c145fd310e810063885c894a6565b7f
pos_train_seq438_hmm_aug004,pos_train_seq438,4,495,87,408,4,0.00808080808080808,0.9919191919191919,1,"28,33,55,69",72f50b20569ecc7925116f222af16f8c88e2ec74e283a7d7051709002b081902
pos_train_seq439_hmm_aug004,pos_train_seq439,4,175,36,139,1,0.005714285714285714,0.9942857142857143,1,158,0c35f6fa078f558982826752c4a67e5ef2d819933dde4e03298c70128662de23
pos_train_seq442_hmm_aug004,pos_train_seq442,4,390,199,191,12,0.03076923076923077,0.9692307692307692,1,"125,126,137,182,198,215,216,223,266,278,336,343",184612464d67640bbdefcff2181b3729616d3e61a3307234d7baec1da8a41224
pos_train_seq443_hmm_aug004,pos_train_seq443,4,217,215,2,15,0.06912442396313365,0.9308755760368663,1,"5,18,19,20,34,47,67,74,81,88,95,138,153,158,183",e56c6ff075ac9fe80001bafc08a99f333e24328ce9a65ca96d0e12c6ede852bd
pos_train_seq444_hmm_aug004,pos_train_seq444,4,23,6,17,1,0.043478260869565216,0.9565217391304348,1,20,dfcdbfba98b3d6edcebeac0792aa2f1c8d53501aac683344d26e46148318f315
pos_train_seq445_hmm_aug004,pos_train_seq445,4,397,313,84,20,0.05037783375314862,0.9496221662468514,1,"1,12,48,62,109,121,140,150,188,220,255,260,274,278,305,309,317,320,341,343",135c57427d2440dc8e950b8e8a0c9251da7207bedf9bdb642a02803c786e9718
pos_train_seq446_hmm_aug004,pos_train_seq446,4,270,86,184,3,0.011111111111111112,0.9888888888888889,1,"39,141,161",d71f73b88c5849089527fcc9c4caaaca3d03bf7e72f4251fa9fe78b22947a2fb
pos_train_seq450_hmm_aug004,pos_train_seq450,4,182,120,62,5,0.027472527472527472,0.9725274725274725,1,"40,50,89,101,122",f957ca190de27461f19bb12efb9a25c2b1a8f0c65459c9d7284aa7aaadd812ea
pos_train_seq452_hmm_aug004,pos_train_seq452,4,317,189,128,15,0.0473186119873817,0.9526813880126183,1,"35,82,83,84,94,97,134,137,149,155,158,181,187,188,243",7c299290e0e041f4304371ec410e1a8b34a62d3786352a3180943bb49a3419b5
pos_train_seq455_hmm_aug004,pos_train_seq455,4,171,106,65,3,0.017543859649122806,0.9824561403508771,1,"49,77,93",b28d4f2b221fd1947b00551a6a37a4e308d59ceda022b940934ff6c0df83c64f
pos_train_seq458_hmm_aug004,pos_train_seq458,4,432,320,112,17,0.03935185185185185,0.9606481481481481,1,"3,16,79,84,212,217,223,241,282,290,293,315,332,340,341,359,420",cffeaaedb6f7056d551961f921c891884d4c40c704dee51fe0ded72e3682d7cb
pos_train_seq459_hmm_aug004,pos_train_seq459,4,196,40,156,1,0.00510204081632653,0.9948979591836735,1,18,9bc6a8e8f974b763ba2d603c04cbc44a257643e2a79d1549072a464ee8ee61d9
pos_train_seq461_hmm_aug004,pos_train_seq461,4,476,284,192,11,0.023109243697478993,0.976890756302521,1,"20,21,80,89,114,130,132,161,175,187,200",d1256e3bf3d12eafb0dab6166db7d23a69fd438b66bed24bae45d6f5b282c327
pos_train_seq462_hmm_aug004,pos_train_seq462,4,305,171,134,8,0.02622950819672131,0.9737704918032787,1,"6,58,75,86,88,119,123,138",a69f10082f12e99f9e4fc64c20bf69dcff90c3ec852dc745ee1d245c7f5c07e7
pos_train_seq463_hmm_aug004,pos_train_seq463,4,406,152,254,10,0.024630541871921183,0.9753694581280788,1,"10,44,49,56,58,64,127,149,166,181",ff14772f126e3b7b870fc67a9c56cd4890739ab5c6145aef80df74016d2e8475
pos_train_seq466_hmm_aug004,pos_train_seq466,4,425,312,113,17,0.04,0.96,1,"25,41,61,68,84,105,117,235,241,275,276,289,303,314,340,386,416",36a4acb585f6c57a48f2247d79882d3db44f8f202b4d8409f38f14e2095a4cc5
pos_train_seq467_hmm_aug004,pos_train_seq467,4,386,380,6,19,0.04922279792746114,0.9507772020725389,1,"1,31,68,90,92,159,160,170,176,186,196,205,265,296,302,304,357,367,375",ab33ba57be6f94f6c1f8de0b7fa7e4b605a9ca279809e4f96951724daaf91082
pos_train_seq468_hmm_aug004,pos_train_seq468,4,434,262,172,14,0.03225806451612903,0.967741935483871,1,"38,61,133,147,177,180,182,246,255,262,301,305,310,325",544842129d010352a5b98afbd17a702aaef1d5df7db55630d02a79d0627520a4
pos_train_seq469_hmm_aug004,pos_train_seq469,4,231,184,47,6,0.025974025974025976,0.974025974025974,1,"28,139,148,161,180,206",25c68f79808f1216e661dec1d30c29e35dafcce039543534601262dc2f74e578
pos_train_seq471_hmm_aug004,pos_train_seq471,4,437,431,6,17,0.038901601830663615,0.9610983981693364,1,"17,38,59,60,67,124,125,137,213,256,329,342,349,356,359,381,383",70a2238d7cc14233a079157d8b5e1cf0c254bdac244a1a3354b767eacbd8ae85
pos_train_seq472_hmm_aug004,pos_train_seq472,4,431,263,168,10,0.02320185614849188,0.9767981438515081,1,"58,59,83,148,170,180,191,192,222,257",c99f768c7b3c720680ebf5b261088c2f791c9e50ee8121994c7dfa34ef367519
pos_train_seq475_hmm_aug004,pos_train_seq475,4,360,145,215,7,0.019444444444444445,0.9805555555555555,1,"151,162,205,211,230,248,264",6ea66eca85aada73a2b512ec0cb7d7d2dd8cf1eeba3af297321097e2d5a8fd2c
pos_train_seq476_hmm_aug004,pos_train_seq476,4,407,254,153,16,0.03931203931203931,0.9606879606879607,1,"149,158,164,180,182,207,209,220,237,253,273,286,310,373,380,406",538ac58cfabbcab23c7e9913d79a47716a187915bb6fd8f05c6eb7ba182268ce
pos_train_seq478_hmm_aug004,pos_train_seq478,4,299,119,180,8,0.026755852842809364,0.9732441471571907,1,"61,69,72,192,208,210,222,228",6d5881d597cf270c913f8f8589e1f0df4f5c92fc56413ba879ffa45c1345a1bc
pos_train_seq479_hmm_aug004,pos_train_seq479,4,370,309,61,17,0.04594594594594595,0.9540540540540541,1,"22,34,54,69,108,110,113,141,151,168,171,193,209,242,270,272,361",f5f7459f7d3b26823c4f074a647f98b47a61c6ada035130106d36e84554fd532
pos_train_seq480_hmm_aug004,pos_train_seq480,4,409,308,101,10,0.02444987775061125,0.9755501222493888,1,"130,140,187,218,228,231,238,267,296,370",0270d1bc3da38d51dbb0c3bed7cd26326245b8394837eca540c2208cb3292a3d
pos_train_seq481_hmm_aug004,pos_train_seq481,4,209,114,95,6,0.028708133971291867,0.9712918660287081,1,"41,44,67,83,147,155",1cda8cc44564e316cbfa9eca5e968c48d5b38f75e3c426e9dd6d4afa48ec17f1
pos_train_seq484_hmm_aug004,pos_train_seq484,4,359,14,345,2,0.005571030640668524,0.9944289693593314,1,"221,222",743caa9038b9bc38ab3f87ddf9af42ac80b550d36d27ed17c1bd9ea9c7e13363
pos_train_seq485_hmm_aug004,pos_train_seq485,4,491,86,405,3,0.006109979633401222,0.9938900203665988,1,"188,217,235",ef28bec7dd820cb53a1cc2ffe3c1a64fd0bb4a541a519d987de9e04228740903
pos_train_seq486_hmm_aug004,pos_train_seq486,4,184,171,13,9,0.04891304347826087,0.9510869565217391,1,"15,60,73,83,107,114,123,148,168",7c6c4e6bffefd84635cbb6cef161ff63bedc08fc4dc0b30fa7751b050845dca0
pos_train_seq487_hmm_aug004,pos_train_seq487,4,454,298,156,14,0.030837004405286344,0.9691629955947136,1,"213,214,263,268,271,294,312,329,339,355,381,432,446,453",b0ad806f0230fec26c9186ad7c34494040b39902b9ec3c66cc0059bd2c544027
pos_train_seq488_hmm_aug004,pos_train_seq488,4,419,356,63,22,0.05250596658711217,0.9474940334128878,1,"19,24,59,68,73,77,79,94,128,129,142,153,163,178,223,257,275,297,330,331,348,364",6eecf77353281dd4f466e7f65bd636200e664d218563b9268055dbd58af2530c
pos_train_seq489_hmm_aug004,pos_train_seq489,4,501,173,328,8,0.015968063872255488,0.9840319361277445,1,"35,78,82,93,103,124,136,221",8f36e455c61547f8230bc7a569ef90f2c327b589060802f3ee9c2e220c2a8f80
pos_train_seq490_hmm_aug004,pos_train_seq490,4,136,78,58,6,0.04411764705882353,0.9558823529411765,1,"66,81,94,95,119,133",71e8976823d0f5b3b0f5f5c86add47445702afcdc933697b9ada3736bc4c730b
pos_train_seq491_hmm_aug004,pos_train_seq491,4,383,329,54,14,0.03655352480417755,0.9634464751958225,1,"11,29,63,85,123,167,235,250,252,275,278,285,291,307",24729b3ad034243c3934ce3d773c22aeeaec3e56bbfc1caf7fb1405d3a769316
pos_train_seq492_hmm_aug004,pos_train_seq492,4,508,452,56,26,0.051181102362204724,0.9488188976377953,1,"21,83,103,124,137,138,166,169,194,195,204,211,222,266,268,270,287,295,300,396,411,435,439,444,457,459",5b9aca6b4c90dbd4b2ad9618f8baf4a7c79311775226c1861cd02fe3257343c3
pos_train_seq493_hmm_aug004,pos_train_seq493,4,296,133,163,6,0.02027027027027027,0.9797297297297297,1,"54,272,277,281,285,290",81303c384fb35d76d7913444fd915a0b615a0e36f6e0edad65d3d862722b11fc
pos_train_seq494_hmm_aug004,pos_train_seq494,4,192,191,1,10,0.052083333333333336,0.9479166666666666,1,"41,49,77,86,109,120,122,132,142,186",0b78ad61bbba3409c98c12f4fb2740d2eec9cd66d8971a9be32a67e8ca03c9b9
pos_train_seq495_hmm_aug004,pos_train_seq495,4,340,223,117,11,0.03235294117647059,0.9676470588235294,1,"16,20,24,40,239,240,245,284,302,319,327",13a4ad4d0234c5939b830eb07013cdf0471c2522e582f3d09b85642377873cdc
pos_train_seq496_hmm_aug004,pos_train_seq496,4,403,289,114,10,0.02481389578163772,0.9751861042183623,1,"120,171,221,234,273,317,327,359,379,397",694d5902dedde266736f471553a40b15ff80816fb8875bb9ca5b8389aa461ca0
pos_train_seq499_hmm_aug004,pos_train_seq499,4,397,242,155,15,0.037783375314861464,0.9622166246851386,1,"126,131,132,163,188,189,204,239,253,255,290,300,362,388,394",433bd81e78e8dbb4e0471a8bc229f13aa92b24ce082d946567cfeb6354175016
pos_train_seq500_hmm_aug004,pos_train_seq500,4,449,312,137,11,0.024498886414253896,0.9755011135857461,1,"1,16,65,136,138,156,286,301,356,359,364",525d27d756b795518ea7b7e7c208c09f450dc2def4107090850612161480f74f
pos_train_seq502_hmm_aug004,pos_train_seq502,4,353,172,181,9,0.025495750708215296,0.9745042492917847,1,"19,31,53,54,75,109,127,160,176",1dd5ec624e995d33a744c9eaec94c7dde4be338142e6cf50067e083b79386845
pos_train_seq503_hmm_aug004,pos_train_seq503,4,153,12,141,1,0.006535947712418301,0.9934640522875817,1,2,323f018a9ff5269355f456b17d0026f15c1b53791fe0dea90c432fe0047bc652
pos_train_seq504_hmm_aug004,pos_train_seq504,4,127,127,0,7,0.05511811023622047,0.9448818897637795,1,"2,12,17,71,79,93,101",fef67bd4dc55c273fcba4d41439b6241f3ddc597b93bbc60cda1800a264855b3
pos_train_seq506_hmm_aug004,pos_train_seq506,4,415,369,46,20,0.04819277108433735,0.9518072289156626,1,"1,19,28,54,61,69,76,116,122,141,157,159,168,176,182,230,250,268,292,309",4880e4581fe379a7d4739d59968d8fec861cc6f881b2ed61b69ef0bf8c19d07e
pos_train_seq507_hmm_aug004,pos_train_seq507,4,443,57,386,2,0.004514672686230248,0.9954853273137697,1,"277,349",d82f087f0eedd8f82461ab36946ab18b8faebc26e6a9c85e8c5d48aa5781bd39
pos_train_seq510_hmm_aug004,pos_train_seq510,4,366,30,336,1,0.00273224043715847,0.9972677595628415,1,130,d5c22fdce7da2e1d1983ca7b1aee63738e029f394c96289a5a7af7eb05ba84b0
pos_train_seq511_hmm_aug004,pos_train_seq511,4,476,79,397,2,0.004201680672268907,0.9957983193277311,1,"287,316",29085291b580b8b05a87c34f267b89181560167b119b50c862d81c0ec2c91c52
pos_train_seq514_hmm_aug004,pos_train_seq514,4,475,327,148,11,0.023157894736842106,0.9768421052631578,1,"191,246,253,254,355,361,402,433,438,446,459",a1c796028739491c8232ca5701850ca3ced406c5933502f2ce17bb7d13c79904
pos_train_seq515_hmm_aug004,pos_train_seq515,4,361,107,254,4,0.0110803324099723,0.9889196675900277,1,"13,48,61,68",c2d13a29a25571c5cd4daa9334003359f90e1cd6d5b82f82d748534c1fa06242
pos_train_seq518_hmm_aug004,pos_train_seq518,4,429,194,235,8,0.018648018648018648,0.9813519813519813,1,"42,59,79,132,219,323,326,426",44f66419f393f11bd68df1ee7fb18a50482fd9438d8e88981dc03d41207ddb72
pos_train_seq519_hmm_aug004,pos_train_seq519,4,358,105,253,4,0.0111731843575419,0.9888268156424581,1,"56,73,89,96",54bb7f25448373ebea72f6d028e2cefa63e90101ddfbd4eb8864880809ec0bf2
pos_train_seq520_hmm_aug004,pos_train_seq520,4,254,79,175,3,0.011811023622047244,0.9881889763779528,1,"154,194,218",f13b3a500645d33189367c9f575a1007be60df395973f3af7fb5f992ce01ca8f
pos_train_seq521_hmm_aug004,pos_train_seq521,4,210,1,209,1,0.004761904761904762,0.9952380952380953,1,1,ac52420177621cec2f9ce6ba230965a740cf75c786fe693581c9a96462b94f04
pos_train_seq523_hmm_aug004,pos_train_seq523,4,175,37,138,2,0.011428571428571429,0.9885714285714285,1,"148,166",af11989eab2699eb7ed9584accb3e7b43cc24e401995af20c20523479034da45
pos_train_seq524_hmm_aug004,pos_train_seq524,4,323,204,119,9,0.02786377708978328,0.9721362229102167,1,"16,47,54,68,102,156,182,205,209",9ba46296e70603e1a1fc361fc6e921c76f25588d8de93a89a2aa15f3566958e9
pos_train_seq526_hmm_aug004,pos_train_seq526,4,340,88,252,5,0.014705882352941176,0.9852941176470589,1,"26,34,40,45,87",ded49bdc6812c991f3c2c3244409fb73898cd2599d93199e6e083707dc888660
pos_train_seq527_hmm_aug004,pos_train_seq527,4,150,1,149,1,0.006666666666666667,0.9933333333333333,1,150,3174de5056dd329dffb83b2bf065b2405da641422386b0e6d3c87778a1418ff1
pos_train_seq528_hmm_aug004,pos_train_seq528,4,266,33,233,1,0.0037593984962406013,0.9962406015037594,1,117,06891ea4b79d0d3c072de69afe7cd5bb8a35b6e1734b50eed195f80a4e47d3c8
pos_train_seq531_hmm_aug004,pos_train_seq531,4,478,437,41,20,0.04184100418410042,0.9581589958158996,1,"8,16,62,82,137,159,175,213,220,284,352,353,368,410,415,417,424,433,442,450",3a48bb5a0a225e8404d11771fc777facd1394c86f01837ce13c28316337931ca
pos_train_seq532_hmm_aug004,pos_train_seq532,4,327,71,256,4,0.012232415902140673,0.9877675840978594,1,"227,234,245,326",eda6a46b3415bea49524bb253e8a6b2ebdfaeeb9fc6395d7bb660e929120d193
pos_train_seq533_hmm_aug004,pos_train_seq533,4,392,117,275,7,0.017857142857142856,0.9821428571428571,1,"269,303,305,320,325,364,391",76482cd2cdffa2804fec7614a308c187c0bdc097cf7c13619a9fb9f2eac693ab
pos_train_seq534_hmm_aug004,pos_train_seq534,4,440,152,288,4,0.00909090909090909,0.990909090909091,1,"157,165,365,394",738b180ee2182f2aafa2c1e7cfa512c23f47a473ce411072b6c765b2b5f5e47b
pos_train_seq536_hmm_aug004,pos_train_seq536,4,377,318,59,11,0.029177718832891247,0.9708222811671088,1,"15,23,121,146,208,221,223,293,317,333,358",90acf651cb64467a797aa81ae4c039c3ccaffe75c23ac4fd4f43e689ef9c8b22
pos_train_seq538_hmm_aug004,pos_train_seq538,4,333,48,285,6,0.018018018018018018,0.9819819819819819,1,"259,265,270,290,307,308",6ef1f2cda6a0a601abc63b5c8b4913e8f7d5fe693b348315ba665146641a04a1
pos_train_seq540_hmm_aug004,pos_train_seq540,4,140,1,139,1,0.007142857142857143,0.9928571428571429,1,140,a0ad68a547d6c6260915f2b423bd5df889a1b942f5c0ca35810057fee7db6a46
pos_train_seq541_hmm_aug004,pos_train_seq541,4,156,78,78,2,0.01282051282051282,0.9871794871794872,1,"89,126",93e3c9491397257616964b32f8feeee7d2e86a205e4b14d19771b4699ee187bc
pos_train_seq543_hmm_aug004,pos_train_seq543,4,294,134,160,7,0.023809523809523808,0.9761904761904762,1,"19,51,57,76,90,268,288",54a979fa1975ebe886a6860f98962f85199c05da79a3050759a2fb11366478dd
pos_train_seq544_hmm_aug004,pos_train_seq544,4,398,163,235,10,0.02512562814070352,0.9748743718592965,1,"53,61,153,156,170,174,292,364,366,390",cd5ddd88b6c155acdf1d484352be1d18a247a95a67919666d1bceb2d787f15b5
pos_train_seq545_hmm_aug004,pos_train_seq545,4,359,348,11,12,0.033426183844011144,0.9665738161559888,1,"2,171,228,229,244,278,319,334,335,351,354,359",6afd6d6cf066a42d10f2f4fca621e1a1b3b5355247321640ca9855656f808811
pos_train_seq548_hmm_aug004,pos_train_seq548,4,108,76,32,4,0.037037037037037035,0.962962962962963,1,"52,74,81,101",abd7c200522761be1031e23c2f0f2c40914afacde5d31b1fadad17b05edbb6a5
pos_train_seq549_hmm_aug004,pos_train_seq549,4,331,7,324,1,0.0030211480362537764,0.9969788519637462,1,278,a23940f71786da4aedc459c24ecad1d5e36023f9972ebc7f954c7bff26996d2d
pos_train_seq550_hmm_aug004,pos_train_seq550,4,439,74,365,1,0.002277904328018223,0.9977220956719818,1,149,2b5c8c0d5d637bd04b541af06ec64de19faa036e40e971f538135e4a84c9becd
pos_train_seq551_hmm_aug004,pos_train_seq551,4,185,135,50,7,0.03783783783783784,0.9621621621621621,1,"54,74,105,107,151,158,165",f4cc3e0799eb32051aefedd4b632f916c660c29084980fa072fe589d32b80c09
pos_train_seq552_hmm_aug004,pos_train_seq552,4,103,31,72,2,0.019417475728155338,0.9805825242718447,1,"25,55",7114cd8f009b142e537c302447f540ce32a390d87171293df91bb7a63b3622b6
pos_train_seq555_hmm_aug004,pos_train_seq555,4,111,38,73,1,0.009009009009009009,0.990990990990991,1,73,e960fcb492e02f5c5814b31e7dfda9b00e3357e43763f79d010ea57496e3edb0
pos_train_seq556_hmm_aug004,pos_train_seq556,4,181,121,60,7,0.03867403314917127,0.9613259668508287,1,"51,74,80,84,107,141,158",b11191e9a3d34eac64b7c977591c0a7695399d9fe5db4f0ac2731a28e73c5c64
pos_train_seq557_hmm_aug004,pos_train_seq557,4,450,415,35,30,0.06666666666666667,0.9333333333333333,1,"23,26,35,53,78,93,125,141,143,147,158,170,185,188,236,251,260,262,276,284,287,291,294,315,323,346,348,420,427,448",b030a847f603a91a08e4f90589df934cfec677d40db0c7a8d6a3bee7f15a5253
pos_train_seq558_hmm_aug004,pos_train_seq558,4,356,106,250,5,0.014044943820224719,0.9859550561797753,1,"38,69,72,84,114",191c9ee5bc34e0a4b4018d6560da0ed441b2e7a6934384258215d1f02a65cad8
pos_train_seq559_hmm_aug004,pos_train_seq559,4,303,255,48,17,0.056105610561056105,0.9438943894389439,1,"41,44,47,101,108,115,158,172,188,234,238,245,254,268,273,275,280",52a09ac7195e203d69fb3c11b4039763047c0d74fca95320b30693eff927871f
pos_train_seq560_hmm_aug004,pos_train_seq560,4,221,72,149,4,0.01809954751131222,0.9819004524886877,1,"30,48,62,63",9f9cf5ed12151bc75003a1681048523f341859d7281408c1b00446fc25f92f35
pos_train_seq561_hmm_aug004,pos_train_seq561,4,280,141,139,8,0.02857142857142857,0.9714285714285714,1,"31,48,89,102,242,246,264,269",838e13ab76ba7597a8725861372ca5cd04ba870b0a0b8734ade7aecdf31b7e94
pos_train_seq564_hmm_aug004,pos_train_seq564,4,338,63,275,1,0.0029585798816568047,0.9970414201183432,1,159,0a405adfe840a935aa1fc6eea95ff7c93c0e8e3a308b63c06a7eb604ca89fb00
pos_train_seq566_hmm_aug004,pos_train_seq566,4,313,195,118,6,0.019169329073482427,0.9808306709265175,1,"44,57,87,99,171,202",cb66009608ecb8c4b8bbdceeaa5b60a79e460ba93e5c4c6962f6e61955d8df1d
pos_train_seq567_hmm_aug004,pos_train_seq567,4,478,87,391,4,0.008368200836820083,0.9916317991631799,1,"40,57,60,97",2e056b396326bee6642923caa137ffb8ab869c72f38a818a4c3a0dffed67d6e7
pos_train_seq568_hmm_aug004,pos_train_seq568,4,390,47,343,1,0.002564102564102564,0.9974358974358974,1,65,06308216f10a7e1c27ff64235bd6b94beccf792a710efdf25d5ec1fcbd017dbf
pos_train_seq569_hmm_aug004,pos_train_seq569,4,332,332,0,18,0.05421686746987952,0.9457831325301205,1,"18,25,76,101,108,123,148,194,202,215,232,234,235,277,290,314,322,330",41d1683b34cf45721b13ad4d85a68f920c8a93db591dbe404bc6e0c54d2e7716
pos_train_seq570_hmm_aug004,pos_train_seq570,4,456,86,370,7,0.015350877192982455,0.9846491228070176,1,"288,295,299,313,333,356,370",8959b88689b9076600f80b844dd10cfbe78a82309bfd83d76109349b3b17e7d3
pos_train_seq572_hmm_aug004,pos_train_seq572,4,160,157,3,8,0.05,0.95,1,"16,30,63,82,85,92,101,124",ee81e8f317c16ea2829bc93283d940bf211e6c7522f8b6dab68c5b0c7a753bab
pos_train_seq573_hmm_aug004,pos_train_seq573,4,265,131,134,8,0.03018867924528302,0.969811320754717,1,"154,155,167,171,179,189,232,259",2d79dca03f1ad0dd94eb11c680c0a5fa69bd6c4563763fd7718b9f496fe78bcf
pos_train_seq574_hmm_aug004,pos_train_seq574,4,392,224,168,7,0.017857142857142856,0.9821428571428571,1,"39,93,98,100,111,114,285",7bc0849f0d995743ac3a287a8127ef40621d4a5b5b5b3bea96bc85c43aa38e5f
pos_train_seq576_hmm_aug004,pos_train_seq576,4,443,59,384,1,0.002257336343115124,0.9977426636568849,1,343,b529decb1a8657a3217234e63b457d63107aebf17d12f1359c2ea62123750295
pos_train_seq577_hmm_aug004,pos_train_seq577,4,281,3,278,1,0.0035587188612099642,0.99644128113879,1,45,8bceb24882e9c878803f3c43c42166299b96606d1bada0de67023dafa2e4d796
pos_train_seq579_hmm_aug004,pos_train_seq579,4,175,36,139,1,0.005714285714285714,0.9942857142857143,1,137,1ae6d0c1c1ab9dff8fd1cb4e6f143f81d6915371134fe1a0c661fb6c4ba76f67
pos_train_seq580_hmm_aug004,pos_train_seq580,4,501,408,93,17,0.033932135728542916,0.9660678642714571,1,"22,23,113,142,157,184,190,198,199,228,237,271,312,408,454,458,486",24244e6a97ec8e2e21154c4cb3af3396d6427615f083143b40f994c5cd72cdac
pos_train_seq581_hmm_aug004,pos_train_seq581,4,313,155,158,8,0.025559105431309903,0.9744408945686901,1,"44,50,55,64,66,96,162,177",90357ec6ef483db3e84819a864e01b91e89f92ce3635fdda1e8325123f65bb93
pos_train_seq582_hmm_aug004,pos_train_seq582,4,363,160,203,12,0.03305785123966942,0.9669421487603306,1,"30,43,51,54,58,166,185,268,272,332,338,351",3ab16460b8f56f8e6ae9b91437478a42f82ebb3103b7722bb0be0666f49577b7
pos_train_seq583_hmm_aug004,pos_train_seq583,4,407,153,254,16,0.03931203931203931,0.9606879606879607,1,"4,7,25,46,65,124,131,138,141,143,146,159,165,171,173,176",cb8f24437899883e5016ea21f12fcde6d34c013494feec2c6efe2a688ec28e8f
pos_train_seq584_hmm_aug004,pos_train_seq584,4,133,119,14,3,0.022556390977443608,0.9774436090225564,1,"65,79,104",b9a2ec7a4a2fc1c10754790471ab879f3dc33a59b233a1f44b161bc64495faf4
pos_train_seq585_hmm_aug004,pos_train_seq585,4,411,122,289,3,0.0072992700729927005,0.9927007299270073,1,"324,332,338",8e1c45da689eb1731360cbb28c340b0837c99f6f23fb8ae2599a241b6141de0e
pos_train_seq587_hmm_aug004,pos_train_seq587,4,163,75,88,4,0.024539877300613498,0.9754601226993865,1,"13,21,47,83",b50f02133d9206c91a91c591dcd778a9b693010db0b991bccb58113f9a2cb63f
pos_train_seq591_hmm_aug004,pos_train_seq591,4,444,254,190,17,0.038288288288288286,0.9617117117117118,1,"177,195,199,232,239,250,270,308,325,340,352,364,371,411,414,438,441",0e3a382f3253f15e15f9a5fdb9db96b8ce1a923b294d77d7dccc42452cf1c166
pos_train_seq0_hmm_aug005,pos_train_seq0,5,496,354,142,18,0.036290322580645164,0.9637096774193549,1,"67,83,105,109,111,142,178,217,218,226,229,296,303,326,403,407,409,415",2dce3023f79c5bc904c24a965ef1792afd62a818e722c18dbd823ca9cbebc465
pos_train_seq1_hmm_aug005,pos_train_seq1,5,231,231,0,15,0.06493506493506493,0.935064935064935,1,"36,57,82,84,86,96,111,121,134,138,152,176,181,216,217",51b32a9b0f73db8e6b716650046738d784536c53ce15dff5f6f78ad30b30e47d
pos_train_seq2_hmm_aug005,pos_train_seq2,5,163,78,85,6,0.03680981595092025,0.9631901840490797,1,"14,22,26,40,74,82",973cc849994f674a7344499f8d393017a46b5cef1205a916c3f65f192f6805f8
pos_train_seq3_hmm_aug005,pos_train_seq3,5,157,120,37,8,0.050955414012738856,0.9490445859872612,1,"11,14,17,95,112,113,137,154",5a28d7f23147989de12cd24f75fb24cb91e1d2401ab960f61499272ae970c06c
pos_train_seq7_hmm_aug005,pos_train_seq7,5,480,148,332,10,0.020833333333333332,0.9791666666666666,1,"107,129,138,147,282,305,311,312,345,347",f461fb24054c0dddf71140f54085f4b50cf05cd248cefd518fb780dde8cc75d6
pos_train_seq8_hmm_aug005,pos_train_seq8,5,180,1,179,1,0.005555555555555556,0.9944444444444445,1,97,570cb0d868b89747d02258438864ca91f0aed7a4a84a9dca11a7c2a3c1f2bba1
pos_train_seq10_hmm_aug005,pos_train_seq10,5,474,318,156,17,0.035864978902953586,0.9641350210970464,1,"27,41,46,105,129,158,191,223,264,275,276,291,298,303,440,456,457",1e39de663a9b08777a5a1e6018af39532ef23bf59847641d936650e5b783315a
pos_train_seq11_hmm_aug005,pos_train_seq11,5,378,159,219,8,0.021164021164021163,0.9788359788359788,1,"41,54,56,58,64,82,130,141",b4ecffddfc84fbdf329ce69d55d35f982aaf87ffb0fef8ce1c4db816c6a432cd
pos_train_seq12_hmm_aug005,pos_train_seq12,5,359,6,353,1,0.002785515320334262,0.9972144846796658,1,182,1c035e1ddb0db4dd15856da6c8e5bcc0e47d7341feae786c4ce4ac14145810b2
pos_train_seq14_hmm_aug005,pos_train_seq14,5,501,305,196,16,0.031936127744510975,0.9680638722554891,1,"21,27,68,73,83,96,138,161,192,213,221,240,245,302,318,338",cf9f5d9d42b139cf915b68450ca6324c55bd211e2eeefa754f772f717e1f3b5b
pos_train_seq16_hmm_aug005,pos_train_seq16,5,461,210,251,10,0.021691973969631236,0.9783080260303688,1,"16,19,36,58,65,77,93,102,148,419",c604dececa7add8eb905957cb4c0c987ad0f9640b5c7cf1e80e023631f047681
pos_train_seq17_hmm_aug005,pos_train_seq17,5,280,124,156,9,0.03214285714285714,0.9678571428571429,1,"26,51,52,60,61,64,70,87,264",9efcdd66abf68fae850f9c7ee1380872091e01ae0f52a1ceb8c543e6a1d1c3c9
pos_train_seq18_hmm_aug005,pos_train_seq18,5,184,171,13,11,0.059782608695652176,0.9402173913043478,1,"36,39,41,49,50,80,90,109,115,125,139",ca9ab79af5cb050bb6ab4f8b9c510c82bf35febccef3c28949a6627fe0b15745
pos_train_seq19_hmm_aug005,pos_train_seq19,5,501,305,196,14,0.027944111776447105,0.9720558882235529,1,"16,22,29,104,139,147,185,226,275,277,286,308,341,355",284a3a3588519c5d8550fc1ab12b47a735459582a25183bd97eb058229417dc1
pos_train_seq24_hmm_aug005,pos_train_seq24,5,165,4,161,1,0.006060606060606061,0.9939393939393939,1,159,dc4fa746f01ec0999a4ef66db9155a7e32b8796c7f466efc49da5ad0e106d074
pos_train_seq25_hmm_aug005,pos_train_seq25,5,198,190,8,9,0.045454545454545456,0.9545454545454546,1,"31,53,54,61,68,71,103,116,137",70feef626400fdd8f0b6bc30ca3a95cc61e6537756ab0690bffc6b3a72247737
pos_train_seq28_hmm_aug005,pos_train_seq28,5,391,312,79,14,0.03580562659846547,0.9641943734015346,1,"73,99,103,120,195,209,233,262,264,271,281,291,307,315",249c8ce83e4895195d4bbdef51a675af8c6dabb7f0c9926baf26125e9719a758
pos_train_seq29_hmm_aug005,pos_train_seq29,5,267,135,132,10,0.03745318352059925,0.9625468164794008,1,"27,74,84,87,89,113,119,127,160,169",f47238189e9ea80f5fb22b145e1e0c28adc960cebc0cb729c2524d3b707eba96
pos_train_seq31_hmm_aug005,pos_train_seq31,5,388,18,370,1,0.002577319587628866,0.9974226804123711,1,365,0fd976c32d3035c37c8524c0407a8c7906b5cfc8af9c42fb043d7cd9f0112e44
pos_train_seq32_hmm_aug005,pos_train_seq32,5,240,131,109,8,0.03333333333333333,0.9666666666666667,1,"107,112,114,123,148,154,160,178",18a0d46132b0de2ea8dadc204bed109c22dc410881643db54936960aaae839c9
pos_train_seq33_hmm_aug005,pos_train_seq33,5,495,493,2,30,0.06060606060606061,0.9393939393939394,1,"33,69,108,111,132,157,204,228,229,263,276,327,331,332,336,367,369,371,382,396,399,420,424,425,427,434,446,450,454,485",7e2ea88d519c4877eca7eb16213705a1562d1c59d85bafe196be17dab9f9757f
pos_train_seq34_hmm_aug005,pos_train_seq34,5,357,189,168,8,0.022408963585434174,0.9775910364145658,1,"23,46,84,86,262,302,313,326",b1c044cbdd7801e65c495d27649ef23f2f65f20d52f2ae5fa271e6cce0f6c1dd
pos_train_seq35_hmm_aug005,pos_train_seq35,5,214,135,79,9,0.04205607476635514,0.9579439252336449,1,"21,26,77,100,112,129,152,157,183",b2b54946f42f7c0448eb30752641b1ec91e619d753280dee03165afce5f0e314
pos_train_seq36_hmm_aug005,pos_train_seq36,5,412,405,7,22,0.05339805825242718,0.9466019417475728,1,"4,15,21,32,36,45,61,73,83,132,158,167,195,213,221,228,246,249,273,281,370,386",63f0b3f4f3443bcfe61c1051ae95690a7b0c4114c9a84db051ec6aac481f3c68
pos_train_seq37_hmm_aug005,pos_train_seq37,5,213,94,119,3,0.014084507042253521,0.9859154929577465,1,"39,48,68",b33269f60412842f8ce5272210828130765dd92d3dcd0f16b3ee1be29761f32c
pos_train_seq38_hmm_aug005,pos_train_seq38,5,352,148,204,6,0.017045454545454544,0.9829545454545454,1,"160,166,195,197,214,253",396ddea63aac0fbc6b77ee85e2431477f9c61827143638412fbb9d6c4049d5c1
pos_train_seq39_hmm_aug005,pos_train_seq39,5,328,108,220,5,0.01524390243902439,0.9847560975609756,1,"109,125,268,270,323",5d22a7d0892f420323d16de5a88d94b558197dcac1cc5a0f2495b95e7eb6e837
pos_train_seq42_hmm_aug005,pos_train_seq42,5,387,240,147,8,0.020671834625323,0.979328165374677,1,"12,98,126,139,140,181,208,225",ebb94793adc0c3e134819c84e76a69b606d07e913fa9c56002bf46ecf5f7daf3
pos_train_seq44_hmm_aug005,pos_train_seq44,5,452,227,225,9,0.01991150442477876,0.9800884955752213,1,"239,275,287,307,361,367,404,405,446",a89ecc3f2a73189a7f24c8ef530de5070806a4d5f2c72610671142cd71567d5a
pos_train_seq45_hmm_aug005,pos_train_seq45,5,429,252,177,12,0.027972027972027972,0.972027972027972,1,"35,55,58,70,72,165,185,197,233,271,275,313",32caae9e6de1013918b512bf02536f76e82bbaf3489a40fc7ca023fb09069117
pos_train_seq46_hmm_aug005,pos_train_seq46,5,392,47,345,3,0.007653061224489796,0.9923469387755102,1,"64,138,141",2b5630dbd5816e1df991376c0b9eb458c93ae6eed1ce231127abe8fc86834c95
pos_train_seq47_hmm_aug005,pos_train_seq47,5,127,126,1,7,0.05511811023622047,0.9448818897637795,1,"12,50,69,72,74,113,118",fa6d1254e6cd1fe2217683332d7449497b434446a05c7f496a019498ffb788b5
pos_train_seq50_hmm_aug005,pos_train_seq50,5,343,145,198,6,0.01749271137026239,0.9825072886297376,1,"240,241,245,271,292,311",37c6be2810afdb8760ee6972d85f64ea812e2f8ec4f6736a1ea343b5770a1dea
pos_train_seq51_hmm_aug005,pos_train_seq51,5,401,12,389,2,0.004987531172069825,0.9950124688279302,1,"320,322",ee06e1b41a60eab1b2926dc57a76dc9959608f7eecb6fa8ff0964758838c00c5
pos_train_seq52_hmm_aug005,pos_train_seq52,5,175,37,138,3,0.017142857142857144,0.9828571428571429,1,"153,154,165",5e81da9533dad23b2887110ed826603ec47dffbf7e605a8de1bf93285cd03034
pos_train_seq54_hmm_aug005,pos_train_seq54,5,376,282,94,8,0.02127659574468085,0.9787234042553191,1,"35,59,98,277,283,284,328,340",406bfe90ddfb458d902da31743ad5c019309ef69d7e775d6072bc634afed363b
pos_train_seq55_hmm_aug005,pos_train_seq55,5,393,186,207,8,0.020356234096692113,0.9796437659033079,1,"117,127,145,193,211,259,274,281",4785f856de3e2dee7ac176f5c1c523d3315157747eb4393fb9b942a00e9e173b
pos_train_seq57_hmm_aug005,pos_train_seq57,5,246,35,211,2,0.008130081300813009,0.991869918699187,1,"235,237",c7c6f40023f609d363ced27461dfbf549c6b05d24b9a2c564fe73e271818f53a
pos_train_seq59_hmm_aug005,pos_train_seq59,5,185,137,48,5,0.02702702702702703,0.972972972972973,1,"46,87,122,126,166",a504de3ae6adb2b22124a4b7892e044d44f8999b7bc31764ec24a1f71fb05ae5
pos_train_seq60_hmm_aug005,pos_train_seq60,5,341,304,37,19,0.05571847507331378,0.9442815249266863,1,"18,37,48,51,79,98,109,111,124,129,145,182,198,208,232,239,268,277,297",2e0d4d7394303d51d2b0a0c4aeb55e87bcbd1ae69fd4468d218de7b572ef6173
pos_train_seq65_hmm_aug005,pos_train_seq65,5,341,271,70,12,0.03519061583577713,0.9648093841642229,1,"71,80,104,131,157,160,172,210,230,262,309,317",bb778711868196a3d6631f0ad160e7ae7c9bf7764b0b80cc4f2c6471ea18dfa5
pos_train_seq66_hmm_aug005,pos_train_seq66,5,481,468,13,28,0.058212058212058215,0.9417879417879418,1,"30,45,52,53,56,89,95,141,145,146,193,233,237,267,289,290,297,322,323,330,332,335,349,405,412,414,424,480",a438b2b722da7a238bad3782ddc3741866e7b4a8c10293f0ac1d9923ed812298
pos_train_seq67_hmm_aug005,pos_train_seq67,5,326,314,12,19,0.05828220858895705,0.941717791411043,1,"56,82,83,85,102,103,139,147,224,227,232,233,242,246,262,268,278,299,302",da067391d2447105d6edab8a66c955364778cd4ab78da9c0194c2aed0be70083
pos_train_seq68_hmm_aug005,pos_train_seq68,5,341,228,113,13,0.03812316715542522,0.9618768328445748,1,"58,78,113,268,269,293,297,298,308,316,319,330,340",b1b04b17695df1c574260ab1edb68d784c11563a707a98af4693502e2a010a1c
pos_train_seq69_hmm_aug005,pos_train_seq69,5,394,379,15,24,0.06091370558375635,0.9390862944162437,1,"52,86,104,123,157,158,186,192,217,223,225,270,274,287,291,293,304,319,335,362,371,372,380,382",537a1e449faf07052943c2d4d82df68f47441b2a55fc4e2aaf8fad53a1e944b3
pos_train_seq70_hmm_aug005,pos_train_seq70,5,130,78,52,2,0.015384615384615385,0.9846153846153847,1,"39,64",33d3b2090fb01a686848b4fa8a5c5853ea069f86cb62ac472b8d79ef556b437c
pos_train_seq73_hmm_aug005,pos_train_seq73,5,201,191,10,8,0.03980099502487562,0.9601990049751243,1,"12,23,34,36,47,92,162,164",e0f3c105d28b953eb28c00b458b49527a7a6836544cf230910cc89585803a91a
pos_train_seq75_hmm_aug005,pos_train_seq75,5,501,173,328,9,0.017964071856287425,0.9820359281437125,1,"51,75,89,136,216,222,230,243,259",54a04b1fc3b4e858841ae06651fefc141e6b870c64f57ffe37e81bba9007d9be
pos_train_seq76_hmm_aug005,pos_train_seq76,5,183,123,60,5,0.0273224043715847,0.9726775956284153,1,"61,78,111,119,146",68ce087ddd486339e3a93661b34098a6ae259342a153b851d1ad46d8d19abb28
pos_train_seq79_hmm_aug005,pos_train_seq79,5,178,157,21,12,0.06741573033707865,0.9325842696629214,1,"30,36,54,60,61,70,71,90,99,127,160,161",3e7794adcee0ec6612eae95dcac09c81ed99516991560ba4ab774461dc26c92d
pos_train_seq80_hmm_aug005,pos_train_seq80,5,427,281,146,17,0.03981264637002342,0.9601873536299765,1,"120,121,126,132,156,168,184,209,241,250,273,385,407,412,413,418,425",ce59be186952c51c690ec11fc478338986290f4cc1080eb47327519e65f3becb
pos_train_seq82_hmm_aug005,pos_train_seq82,5,479,466,13,29,0.060542797494780795,0.9394572025052192,1,"24,27,89,98,116,132,146,148,155,157,164,192,213,216,240,252,273,274,282,314,315,332,347,354,390,417,421,426,449",83ccece2f64b82f1be8368764c1b5b1ed72b99204524fcf5b2b721eecb95a585
pos_train_seq86_hmm_aug005,pos_train_seq86,5,377,318,59,19,0.050397877984084884,0.9496021220159151,1,"1,18,19,26,99,100,123,138,141,152,154,162,167,174,190,194,222,223,373",86709739b98af368cbadd7b1f0be676ff14277e3a8e5e4d549e5ffc8c298133e
pos_train_seq87_hmm_aug005,pos_train_seq87,5,321,199,122,13,0.040498442367601244,0.9595015576323987,1,"117,166,170,175,196,199,202,206,217,242,253,266,286",34a62bf60ee44ea71dbc0e265e3de85045eb7604baa14d2987e1cc428f75a53c
pos_train_seq89_hmm_aug005,pos_train_seq89,5,493,325,168,15,0.030425963488843813,0.9695740365111561,1,"72,76,100,105,111,142,187,192,251,256,257,266,298,300,359",85640da0df0b6b66cab8307d8e7da1030725505c047bdfc50f59ebdff9802cb9
pos_train_seq90_hmm_aug005,pos_train_seq90,5,435,229,206,12,0.027586206896551724,0.9724137931034482,1,"126,205,209,245,250,258,271,278,284,287,313,410",ec28bc9ab783e66c57cf3f0156f5bfee8315c8cf538c69a990f3e6ace0c2bcf1
pos_train_seq91_hmm_aug005,pos_train_seq91,5,472,313,159,18,0.038135593220338986,0.961864406779661,1,"8,40,77,83,145,148,276,278,284,299,303,317,319,321,333,347,354,358",1ccbe0e0ccd5a560d320d2bf5c4df99941e3beca6fd9540d3105768ac341ae16
pos_train_seq93_hmm_aug005,pos_train_seq93,5,316,127,189,3,0.00949367088607595,0.990506329113924,1,"70,89,166",ff25caf8e68ea5bf5c3a2100a784d7fc5105b67991c1cc041f02048ccaf10779
pos_train_seq94_hmm_aug005,pos_train_seq94,5,422,246,176,14,0.03317535545023697,0.966824644549763,1,"50,56,57,60,70,83,91,94,163,218,364,385,391,405",1f5d784476c3a2b3504dbb74b2755e4e7e4600d9417ca405426660497e3ae1a5
pos_train_seq95_hmm_aug005,pos_train_seq95,5,341,168,173,6,0.017595307917888565,0.9824046920821115,1,"54,57,96,123,149,155",4fbfffa994b5ddce0eed44ab6c8ac3c7600c8836610906fbb24aac01fc331de4
pos_train_seq96_hmm_aug005,pos_train_seq96,5,336,214,122,13,0.03869047619047619,0.9613095238095238,1,"53,68,74,97,108,135,256,262,271,279,281,287,307",acadbabdd453d08857f5554c91cd77a6bbca88ba6adf904ff365fc4163dd5d63
pos_train_seq97_hmm_aug005,pos_train_seq97,5,191,117,74,9,0.04712041884816754,0.9528795811518325,1,"53,63,121,129,163,178,184,188,189",d5d4bc23d71ff0af7b57feae9a6fe6464456c2f7aa3edaa62b8f25e79bc71073
pos_train_seq98_hmm_aug005,pos_train_seq98,5,178,107,71,8,0.0449438202247191,0.9550561797752809,1,"22,92,93,97,111,118,121,145",00cc9bab098c20e7bdd928fdfa9a7506116d0882140a7a3db986e1ab0d5238f2
pos_train_seq99_hmm_aug005,pos_train_seq99,5,125,114,11,3,0.024,0.976,1,"34,45,64",4ccaa685aa8aed78839f82ecfecf78095331f15419a84b8969f66ccf24db2a02
pos_train_seq101_hmm_aug005,pos_train_seq101,5,297,210,87,6,0.020202020202020204,0.9797979797979798,1,"89,90,112,123,187,193",b1c7617657350571cd9887dc66fade8ee654291b9f2fa022d14611c6abbec99d
pos_train_seq103_hmm_aug005,pos_train_seq103,5,426,256,170,12,0.028169014084507043,0.971830985915493,1,"31,36,42,132,138,145,204,220,221,393,402,404",e4d505f854b0239fa3c6a2f903800aa2c8e22746fc3bd50d167131bb66bba799
pos_train_seq104_hmm_aug005,pos_train_seq104,5,332,326,6,14,0.04216867469879518,0.9578313253012049,1,"29,37,56,94,136,142,193,204,207,208,277,296,319,326",48f7f3661bc9161826a9526d9c8a092b69c41420cc17c08e70aa2c8c64d0c40f
pos_train_seq105_hmm_aug005,pos_train_seq105,5,380,78,302,4,0.010526315789473684,0.9894736842105263,1,"267,273,286,319",fc987542d479c41bb412cc8977d61c90d059811ae6774572723605ace3c97e32
pos_train_seq106_hmm_aug005,pos_train_seq106,5,320,156,164,8,0.025,0.975,1,"60,75,97,98,107,118,161,172",e14ef70ba5dd25d489dcc0894ba399a3a06dfe5915c8d2fad414a86dd20ed06d
pos_train_seq107_hmm_aug005,pos_train_seq107,5,219,162,57,8,0.0365296803652968,0.9634703196347032,1,"18,28,78,98,104,135,142,157",3e1f3b43d9f05d63cf834553fee6be49730b304027b970b9e044e9373ffab637
pos_train_seq108_hmm_aug005,pos_train_seq108,5,189,181,8,8,0.042328042328042326,0.9576719576719577,1,"26,46,49,65,80,89,91,157",e39b8488cfbe0dfb2b717b61bfeb845d3f7a7234062aeb7edfcde46fcc70f999
pos_train_seq109_hmm_aug005,pos_train_seq109,5,244,75,169,1,0.004098360655737705,0.9959016393442623,1,68,f3311b899a40095b25d203898c5865b734f7e1a8724124da65ce24d63c2f5479
pos_train_seq112_hmm_aug005,pos_train_seq112,5,194,36,158,3,0.015463917525773196,0.9845360824742269,1,"38,55,63",d687b1ee979695af6572a7eea1a9e3dea7b89b8a7273a31bac520872b500caa5
pos_train_seq113_hmm_aug005,pos_train_seq113,5,427,344,83,19,0.04449648711943794,0.955503512880562,1,"49,60,74,98,213,215,218,220,242,282,300,314,327,333,369,375,392,412,421",3356a3a7204531250b742ad5c67c3ec50c3e871bbcbebc285713fe1062277e96
pos_train_seq116_hmm_aug005,pos_train_seq116,5,272,267,5,8,0.029411764705882353,0.9705882352941176,1,"33,46,70,98,142,143,149,210",3f658b818df9dbdbe0b8c5b7e8b1627434202aef55f32cfdf5cf38ac0de7040b
pos_train_seq118_hmm_aug005,pos_train_seq118,5,339,177,162,6,0.017699115044247787,0.9823008849557522,1,"192,227,257,285,320,327",afc494fb63756a6e752220a8c90a5a37f5b8e18e0dce69f06b26683e4c77cb49
pos_train_seq119_hmm_aug005,pos_train_seq119,5,471,157,314,12,0.025477707006369428,0.9745222929936306,1,"96,114,129,132,135,151,154,156,157,183,190,209",f9703b4c3ab0b2bbe5386727bd0f03026e1350657222d2e42d58780c66537a88
pos_train_seq121_hmm_aug005,pos_train_seq121,5,172,131,41,5,0.029069767441860465,0.9709302325581395,1,"39,40,49,98,108",902cae58010d656c5c8fc13ac887e0daa92355eb49fbdfaff648df953310f849
pos_train_seq122_hmm_aug005,pos_train_seq122,5,175,157,18,5,0.02857142857142857,0.9714285714285714,1,"41,46,75,166,175",6962afc5862c3a9809afeb715909c9b641f67826a60241823ea84888b261275d
pos_train_seq123_hmm_aug005,pos_train_seq123,5,175,37,138,2,0.011428571428571429,0.9885714285714285,1,"1,166",e6286af2bc7ec61a0b1878cb09ebdaf426c5877b75f64769a2ebdfca50dc2592
pos_train_seq124_hmm_aug005,pos_train_seq124,5,375,285,90,15,0.04,0.96,1,"31,36,40,53,61,85,130,138,146,220,226,235,270,275,293",28ef337d63e3ec15c127b1335bcee3a8f9226717b9646dd3d0db3b4e3a583033
pos_train_seq126_hmm_aug005,pos_train_seq126,5,196,188,8,11,0.05612244897959184,0.9438775510204082,1,"17,23,49,63,73,82,103,159,170,172,177",52f3a09c3932b86d43e87fcb1a0236c3958e301bc7bc1047aab2e4eac9fecde8
pos_train_seq127_hmm_aug005,pos_train_seq127,5,454,363,91,14,0.030837004405286344,0.9691629955947136,1,"98,120,148,150,151,154,178,190,205,244,280,314,370,408",24797a004e186db107fef3ef24b40c2ef5ee17bd62bb9a31bf41768a51dd413f
pos_train_seq129_hmm_aug005,pos_train_seq129,5,385,19,366,1,0.0025974025974025974,0.9974025974025974,1,331,2297e827996b8fd350904c6cbf695be32733275ac5714e72220426832943d964
pos_train_seq130_hmm_aug005,pos_train_seq130,5,307,47,260,4,0.013029315960912053,0.9869706840390879,1,"177,191,194,195",e9d823ac98f3fc8ff984db971496fef161491f986eb23169620ef5f755103f01
pos_train_seq132_hmm_aug005,pos_train_seq132,5,241,59,182,2,0.008298755186721992,0.991701244813278,1,"146,178",958f34dfb5272012ce45e8be674c281faf9d0156d5d8caf6dc8d687ab200181f
pos_train_seq133_hmm_aug005,pos_train_seq133,5,284,83,201,5,0.017605633802816902,0.9823943661971831,1,"108,109,113,114,150",a7e4dd80c40fcadbef25ed7269b92afeb753750e8e3abde1a9d24ad559ac4e47
pos_train_seq135_hmm_aug005,pos_train_seq135,5,185,73,112,3,0.016216216216216217,0.9837837837837837,1,"26,42,53",9ad344906d7a959375d8a443ab044d46f42838da4ffc3476bcf8426eb7c9c66f
pos_train_seq137_hmm_aug005,pos_train_seq137,5,435,239,196,15,0.034482758620689655,0.9655172413793104,1,"12,51,67,75,97,106,124,164,186,193,200,209,213,228,236",bec579cd6f3405708a94edc40840ddc5d3d508eba02e754801341bfda4d612b6
pos_train_seq138_hmm_aug005,pos_train_seq138,5,452,88,364,4,0.008849557522123894,0.9911504424778761,1,"54,62,75,82",0e6e0736015da11676bfda2f8280666aae429b0f6b09634de9a2e47a2c1d6ca4
pos_train_seq139_hmm_aug005,pos_train_seq139,5,297,179,118,6,0.020202020202020204,0.9797979797979798,1,"19,36,94,132,228,279",6aa2702af6e71746fded1a10416d312c1719d368503b5d92a340ac088fce208a
pos_train_seq140_hmm_aug005,pos_train_seq140,5,414,249,165,6,0.014492753623188406,0.9855072463768116,1,"83,112,133,164,179,228",93a983d56666ae516b014611fe37132c3a020e4db93c2c4580045e2f40e8b468
pos_train_seq143_hmm_aug005,pos_train_seq143,5,454,373,81,17,0.037444933920704845,0.9625550660792952,1,"21,41,46,57,88,128,130,136,167,173,211,214,218,225,271,293,344",79a7179d1e563e4bcf9d0bff3d21ec638b52551e8b70200314c3cc35975b27fe
pos_train_seq144_hmm_aug005,pos_train_seq144,5,437,99,338,7,0.016018306636155607,0.9839816933638444,1,"90,93,96,144,147,162,178",11f1e22ea84a7623a3ae7a52acb277222263f3dc06561da5c38cadf3221339a8
pos_train_seq145_hmm_aug005,pos_train_seq145,5,441,4,437,1,0.0022675736961451248,0.9977324263038548,1,349,95bdd15d3ae4e7f6ae4b3f9ecb3eba842f4726b9769a604c577db565f34d24f9
pos_train_seq146_hmm_aug005,pos_train_seq146,5,196,39,157,4,0.02040816326530612,0.9795918367346939,1,"91,95,101,106",46cfa00d3a65fb6941dfc0fb3b8d593f8295f9a790765e40410950635151d01d
pos_train_seq148_hmm_aug005,pos_train_seq148,5,475,327,148,11,0.023157894736842106,0.9768421052631578,1,"156,187,203,204,206,211,244,296,346,441,456",767e80a0420796e03d5e1497a1aa7da1f0accc7ce9d8952a9e2d832552e49ca9
pos_train_seq151_hmm_aug005,pos_train_seq151,5,414,360,54,12,0.028985507246376812,0.9710144927536232,1,"57,107,136,161,220,230,270,338,340,356,380,390",130fed0b7c5769c1ff767962b85208c5139eb6ca7fad8de75f32a1f398cb9b0c
pos_train_seq153_hmm_aug005,pos_train_seq153,5,163,75,88,2,0.012269938650306749,0.9877300613496932,1,"13,76",526709201e28ccbabee637b222c13520763d8fb29dba371420dd91638bbc79ef
pos_train_seq155_hmm_aug005,pos_train_seq155,5,471,138,333,5,0.010615711252653927,0.9893842887473461,1,"28,100,144,151,153",cbd43315f4e7d0dc078fcbe5269e570018cc59bb528e937fc39c0413220585eb
pos_train_seq157_hmm_aug005,pos_train_seq157,5,268,245,23,10,0.03731343283582089,0.9626865671641791,1,"64,69,71,80,133,155,172,182,197,205",3574817c61d9aac3ec8086358f833f3f3aa604023641e4ce9dcb4a1658b5dffe
pos_train_seq158_hmm_aug005,pos_train_seq158,5,214,189,25,12,0.056074766355140186,0.9439252336448598,1,"2,13,21,99,110,112,114,118,178,201,202,214",0ea77c48224f741babf8fb647e057d90cd94387dbee5cae745eedca6c3857173
pos_train_seq160_hmm_aug005,pos_train_seq160,5,311,155,156,12,0.03858520900321544,0.9614147909967845,1,"45,65,71,72,73,96,125,142,157,160,170,179",77aef0aa43b4b00c50040573fdc9617bd8722a98ebf1727b95eab292cb525d39
pos_train_seq161_hmm_aug005,pos_train_seq161,5,501,84,417,4,0.007984031936127744,0.9920159680638723,1,"344,354,355,364",c331b1b6d566ffd1c7f4fa4b2b9ad0d938f17404772c795baced3bdd4be75b2b
pos_train_seq163_hmm_aug005,pos_train_seq163,5,163,72,91,4,0.024539877300613498,0.9754601226993865,1,"18,38,42,76",692a77348c34a0256ad4147899595247ca112aa752a22b776bd2b9b07a52f9b0
pos_train_seq165_hmm_aug005,pos_train_seq165,5,457,403,54,13,0.028446389496717725,0.9715536105032823,1,"88,144,165,173,195,216,219,278,283,339,408,429,437",d1ae6c99866474ec89f39ed26a3f96ecc99d14a22223b618c7d17b90b04cd728
pos_train_seq166_hmm_aug005,pos_train_seq166,5,178,165,13,7,0.03932584269662921,0.9606741573033708,1,"14,37,51,59,63,135,158",5e536c65e580e754484aa5b3afa9e4a1b6a453d1f8192357e1103a1ce848f1e5
pos_train_seq169_hmm_aug005,pos_train_seq169,5,130,23,107,4,0.03076923076923077,0.9692307692307692,1,"70,73,74,80",ccc60608f921fa8d64d16edb545fe100b991db2e2459e2276b11cca3a230e3cb
pos_train_seq171_hmm_aug005,pos_train_seq171,5,69,5,64,1,0.014492753623188406,0.9855072463768116,1,39,74c96cecdd7f2a712a768844e87f6286bf1ee7419faa020cd1b1bdb99d03c989
pos_train_seq173_hmm_aug005,pos_train_seq173,5,431,258,173,7,0.016241299303944315,0.9837587006960556,1,"15,26,63,85,131,140,167",099019001d5ff977f953651105e62767715561db6a98562a9a9c0b5b53013c9a
pos_train_seq174_hmm_aug005,pos_train_seq174,5,453,50,403,6,0.013245033112582781,0.9867549668874173,1,"24,25,42,97,102,106",f16ac10f93f61cb41fe00e3c1b25ec460cc6920b8f63a6a295402ef2ab794aa3
pos_train_seq176_hmm_aug005,pos_train_seq176,5,175,37,138,4,0.022857142857142857,0.9771428571428571,1,"150,151,153,161",f07a30163bf7d7f1871337380c7fe9d9b50b7af7dbdafed59b17016a25d3eb03
pos_train_seq178_hmm_aug005,pos_train_seq178,5,321,1,320,1,0.003115264797507788,0.9968847352024922,1,321,3c0909ff8d32edc698b8a8675677d142419726c6afd21e32c3b25b2900ea4db7
pos_train_seq179_hmm_aug005,pos_train_seq179,5,134,7,127,1,0.007462686567164179,0.9925373134328358,1,28,9fe4ca5ac4847a938725ca8d3492ece348070a6a57911af2c7d93365a89cf730
pos_train_seq180_hmm_aug005,pos_train_seq180,5,405,23,382,1,0.0024691358024691358,0.9975308641975309,1,50,0477d0c2187cd38d67cd0b6455da28b8834387d1bd6fdfc220fa7ca0ed9bcf70
pos_train_seq181_hmm_aug005,pos_train_seq181,5,175,36,139,1,0.005714285714285714,0.9942857142857143,1,143,d38af50f580a7ad1ab3998258a1a95c84075fd80aa86e62dbfc4d28e9d48f2d2
pos_train_seq183_hmm_aug005,pos_train_seq183,5,412,411,1,23,0.055825242718446605,0.9441747572815534,1,"4,5,6,20,41,81,88,93,99,115,127,131,143,190,222,230,278,345,351,367,379,383,397",fbd258277bc6f6ddb4cdefdd38202e733468efcaab9c5564c791a25e95267713
pos_train_seq184_hmm_aug005,pos_train_seq184,5,158,145,13,9,0.056962025316455694,0.9430379746835443,1,"11,21,39,50,76,95,102,132,147",dbfebc8cfdba1287296c388b3e5b2beee888b24e9d9bf1ca51f02d10148d0021
pos_train_seq185_hmm_aug005,pos_train_seq185,5,494,236,258,16,0.032388663967611336,0.9676113360323887,1,"3,19,23,41,52,55,81,99,120,129,133,143,179,193,195,213",59728acb04bcc6d198768bc677b65eaa4e9b33ec0e7a51b02695f0928fe147de
pos_train_seq186_hmm_aug005,pos_train_seq186,5,240,1,239,1,0.004166666666666667,0.9958333333333333,1,1,642aed13ffd82d65fe9a504d0639197d3c9cc2d96c836bce3b2f7782335fcd10
pos_train_seq187_hmm_aug005,pos_train_seq187,5,136,106,30,4,0.029411764705882353,0.9705882352941176,1,"49,75,103,113",2ca6e7a9ef73820a466a7026bcb23f33829e7b68ef7d7e3611a4d35dd27a6a38
pos_train_seq188_hmm_aug005,pos_train_seq188,5,326,211,115,8,0.024539877300613498,0.9754601226993865,1,"39,123,126,155,164,205,247,289",afa7229ea7284b3cd0663992134babc4fc4f30391782bb1736e7cde63f899c18
pos_train_seq189_hmm_aug005,pos_train_seq189,5,180,158,22,8,0.044444444444444446,0.9555555555555556,1,"51,67,74,87,101,115,126,132",c43675e429e032ad138c4aace136ea454473c534a0128157d2b4ac8babd7acf4
pos_train_seq190_hmm_aug005,pos_train_seq190,5,255,239,16,14,0.054901960784313725,0.9450980392156862,1,"40,46,62,70,103,114,143,164,176,182,184,194,203,232",44ec081d14ab859c4ece6c117f9b527db8e3721d067b17677d1db330bbdb3241
pos_train_seq191_hmm_aug005,pos_train_seq191,5,175,36,139,2,0.011428571428571429,0.9885714285714285,1,"154,163",6dc6db5947790c62266a8c822213879246ddfbcf56e3072d2c18a1d160f97b82
pos_train_seq193_hmm_aug005,pos_train_seq193,5,213,136,77,8,0.03755868544600939,0.9624413145539906,1,"85,94,136,147,153,155,173,180",956a6608a8c5878a39c1299be9f015e814d59d9124c0e7a51d96e0ed4a6a4548
pos_train_seq195_hmm_aug005,pos_train_seq195,5,483,372,111,17,0.035196687370600416,0.9648033126293996,1,"130,143,169,179,207,278,279,297,303,328,359,361,400,436,439,446,458",8930949d31de39071daa05269340bf6639961ca3f1a3502ef1bd026a18221e3f
pos_train_seq197_hmm_aug005,pos_train_seq197,5,373,9,364,1,0.002680965147453083,0.9973190348525469,1,364,f485f073952c76c8e6d4bef48aaf38281dae24b46544c5e71b73af5ef1eff0d7
pos_train_seq199_hmm_aug005,pos_train_seq199,5,25,7,18,1,0.04,0.96,1,1,0adff73b8f8a796330b34ed7921833e4f4729c1853b73398e1a92771f0be69c8
pos_train_seq200_hmm_aug005,pos_train_seq200,5,317,317,0,23,0.07255520504731862,0.9274447949526814,1,"64,83,84,88,91,96,124,134,135,153,166,174,201,213,257,267,273,288,289,294,297,299,301",d0d63a94cc6fd960b56ed603a83c5b3ac2ddd4de1ba25e563db0e1dac5401fa0
pos_train_seq201_hmm_aug005,pos_train_seq201,5,403,288,115,21,0.052109181141439205,0.9478908188585607,1,"129,158,167,170,174,192,198,226,243,250,264,268,270,287,295,304,305,309,310,345,394",100d90c4f0110d794d31d64ba6bf48ac5a601d7b498c5bf4218592c601e62add
pos_train_seq203_hmm_aug005,pos_train_seq203,5,480,82,398,5,0.010416666666666666,0.9895833333333334,1,"341,343,348,365,368",beca737361e7bb2f497f18a32e5d20b2574b72d435995b45483d0cba4f2f77d4
pos_train_seq204_hmm_aug005,pos_train_seq204,5,507,351,156,16,0.03155818540433925,0.9684418145956607,1,"164,168,186,197,198,202,224,242,266,310,332,402,418,463,471,500",225756ae0cff7bf802e28210813de65ea02f069b19f03253627b9e9c4a024420
pos_train_seq206_hmm_aug005,pos_train_seq206,5,101,33,68,1,0.009900990099009901,0.9900990099009901,1,53,649ebbd372d67658178c3abbde88fbe4fab94cb93ce7b34d3d1cbdd3c4354f5e
pos_train_seq207_hmm_aug005,pos_train_seq207,5,509,322,187,21,0.0412573673870334,0.9587426326129665,1,"13,16,23,35,44,54,71,77,91,124,126,143,154,159,168,181,196,199,204,252,490",b0d8fb62cbd4d4892a9c379b7bb973f211c1781dc13e02d11e158db081f8de94
pos_train_seq208_hmm_aug005,pos_train_seq208,5,224,201,23,8,0.03571428571428571,0.9642857142857143,1,"6,27,33,34,55,152,181,200",89b221a300f8470f06d4d240ce7065b92efd022f25530d7f54157c660e6615f7
pos_train_seq209_hmm_aug005,pos_train_seq209,5,501,305,196,15,0.029940119760479042,0.9700598802395209,1,"23,71,99,127,139,146,154,156,163,195,212,289,326,336,354",2e84599c6e705830cf6e9011ed123d56049f78470da37947887fa8355605a565
pos_train_seq210_hmm_aug005,pos_train_seq210,5,239,239,0,17,0.07112970711297072,0.9288702928870293,1,"15,22,36,37,54,59,78,92,95,107,163,165,170,178,182,214,222",1a650bf660d4b89874c13f2ffac1017b517b448ea63f5a4c460924e1123bc2a4
pos_train_seq211_hmm_aug005,pos_train_seq211,5,406,29,377,2,0.0049261083743842365,0.9950738916256158,1,"5,17",28cb1ecb616506b935c6b379b2ad82a725152d48f493f98203a4502abd6305e8
pos_train_seq212_hmm_aug005,pos_train_seq212,5,175,37,138,1,0.005714285714285714,0.9942857142857143,1,145,39e50e285844aab651bdaa5aaaca0db5bf11ac94df6f5520c39d6f96dd9865f8
pos_train_seq213_hmm_aug005,pos_train_seq213,5,361,124,237,9,0.024930747922437674,0.9750692520775623,1,"202,206,264,282,288,336,340,344,359",ed32669b6c3a3c2ad05fcebff3f544bd651e613ad54f2003de0a3ac37c9a20fb
pos_train_seq215_hmm_aug005,pos_train_seq215,5,475,473,2,26,0.05473684210526316,0.9452631578947368,1,"5,6,57,59,72,76,95,115,126,129,184,217,256,270,289,292,310,322,328,344,348,387,389,401,416,472",6a8844f9ef92e3b778ec38a82f81b44ba11bab7d9c4dae140ef9634329bc31b9
pos_train_seq216_hmm_aug005,pos_train_seq216,5,419,138,281,8,0.01909307875894988,0.9809069212410502,1,"139,155,165,312,324,328,344,347",7ae6f0b60b9ca97b57a0d8fd1aed030e47ec2fa97836bb4f500173aa0f4768a9
pos_train_seq217_hmm_aug005,pos_train_seq217,5,91,88,3,3,0.03296703296703297,0.967032967032967,1,"28,33,43",efc576ff6f01e7070da059663c35d28c8ba871796f6d3137cb2187d4625d58de
pos_train_seq218_hmm_aug005,pos_train_seq218,5,503,246,257,13,0.02584493041749503,0.974155069582505,1,"41,256,261,264,305,314,407,438,455,459,469,485,487",0fa8ac9f0bcc30106711cba6ae63faca441aa10cf3d1cb14fad24bb917d54249
pos_train_seq219_hmm_aug005,pos_train_seq219,5,111,104,7,4,0.036036036036036036,0.963963963963964,1,"29,45,46,110",1bc2f19b07270c7d1db457a2c2b16cca3b5b337bd034a91584d0031c9edb3ad1
pos_train_seq220_hmm_aug005,pos_train_seq220,5,361,2,359,1,0.002770083102493075,0.997229916897507,1,271,a1e72aadae56b976ec8ccc810d0203b71769ec8e47dcce27a5dc49050c3f7780
pos_train_seq221_hmm_aug005,pos_train_seq221,5,175,37,138,2,0.011428571428571429,0.9885714285714285,1,"133,141",5c7dbf89eba0432ebf6db8268086c3536d093d6867e7b340bf1c8e80a1176538
pos_train_seq222_hmm_aug005,pos_train_seq222,5,440,212,228,13,0.029545454545454545,0.9704545454545455,1,"11,16,22,37,68,76,81,83,114,149,150,411,415",69c257550a48f518620b72eb64d58afdf0a25cc6b2cf03852087be66abc380ce
pos_train_seq223_hmm_aug005,pos_train_seq223,5,338,303,35,17,0.05029585798816568,0.9497041420118343,1,"42,60,65,107,119,124,174,178,183,209,213,219,263,274,280,283,314",987b3603636e0e65ab1f6cb66aab490ad2d9a70700e6aa48dad4f6541c6dd5bb
pos_train_seq228_hmm_aug005,pos_train_seq228,5,223,38,185,5,0.02242152466367713,0.9775784753363229,1,"111,112,115,123,138",e49b55687f7074b12043c81ff1516cb71c0a539c3db7f11c47944fff66f7a8e4
pos_train_seq229_hmm_aug005,pos_train_seq229,5,320,154,166,11,0.034375,0.965625,1,"15,18,20,27,33,34,60,93,129,176,179",ebfe895313f16490678569aeb950a7f034a0028585df16713d9eaf141400e41b
pos_train_seq231_hmm_aug005,pos_train_seq231,5,375,98,277,4,0.010666666666666666,0.9893333333333333,1,"244,257,258,272",1b6ef2ca527ae4e78f08023937a6fedeaf317fdea60e24a0eb3fdbd955378d5b
pos_train_seq233_hmm_aug005,pos_train_seq233,5,281,253,28,13,0.046263345195729534,0.9537366548042705,1,"29,42,70,73,74,102,106,142,151,158,244,255,260",3587c2c65063e0620501fd8de476cd3b4ec8c6045a9124c93704f26f6d3bca27
pos_train_seq234_hmm_aug005,pos_train_seq234,5,472,175,297,7,0.014830508474576272,0.9851694915254238,1,"287,289,307,315,318,339,362",c8d6cbc2f64d856502f533a13b309f9961f0b4c8f9e37bcefa52e6496470f4c0
pos_train_seq236_hmm_aug005,pos_train_seq236,5,453,219,234,8,0.017660044150110375,0.9823399558498896,1,"135,137,208,357,377,386,402,405",2ce600788ecea7b57e9c95344dd514937bca920e79388c5bfa2d1d8379ca787e
pos_train_seq238_hmm_aug005,pos_train_seq238,5,158,1,157,1,0.006329113924050633,0.9936708860759493,1,148,c5c13082188ccb6a49131bf4598d6c4ed32148731574c51a95daab049bc529f9
pos_train_seq239_hmm_aug005,pos_train_seq239,5,502,140,362,7,0.013944223107569721,0.9860557768924303,1,"43,60,76,91,118,284,295",3b0a865ba2f61625d565a205cdf7da1c861e4e7532f1587106e339f8efe2fb04
pos_train_seq240_hmm_aug005,pos_train_seq240,5,341,168,173,10,0.02932551319648094,0.9706744868035191,1,"2,15,17,28,47,54,56,66,75,174",dee6a32a76c44740f71bbc9664617d8bb9c90af8f928010fed92eb7f3c5dd54c
pos_train_seq243_hmm_aug005,pos_train_seq243,5,382,6,376,1,0.002617801047120419,0.9973821989528796,1,293,3c46391948865c323ce9bc0e42adf9935ced68c8543e669f35742a374aafa82a
pos_train_seq244_hmm_aug005,pos_train_seq244,5,500,359,141,13,0.026,0.974,1,"41,62,70,84,149,150,212,308,313,332,362,414,433",2295b420a7815950c77b30ddac01fd4ce59222e7a0ec9feb433669c9568fc609
pos_train_seq246_hmm_aug005,pos_train_seq246,5,88,41,47,3,0.03409090909090909,0.9659090909090909,1,"73,74,83",e096d11ff941fc6ee67b4b493b820c31c1b3fde60f19fb3b59a00d877dc9bc1c
pos_train_seq247_hmm_aug005,pos_train_seq247,5,184,171,13,8,0.043478260869565216,0.9565217391304348,1,"18,41,45,54,64,96,145,179",0232548085a7bb29e7c63c6ac9a6030159f07ca4a2a9588bcb945e75ff96adfe
pos_train_seq248_hmm_aug005,pos_train_seq248,5,449,299,150,25,0.0556792873051225,0.9443207126948775,1,"1,4,10,20,26,44,61,81,82,83,94,119,134,136,141,143,156,162,169,202,282,294,349,356,361",ba08b3e2e3aba209ddff7b2780050cf4aadc80167d9c5663715ea6e5a9b0cf7c
pos_train_seq249_hmm_aug005,pos_train_seq249,5,184,171,13,10,0.05434782608695652,0.9456521739130435,1,"21,38,44,50,77,105,115,132,138,181",a9e1312001e9a32d67fa7ee28648b7ee74268792035207029ac7ff5b0b9ef359
pos_train_seq250_hmm_aug005,pos_train_seq250,5,462,293,169,15,0.032467532467532464,0.9675324675324676,1,"99,113,116,128,187,192,205,210,230,248,304,314,344,366,383",3cc9f47ed281f934e01df154c65f50b06fc003fd19c449c84282e42aaa29ffba
pos_train_seq251_hmm_aug005,pos_train_seq251,5,482,211,271,9,0.01867219917012448,0.9813278008298755,1,"34,36,40,52,59,78,357,394,395",a854e1e0ee6eb71b5a13898b400bce49477be3e611e4e0177e111fe22856cc69
pos_train_seq254_hmm_aug005,pos_train_seq254,5,411,155,256,7,0.0170316301703163,0.9829683698296837,1,"2,73,114,120,126,136,139",3e91afcd4111aba489338a0da9d7de331619dd4985b5fbdb36e49e74c758f308
pos_train_seq257_hmm_aug005,pos_train_seq257,5,294,75,219,5,0.017006802721088437,0.9829931972789115,1,"38,51,110,139,145",6f676eb819bd8334bfdf763bec565ba5e496a95b10d20aca87b13a6af291b86b
pos_train_seq258_hmm_aug005,pos_train_seq258,5,191,118,73,6,0.031413612565445025,0.9685863874345549,1,"66,150,158,164,179,185",4ba59cbe17e82edaa2e8c360ab0a4ea486bd88ef94ee0c13f4232cff2ab0b423
pos_train_seq259_hmm_aug005,pos_train_seq259,5,409,7,402,1,0.0024449877750611247,0.9975550122249389,1,394,bb7f7835db02cd25a885792e82cad24bd211c6a6f2a425a50239dcab9b40ddba
pos_train_seq260_hmm_aug005,pos_train_seq260,5,460,289,171,12,0.02608695652173913,0.9739130434782609,1,"198,211,213,227,235,236,261,276,280,349,351,382",7412366667887bf5868e13718a2385fb43d7b61881ab36eba2e2f11003c271c8
pos_train_seq261_hmm_aug005,pos_train_seq261,5,244,34,210,4,0.01639344262295082,0.9836065573770492,1,"71,78,94,102",017484f39ca6efcfbfa43ece730b318416b405328f5aff60e9b8b9bc6a3e0041
pos_train_seq262_hmm_aug005,pos_train_seq262,5,184,158,26,8,0.043478260869565216,0.9565217391304348,1,"38,42,60,68,120,157,176,180",b27844d728f43c4e5f44b5cd3fa8b1d807a77b154feaf98822d09f84ab07244a
pos_train_seq264_hmm_aug005,pos_train_seq264,5,106,51,55,1,0.009433962264150943,0.9905660377358491,1,83,788128628e6ff6899d632d46c856d2820c4118b37c15ec84c61d53750258975e
pos_train_seq267_hmm_aug005,pos_train_seq267,5,456,273,183,11,0.02412280701754386,0.9758771929824561,1,"188,195,198,203,280,300,333,342,346,360,377",5acca5dc92c91d7e5fd6db350bb1c5d8a62e761ecbbda78186fb600f733c0456
pos_train_seq268_hmm_aug005,pos_train_seq268,5,379,315,64,9,0.023746701846965697,0.9762532981530343,1,"113,198,218,222,249,258,306,316,324",fa5cd8163f375d05a70903eb68e4bff5cc74b9214ee9e518ea15d2db1b467489
pos_train_seq269_hmm_aug005,pos_train_seq269,5,396,375,21,12,0.030303030303030304,0.9696969696969697,1,"43,56,63,127,167,169,186,224,259,273,319,324",126b85ef916fb739b4d4a34cda746680aa08f2710f4d1dbf0fc074c6ca734930
pos_train_seq273_hmm_aug005,pos_train_seq273,5,341,182,159,6,0.017595307917888565,0.9824046920821115,1,"67,83,159,182,212,223",0053f24678749ba7fb1cbd84db18f9be6b8d398b8a4503050e87a2ff0090e8fb
pos_train_seq274_hmm_aug005,pos_train_seq274,5,163,54,109,1,0.006134969325153374,0.9938650306748467,1,41,546cde3b47b952547534bb9d91ea6d676b3a30b8d5df2d656c1f5f46f29d26d4
pos_train_seq276_hmm_aug005,pos_train_seq276,5,250,132,118,7,0.028,0.972,1,"131,132,142,169,170,190,245",c36828a08c82a68407488631d77d7789fcbf2b4e0aaa87eff4c892fe07d28b51
pos_train_seq277_hmm_aug005,pos_train_seq277,5,177,102,75,3,0.01694915254237288,0.9830508474576272,1,"151,166,170",333594a365a4091b766dfaea46e6747ac466d06aa56cd17e81f8b9ce733f2a39
pos_train_seq278_hmm_aug005,pos_train_seq278,5,392,117,275,7,0.017857142857142856,0.9821428571428571,1,"284,329,336,345,350,352,354",b1ecebc2d145a6a13a5ff75ea1252c1ad688eca130d8f50931e4694eb697f756
pos_train_seq279_hmm_aug005,pos_train_seq279,5,329,156,173,7,0.02127659574468085,0.9787234042553191,1,"62,123,128,134,154,169,173",ff0a5f1cd8ed436a9bbfd13f6249afeeac57ca62e8b61fad8bd57c19812a63a2
pos_train_seq280_hmm_aug005,pos_train_seq280,5,211,87,124,3,0.014218009478672985,0.985781990521327,1,"155,165,208",6a30ae98a0673558118b16b7f91c1e42d7b1d27c2ba676459c46ab708129e166
pos_train_seq281_hmm_aug005,pos_train_seq281,5,404,160,244,5,0.012376237623762377,0.9876237623762376,1,"41,129,155,158,179",70c20128882a4abfd4d4ad9e5adc1f3665d2610044753686b65a4254f4c828a2
pos_train_seq282_hmm_aug005,pos_train_seq282,5,310,271,39,8,0.025806451612903226,0.9741935483870968,1,"26,47,108,129,154,229,238,281",4dbceac033d338ecf80794a933bd37c744d1d908ea659c530e8bffacc00b377e
pos_train_seq284_hmm_aug005,pos_train_seq284,5,175,37,138,2,0.011428571428571429,0.9885714285714285,1,"142,148",648a9303b3baf1022f78ad53efd7428db453a6be7da0122bb89559814c524a1f
pos_train_seq285_hmm_aug005,pos_train_seq285,5,396,141,255,5,0.012626262626262626,0.9873737373737373,1,"49,68,102,143,169",bb46324afd630d24f76566f9e06c9e68748e3a44c7b67ff4ea0b0190ccbf8398
pos_train_seq286_hmm_aug005,pos_train_seq286,5,471,194,277,10,0.021231422505307854,0.9787685774946921,1,"31,39,40,55,68,124,143,153,157,167",7e0f2777842b4d62af7f5a94568241554ff73973f788121a50fc58e508769498
pos_train_seq288_hmm_aug005,pos_train_seq288,5,204,118,86,2,0.00980392156862745,0.9901960784313726,1,"48,97",eb4079d5e53641cdb27be64ce591872ed58a0b75b2561759d6fc37230adc8f15
pos_train_seq289_hmm_aug005,pos_train_seq289,5,245,97,148,4,0.0163265306122449,0.9836734693877551,1,"49,76,109,116",20f1b67aa9783b2ede9931b874da8992fe8ddc8fcfbcf313da48615b19d7fcaa
pos_train_seq290_hmm_aug005,pos_train_seq290,5,391,355,36,21,0.05370843989769821,0.9462915601023018,1,"70,77,80,85,97,103,107,110,116,156,186,203,230,244,246,261,272,308,313,359,385",d92dc4206f04fe1204aaa9069807745dbdcf2774b7a3dcb95a9614e69ff2b6cc
pos_train_seq291_hmm_aug005,pos_train_seq291,5,290,169,121,9,0.03103448275862069,0.9689655172413794,1,"69,76,113,120,136,143,161,171,191",4c322e865e2feb9c057f6ac1035dd763ebd580696bb3fd89f3814823da654dba
pos_train_seq292_hmm_aug005,pos_train_seq292,5,262,231,31,8,0.030534351145038167,0.9694656488549618,1,"10,45,51,131,137,168,177,233",9e44298eb40afb28fe30af10977670bf4c5eddc85a9ebe93b33b3d7d8bdd4848
pos_train_seq293_hmm_aug005,pos_train_seq293,5,163,62,101,5,0.03067484662576687,0.9693251533742331,1,"42,43,70,72,78",c0b55451f83adb478768f5b7075d293024362d503503f7ae781174f7d1846488
pos_train_seq294_hmm_aug005,pos_train_seq294,5,494,84,410,5,0.010121457489878543,0.9898785425101214,1,"314,320,329,345,346",abbae4818220e79bb5c758db496478fa877ab71ad54fd11a79c2ac953b5befe8
pos_train_seq295_hmm_aug005,pos_train_seq295,5,163,66,97,4,0.024539877300613498,0.9754601226993865,1,"50,55,64,73",926cc028fd2c42b7a45f39b2076f6102098f6dca984f2768578c5f8eb06439dc
pos_train_seq297_hmm_aug005,pos_train_seq297,5,395,319,76,18,0.04556962025316456,0.9544303797468354,1,"1,14,16,33,39,56,90,118,139,140,159,163,221,239,250,259,313,317",8cc8aa478583f76d096e09c8dfdc239aa6148ea1f6934b5f4d93baa39ff13889
pos_train_seq298_hmm_aug005,pos_train_seq298,5,450,370,80,21,0.04666666666666667,0.9533333333333334,1,"11,20,34,52,60,78,86,96,106,222,226,253,254,266,275,285,315,320,348,378,390",c488a4bbbc0d096e68927a50bd9223e6b74c47019ddfbd2982d266540699962c
pos_train_seq300_hmm_aug005,pos_train_seq300,5,505,173,332,14,0.027722772277227723,0.9722772277227723,1,"22,23,34,50,73,81,95,113,137,214,228,229,259,266",7a2dcd127281251d041f742f57606ffffab963f5b3610eb9125107ae0e2fb608
pos_train_seq301_hmm_aug005,pos_train_seq301,5,332,158,174,6,0.018072289156626505,0.9819277108433735,1,"87,151,158,165,172,217",93052ab1553024cc6cb4d377a53eef590f98c77f128d392fe321e78607f9d661
pos_train_seq303_hmm_aug005,pos_train_seq303,5,412,331,81,18,0.043689320388349516,0.9563106796116505,1,"85,112,134,184,192,196,197,222,230,285,309,324,334,347,358,365,368,405",84a4e08a5027874f5a5bf4e166d5553b6b19c848f58767ab4075d4cc3d37355d
pos_train_seq304_hmm_aug005,pos_train_seq304,5,352,321,31,12,0.03409090909090909,0.9659090909090909,1,"24,65,82,85,117,194,233,255,267,280,317,343",e5058d57a1a8f32b5acd896f61d4ab1e100c7d8b36c38dcaa51687145c8d52e4
pos_train_seq305_hmm_aug005,pos_train_seq305,5,330,260,70,17,0.051515151515151514,0.9484848484848485,1,"35,45,54,55,78,81,87,99,119,127,134,136,141,142,155,181,248",11c3144d4283f78257eb32dcdf91c0ba4bc961ab7873be8604f1879d49852576
pos_train_seq307_hmm_aug005,pos_train_seq307,5,174,153,21,5,0.028735632183908046,0.9712643678160919,1,"63,124,138,139,143",33ae58145d466b7f7f7ac93c76f3fa9132914371d3a0cec6e128f391d438637a
pos_train_seq310_hmm_aug005,pos_train_seq310,5,206,93,113,6,0.02912621359223301,0.970873786407767,1,"34,38,177,194,197,202",21a3008ad6738488e37800cce165e00a3f10a68acf6914f1fa6f97e91712b324
pos_train_seq312_hmm_aug005,pos_train_seq312,5,422,420,2,16,0.037914691943127965,0.9620853080568721,1,"28,65,82,139,151,188,198,214,222,269,317,337,350,353,382,416",21a975394fd0d4c5f18433aed4dde6bfa499744d13297cf0bc1c587c2e6d98bc
pos_train_seq313_hmm_aug005,pos_train_seq313,5,191,122,69,2,0.010471204188481676,0.9895287958115183,1,"50,121",8bdcd99efa368bd7958126b601458e0155401820d190f2a871e7d60a17da240e
pos_train_seq316_hmm_aug005,pos_train_seq316,5,503,399,104,22,0.0437375745526839,0.9562624254473161,1,"3,5,18,20,43,115,117,153,172,179,180,194,195,199,217,260,268,448,455,475,483,494",7a7548992981ea04bbca49c431bc59d0892bb46d423b40893b0b9206b52eba1b
pos_train_seq318_hmm_aug005,pos_train_seq318,5,175,1,174,1,0.005714285714285714,0.9942857142857143,1,175,cf47d04ede83b377a29d9e929a014257d5076897b88fbfe3e462d84ca483ad48
pos_train_seq319_hmm_aug005,pos_train_seq319,5,175,37,138,1,0.005714285714285714,0.9942857142857143,1,1,97b916b51cc8e61f564f74324aeddcd432315152c0d8976c36b7dc5d306edf96
pos_train_seq321_hmm_aug005,pos_train_seq321,5,317,30,287,1,0.0031545741324921135,0.9968454258675079,1,87,3bee6c8d79cce8b63a559f3fd0db97e076e8e2995930a1aaa4f81009e77fd62f
pos_train_seq322_hmm_aug005,pos_train_seq322,5,326,197,129,11,0.03374233128834356,0.9662576687116564,1,"5,21,139,143,160,169,177,196,199,221,233",6753c5b2ad9a8755ee76d80e5284d480b1058c36e16e9cc989ea5eeeb5f97644
pos_train_seq324_hmm_aug005,pos_train_seq324,5,244,187,57,9,0.036885245901639344,0.9631147540983607,1,"48,50,56,118,122,179,201,212,217",1a85df8181049c251c52cd1e79e49940e34b1d92431b06a7d99ea930b27531eb
pos_train_seq326_hmm_aug005,pos_train_seq326,5,338,163,175,7,0.020710059171597635,0.9792899408284024,1,"192,220,228,256,279,282,284",52cb10e76d325d9b9bdcf03fc02a2e4de5188d7f8f3c17e495cd7854e0b04c59
pos_train_seq327_hmm_aug005,pos_train_seq327,5,93,33,60,1,0.010752688172043012,0.989247311827957,1,42,72f2b38381eb1d090af381d59599491b8cdb4d7761e40e7ed833047058af6a23
pos_train_seq328_hmm_aug005,pos_train_seq328,5,257,184,73,12,0.04669260700389105,0.9533073929961089,1,"9,20,39,47,72,113,121,139,159,172,181,182",094adf54a95a78ce8f9db92c9bfdf09df3d0d4d8f6caead5c0a6ae548b26f517
pos_train_seq330_hmm_aug005,pos_train_seq330,5,351,351,0,16,0.045584045584045586,0.9544159544159544,1,"37,44,51,68,70,88,96,136,154,169,226,253,310,328,332,351",427c85e6c00bfc27c7c9b6a633f3d42567afd67444af3770cd774629e1d44795
pos_train_seq331_hmm_aug005,pos_train_seq331,5,150,1,149,1,0.006666666666666667,0.9933333333333333,1,1,93760ce5beca483643ffea49100bcba699fa258aa5822646689f18d574cf8a1d
pos_train_seq332_hmm_aug005,pos_train_seq332,5,366,216,150,14,0.03825136612021858,0.9617486338797814,1,"62,81,119,132,171,172,175,184,188,206,231,250,253,273",326b081305465e7fadcb022e381f9f9bb5970fea44001c9576775524652b525f
pos_train_seq333_hmm_aug005,pos_train_seq333,5,293,257,36,8,0.027303754266211604,0.9726962457337884,1,"30,40,84,162,187,228,283,285",989e82c9c092110c85126a3784abe21e7c2808b4fcf099ac19dce9cc3e3d88c0
pos_train_seq334_hmm_aug005,pos_train_seq334,5,184,171,13,5,0.02717391304347826,0.9728260869565217,1,"36,60,66,67,77",7fea00f9a5c143ab7d2fffe2acdeb2727875add6b9ec1f8342514d714ca015fa
pos_train_seq336_hmm_aug005,pos_train_seq336,5,118,28,90,1,0.00847457627118644,0.9915254237288136,1,36,1c98636895b5d420a7e36e39797e9266acdee09c56640d02bb580fb92006d2c8
pos_train_seq338_hmm_aug005,pos_train_seq338,5,505,301,204,16,0.031683168316831684,0.9683168316831683,1,"219,234,240,302,310,325,327,338,345,348,367,369,370,428,477,484",92c8108039a338f07262fd6d3cbe159f2a9a26e1701de0e5d364b5d10f308218
pos_train_seq340_hmm_aug005,pos_train_seq340,5,299,146,153,5,0.016722408026755852,0.9832775919732442,1,"29,41,91,93,255",636033a9774c2cf8ba5cfe2e95c614b650adbd6e714ab9ebd0361b65e2d7c0b1
pos_train_seq342_hmm_aug005,pos_train_seq342,5,445,88,357,7,0.015730337078651686,0.9842696629213483,1,"37,53,63,82,94,97,108",19415f53d2a4ee9183efb129dd0cd951366d6176a9d095adc78d5710cf4b5b30
pos_train_seq343_hmm_aug005,pos_train_seq343,5,460,442,18,26,0.05652173913043478,0.9434782608695652,1,"31,54,75,81,99,101,117,141,184,200,206,216,227,241,249,253,287,288,291,334,339,371,383,404,423,431",131b5f1b9e7bc5c0e75ed72a79aa4348418c15308a6471d98ad33cca6f0f6a7e
pos_train_seq347_hmm_aug005,pos_train_seq347,5,294,112,182,12,0.04081632653061224,0.9591836734693877,1,"12,18,22,24,46,52,115,137,148,163,168,177",ef782ad1fe66a83f9295b0877973e83f9bc342efabb7bb1767da99354612fcf3
pos_train_seq350_hmm_aug005,pos_train_seq350,5,327,157,170,9,0.027522935779816515,0.9724770642201834,1,"103,108,127,133,156,159,168,173,185",6279954bfe8a05c3713d21c20ad208f48e89349c83beaf30fa69aa9a10d0fb1b
pos_train_seq351_hmm_aug005,pos_train_seq351,5,484,484,0,19,0.03925619834710744,0.9607438016528925,1,"16,41,74,90,101,113,134,154,171,205,236,249,268,288,312,373,386,389,431",a66747ebe2ce54bc2cc68cfcc4d8670274c328bb78a063461d38ea5839aeaa2c
pos_train_seq352_hmm_aug005,pos_train_seq352,5,442,214,228,8,0.01809954751131222,0.9819004524886877,1,"23,44,45,83,119,148,164,416",30526dd1e27a47cd719889a31fe6f19fd4e11c124489724dbb80a429284a8394
pos_train_seq353_hmm_aug005,pos_train_seq353,5,501,306,195,10,0.01996007984031936,0.9800399201596807,1,"17,95,103,151,171,206,235,298,299,310",53fddc2b9e5a4fd777d042ad135333f8970133fa773768ccfb6c55219e18da85
pos_train_seq355_hmm_aug005,pos_train_seq355,5,207,178,29,3,0.014492753623188406,0.9855072463768116,1,"125,155,171",60c3c3c33973cb3f153aa285d633077e20f927426989511b1dbb7304d315dfad
pos_train_seq356_hmm_aug005,pos_train_seq356,5,490,59,431,2,0.004081632653061225,0.9959183673469387,1,"401,403",6ac10c1c62c3d1dfe4afffe348b886954aa2081b050bbf8e8c90df09c3d52bd9
pos_train_seq359_hmm_aug005,pos_train_seq359,5,117,104,13,4,0.03418803418803419,0.9658119658119658,1,"23,49,95,109",6f67e3d66ad6daa1c3e5b7224726bbf731871664b0fff5529be4cba5ca165110
pos_train_seq360_hmm_aug005,pos_train_seq360,5,377,206,171,15,0.03978779840848806,0.960212201591512,1,"17,23,31,41,51,54,60,80,102,113,118,123,161,179,214",903fd7de9c0bc0e7de8de3e20eb3678b912f8967dbe473e93e99d555486b58fc
pos_train_seq361_hmm_aug005,pos_train_seq361,5,418,128,290,1,0.0023923444976076554,0.9976076555023924,1,131,e3e4b04ba6b3ce00fc34c322a1b33112f26d9407d0d43d9151bc223af9d19c3b
pos_train_seq362_hmm_aug005,pos_train_seq362,5,208,108,100,6,0.028846153846153848,0.9711538461538461,1,"69,83,106,143,146,161",43cc37e7148b837a8bce01d566f0db685c72639a073fbae1451492307e9c293b
pos_train_seq363_hmm_aug005,pos_train_seq363,5,463,278,185,12,0.02591792656587473,0.9740820734341252,1,"152,154,163,178,192,266,274,297,301,374,391,439",317b9935cebe22318f5e2e1fc85621a8d3e3c5bd61c518881686a6393e0ea378
pos_train_seq367_hmm_aug005,pos_train_seq367,5,352,140,212,6,0.017045454545454544,0.9829545454545454,1,"38,41,53,54,210,241",efebeef9bb27c47ba664fdf0e7a90317c6be1ed3f6f2e44eda6146a313778975
pos_train_seq369_hmm_aug005,pos_train_seq369,5,486,28,458,1,0.00205761316872428,0.9979423868312757,1,141,eb4abbb46a98daf385f81b85b46becaa98ed8fb0ab9a664a95836d9b1a6b0edb
pos_train_seq370_hmm_aug005,pos_train_seq370,5,506,377,129,18,0.03557312252964427,0.9644268774703557,1,"43,67,85,89,100,111,116,135,140,242,255,282,293,304,321,352,403,406",769603eaba1e233ee691dfcd16c43e6cdc542de2ecbe8b007700d9b50a38478f
pos_train_seq371_hmm_aug005,pos_train_seq371,5,466,210,256,10,0.02145922746781116,0.9785407725321889,1,"41,64,77,89,132,137,373,378,380,384",01be9846b3680cb7262fe01e10fc23780941f24e439511ac5bf0f6616b43a4f0
pos_train_seq372_hmm_aug005,pos_train_seq372,5,459,457,2,21,0.0457516339869281,0.954248366013072,1,"9,24,73,79,86,120,126,127,131,188,200,204,213,215,302,308,318,353,423,442,459",d0f43820de0409fb64e801517f122483dd478205ff4f75f0d53d2d3bc105919a
pos_train_seq373_hmm_aug005,pos_train_seq373,5,471,376,95,18,0.03821656050955414,0.9617834394904459,1,"182,184,186,211,217,246,270,293,311,320,321,336,338,356,373,377,425,449",89d2db3992edc7039c36885c9bbd399cec111bd990e24b565744c008adf2c0a0
pos_train_seq374_hmm_aug005,pos_train_seq374,5,129,21,108,2,0.015503875968992248,0.9844961240310077,1,"64,76",30e0d3420b7b7f39a00d1c7cba795edc05d5c9736002f8d47f98f8765798b7a8
pos_train_seq376_hmm_aug005,pos_train_seq376,5,439,221,218,15,0.03416856492027335,0.9658314350797267,1,"100,129,133,142,163,166,168,171,213,216,243,257,261,395,421",5a08994501120fdc0faf079a5d221ee8460100c4958c7674c9433a4ccc8a8d9b
pos_train_seq377_hmm_aug005,pos_train_seq377,5,174,159,15,5,0.028735632183908046,0.9712643678160919,1,"31,40,48,70,161",0078e3029e1aacc9ba97eaca33679233be18f273eeb194800fb84bab637a086d
pos_train_seq379_hmm_aug005,pos_train_seq379,5,409,171,238,16,0.039119804400977995,0.960880195599022,1,"15,51,54,64,194,197,214,296,375,376,379,386,390,399,406,407",1f065a28766bd440526f9d8cd5ef36aad7c7a5fa74cbbd3e78ecb1b096dc1301
pos_train_seq380_hmm_aug005,pos_train_seq380,5,210,208,2,11,0.05238095238095238,0.9476190476190476,1,"44,61,76,105,107,117,120,124,126,139,183",7953cebebbfbef87480de28d59597cd476caeb7c33a52ae9c39caf5412376971
pos_train_seq381_hmm_aug005,pos_train_seq381,5,311,156,155,8,0.02572347266881029,0.9742765273311897,1,"14,26,54,69,94,108,165,166",954a1b37d1948111b540f8a33b80276816ccd42edf534dfa0ab098474066a0e1
pos_train_seq383_hmm_aug005,pos_train_seq383,5,434,295,139,18,0.041474654377880185,0.9585253456221198,1,"60,64,109,244,249,261,275,282,298,319,355,369,371,373,404,408,422,423",7a6a4887541a458c6591986bbc4048af20ec4f321f6af362c7c25c945a13c5b5
pos_train_seq384_hmm_aug005,pos_train_seq384,5,388,372,16,24,0.061855670103092786,0.9381443298969072,1,"20,29,46,49,57,82,111,118,149,152,165,193,216,228,291,305,321,324,325,341,349,350,353,359",20fa14a44e5a622c98dfcdf5a92b4ef0e77cd4ebdd045ed28ba1b6dc570600ed
pos_train_seq385_hmm_aug005,pos_train_seq385,5,495,305,190,9,0.01818181818181818,0.9818181818181818,1,"107,170,181,231,240,256,291,309,326",3eeade8ef2b2693cda74ea3c1c65c1da412a7691b06bdb7671fd68cc627fb8ac
pos_train_seq386_hmm_aug005,pos_train_seq386,5,240,51,189,3,0.0125,0.9875,1,"60,185,186",6bc1051e753ef3e06a2d2871eee642d177ac8b596133ccc6c20402a5e0f1b856
pos_train_seq389_hmm_aug005,pos_train_seq389,5,253,79,174,5,0.019762845849802372,0.9802371541501976,1,"149,194,198,209,225",38dae151c61e3a77cae62c63714a47eb287f0b236b37e1dabed88bc2055e2d74
pos_train_seq391_hmm_aug005,pos_train_seq391,5,296,124,172,8,0.02702702702702703,0.972972972972973,1,"69,71,72,78,86,92,101,107",48eb581ad55fd230a3a433bd5fb0c9c42d075a7e0df52b5b9fc8965e34bdb0ac
pos_train_seq393_hmm_aug005,pos_train_seq393,5,374,340,34,24,0.06417112299465241,0.9358288770053476,1,"29,32,49,54,77,94,97,99,133,156,160,163,170,176,196,241,245,250,298,312,313,318,324,328",0e31ee58e95ae3eb9cbc16b83918e8522e380500a166a84cd29a8c47774ca13b
pos_train_seq394_hmm_aug005,pos_train_seq394,5,25,14,11,1,0.04,0.96,1,4,7c7470c16daf7a786f090470fe25dbb1460b896fab4ff882fa90abe14850b8a2
pos_train_seq395_hmm_aug005,pos_train_seq395,5,191,118,73,4,0.020942408376963352,0.9790575916230366,1,"65,171,179,182",0f3ed05c449bfb2e9d47c142803ff8a70d51164c6213f8a821ac91528b8bb164
pos_train_seq396_hmm_aug005,pos_train_seq396,5,264,235,29,11,0.041666666666666664,0.9583333333333334,1,"60,104,109,126,139,154,160,208,214,220,260",74c2f7cb171b1ea8117ac8a9062a8a41500503538437e9513357ae4bc56a5c19
pos_train_seq397_hmm_aug005,pos_train_seq397,5,305,92,213,6,0.019672131147540985,0.980327868852459,1,"110,118,134,233,242,281",f6ff970855b46458a58704f3146bc3746e00f104b4938fdff27e413a3564c37f
pos_train_seq399_hmm_aug005,pos_train_seq399,5,183,140,43,5,0.0273224043715847,0.9726775956284153,1,"45,93,144,147,155",4fad818f727cfae4cc73edaf90e0e654df80242635b4a79157bb3b0195b97fd3
pos_train_seq400_hmm_aug005,pos_train_seq400,5,381,243,138,9,0.023622047244094488,0.9763779527559056,1,"9,18,32,85,118,120,156,174,240",f5d44d5537942ac15cd13eda4239561f6688d753cdd452f075f04d589c521e5f
pos_train_seq402_hmm_aug005,pos_train_seq402,5,314,156,158,8,0.025477707006369428,0.9745222929936306,1,"12,39,54,61,95,108,138,150",bf37e853d37d5ce28c47de91a9574f0eec260af81f9a0fe97fd0ebbeab0d4dc5
pos_train_seq404_hmm_aug005,pos_train_seq404,5,332,8,324,1,0.0030120481927710845,0.9969879518072289,1,295,6fed12e46d2abe9db7179f60407fef926e47267b162ba4e9344a9426e7e787dc
pos_train_seq405_hmm_aug005,pos_train_seq405,5,100,56,44,2,0.02,0.98,1,"56,86",fc7de000987955259e4cd925e1b2b32af761d2b5a366ba28bc81fcd13e9bbfeb
pos_train_seq406_hmm_aug005,pos_train_seq406,5,371,231,140,11,0.029649595687331536,0.9703504043126685,1,"36,42,43,63,108,118,142,158,185,238,240",28661bf6d7893a69c7ec5e8cd10bf4105129ac81b96ad84f9289c1387b9f8297
pos_train_seq407_hmm_aug005,pos_train_seq407,5,377,174,203,10,0.026525198938992044,0.9734748010610079,1,"18,187,201,212,231,237,239,338,339,355",13233b4a8ccf9e408e456a5b3939254d760411854f6c8f23cddb14c7d814764c
pos_train_seq408_hmm_aug005,pos_train_seq408,5,381,326,55,19,0.049868766404199474,0.9501312335958005,1,"33,44,52,125,155,167,178,199,209,211,219,238,256,278,296,325,328,333,342",a2fcb91731918aa1a08cf5740e6d34c56169175c79df51773d4c57940cc9f00f
pos_train_seq410_hmm_aug005,pos_train_seq410,5,300,1,299,1,0.0033333333333333335,0.9966666666666667,1,300,50ee9edf614b4cffc4d1b41b9f117c972ce03cd82ef90dabb44f281548d18295
pos_train_seq412_hmm_aug005,pos_train_seq412,5,346,180,166,10,0.028901734104046242,0.9710982658959537,1,"1,5,26,102,103,209,224,268,274,275",a0ede94bbf2a3ece08fab93c60a2bc434e7d3c095db0580169602c8d4308d2cb
pos_train_seq413_hmm_aug005,pos_train_seq413,5,152,115,37,5,0.03289473684210526,0.9671052631578947,1,"35,64,80,113,121",704554256b171b5e6e4ee262b99e95db4bad50947420efb9c473a1660dbbe06e
pos_train_seq414_hmm_aug005,pos_train_seq414,5,417,407,10,15,0.03597122302158273,0.9640287769784173,1,"41,66,76,94,98,103,113,145,167,232,296,311,351,387,410",2bb89b807eb6a34adc652482ef8687872a06160d5b8bb3b9a03ae6693c671295
pos_train_seq415_hmm_aug005,pos_train_seq415,5,414,249,165,10,0.024154589371980676,0.9758454106280193,1,"25,38,122,146,160,178,196,219,260,261",1befeb2513798211c16d105247455613cafc745589e1c472c3f71b54904e35e9
pos_train_seq416_hmm_aug005,pos_train_seq416,5,268,166,102,10,0.03731343283582089,0.9626865671641791,1,"18,28,46,78,95,100,119,201,202,250",425cc6d71bf85da29d0c7c3ecfa29a43f69c7aab88413d7c0b8bc79062c49247
pos_train_seq417_hmm_aug005,pos_train_seq417,5,422,420,2,30,0.07109004739336493,0.9289099526066351,1,"3,19,41,49,53,70,84,86,92,107,113,117,130,149,166,189,197,213,250,290,298,303,314,329,340,351,354,363,370,420",b0b63fb872a0ee637ff158722b9ffe7c0cc7712f8b96b2bac73ac86c1bf6a10c
pos_train_seq418_hmm_aug005,pos_train_seq418,5,367,236,131,9,0.02452316076294278,0.9754768392370572,1,"10,16,20,45,52,107,178,196,210",75320333b4726ce14a49ffa40904d5726880925ab090a370f747defdd11e72c9
pos_train_seq419_hmm_aug005,pos_train_seq419,5,418,45,373,1,0.0023923444976076554,0.9976076555023924,1,35,fe0b4c7b61bb25c5ec3e49762d4ae7f20d3b06dded210b0199f1c4d66946c570
pos_train_seq421_hmm_aug005,pos_train_seq421,5,25,3,22,1,0.04,0.96,1,25,25d4a084bdd1dc94dbd4433bcd717d67608fafeb16fba5279888d004e70a9593
pos_train_seq422_hmm_aug005,pos_train_seq422,5,187,75,112,2,0.0106951871657754,0.9893048128342246,1,"38,84",642c35c8ef28e1c685a5c93d51fa230efbbdfd40d6b106659904405dec24072a
pos_train_seq425_hmm_aug005,pos_train_seq425,5,178,100,78,7,0.03932584269662921,0.9606741573033708,1,"5,23,41,56,72,81,99",f69c4535e41647117feca97b35086a83a7da49fd687f8d79bb631a6dbadc65ba
pos_train_seq426_hmm_aug005,pos_train_seq426,5,157,72,85,2,0.012738853503184714,0.9872611464968153,1,"4,55",c4d352bdd0eac62801a4460c7034428fe49b6826218c31620a9e509493b54f45
pos_train_seq427_hmm_aug005,pos_train_seq427,5,495,476,19,21,0.04242424242424243,0.9575757575757575,1,"23,33,106,128,130,131,163,176,180,206,210,250,256,274,277,286,298,365,410,438,444",a6c52f70a8d752204e4ceba1854b68c74cde963b2d4ddd8785af6c75d0e2685a
pos_train_seq428_hmm_aug005,pos_train_seq428,5,213,99,114,3,0.014084507042253521,0.9859154929577465,1,"17,56,93",dd9a34800d657c3e1d9b8bf4ef6cb87c411fdb4eb4a9270ccfc9803936ab9870
pos_train_seq429_hmm_aug005,pos_train_seq429,5,355,163,192,11,0.030985915492957747,0.9690140845070423,1,"95,125,126,138,166,210,217,223,226,234,249",66e32795af58d1f781647ebb72fff2c96a4eecf516e9b0e8580bf314a87410e9
pos_train_seq430_hmm_aug005,pos_train_seq430,5,441,6,435,1,0.0022675736961451248,0.9977324263038548,1,317,88bb8fd181b46a3a07ab3135077eddf85d58b26d1eca4e9d7e3576c6fb1c8fdc
pos_train_seq431_hmm_aug005,pos_train_seq431,5,372,156,216,10,0.026881720430107527,0.9731182795698925,1,"16,34,36,37,76,147,148,149,158,162",66820fd46a047830bb2e4b2c0ec68330c9791f0e98d8e56e24c223053e84a59b
pos_train_seq432_hmm_aug005,pos_train_seq432,5,383,261,122,21,0.05483028720626632,0.9451697127937336,1,"140,174,182,211,220,224,237,242,248,249,250,257,265,289,291,297,298,305,306,314,344",8b38bf06e1ce1ba21881c59848e7702456e4105c4fa228db9802300204563232
pos_train_seq433_hmm_aug005,pos_train_seq433,5,352,232,120,13,0.036931818181818184,0.9630681818181818,1,"178,199,235,265,269,275,284,287,316,323,326,331,339",943a5da09854fd749b3fd9e493aa0fdb35ef45040273b32ffae5531bb7555aa3
pos_train_seq435_hmm_aug005,pos_train_seq435,5,205,91,114,1,0.004878048780487805,0.9951219512195122,1,102,51051add1267f89417ec16ba3ddff73f2c6972d16de4b74647dd92fce14d0bfa
pos_train_seq436_hmm_aug005,pos_train_seq436,5,507,137,370,9,0.01775147928994083,0.9822485207100592,1,"111,114,329,350,369,376,461,488,496",497f1f2c980f0efedf5efa2ddbbc751658bee0a6783016eda24b5bc2d6eb34c3
pos_train_seq437_hmm_aug005,pos_train_seq437,5,411,79,332,4,0.009732360097323601,0.9902676399026764,1,"355,358,365,411",560016f73f809b27b5b89b569777871f329ddedcc5c14df939c7e3f686aabd56
pos_train_seq438_hmm_aug005,pos_train_seq438,5,495,87,408,6,0.012121212121212121,0.9878787878787879,1,"30,46,61,66,73,85",cddaa0697951ea98631e3847bf3a37dc2e208c18e02c61c82d9e6881ffdb15fe
pos_train_seq439_hmm_aug005,pos_train_seq439,5,175,36,139,1,0.005714285714285714,0.9942857142857143,1,168,75bde246ad5546fb5a0d62912c227b4e348800016253f6358933b841566d4591
pos_train_seq442_hmm_aug005,pos_train_seq442,5,390,199,191,10,0.02564102564102564,0.9743589743589743,1,"106,123,125,133,160,175,197,212,220,276",bdf24b5765e2b954f6120cc68e192d3f7f8e44537ed97ccddf8da066a8e76bad
pos_train_seq443_hmm_aug005,pos_train_seq443,5,217,215,2,14,0.06451612903225806,0.935483870967742,1,"13,16,19,27,29,93,124,143,153,164,168,176,204,216",0df4ab049c77360708b5a33115ea096941ac2bce383e78ddd781acbb7f9ac3fa
pos_train_seq444_hmm_aug005,pos_train_seq444,5,23,6,17,1,0.043478260869565216,0.9565217391304348,1,3,026e570f692e2fa27fab299402b7f103a79d5ba625527d189f14d67673b5e3e9
pos_train_seq445_hmm_aug005,pos_train_seq445,5,397,313,84,18,0.04534005037783375,0.9546599496221663,1,"16,106,120,149,167,168,177,178,191,244,252,261,279,302,314,318,328,333",9c722e6852646991cca91f954fd5ad243f3221514993dbf0ab80dd314e666d05
pos_train_seq446_hmm_aug005,pos_train_seq446,5,270,86,184,6,0.022222222222222223,0.9777777777777777,1,"104,110,131,141,146,155",11ad90ac52434ccf21cf363c770b36df93d60f96a4e4f3ac29b4df75275c367c
pos_train_seq450_hmm_aug005,pos_train_seq450,5,182,120,62,4,0.02197802197802198,0.978021978021978,1,"55,120,121,152",43be0e98c22464fb144450dd6fdce9cfa3c9d7e785964a5c458c48dc32e25d62
pos_train_seq452_hmm_aug005,pos_train_seq452,5,317,189,128,4,0.012618296529968454,0.9873817034700315,1,"45,149,230,239",4ab8a6a4c55ce66681dab8ff5c2587987f38b3e6c10325c3d967441e58f8e2fc
pos_train_seq455_hmm_aug005,pos_train_seq455,5,171,106,65,10,0.05847953216374269,0.9415204678362573,1,"51,54,69,87,90,94,105,107,115,146",b6ce85899cc93a3eb72edc411188667bc8581ea1937ccac5d0a17c18f9abf4c3
pos_train_seq458_hmm_aug005,pos_train_seq458,5,432,320,112,18,0.041666666666666664,0.9583333333333334,1,"11,41,229,232,245,246,265,271,307,315,319,322,330,332,383,385,416,431",95ed4c006f4764957aa53f7c4c0a5cdaa11de11327fa0b2df50dc9b5ef5f5f41
pos_train_seq459_hmm_aug005,pos_train_seq459,5,196,40,156,1,0.00510204081632653,0.9948979591836735,1,4,0f0fada4aae6b7d589944bc93464a2e0cbbf23c663da3b0bea64a2526d57a018
pos_train_seq461_hmm_aug005,pos_train_seq461,5,476,284,192,15,0.031512605042016806,0.9684873949579832,1,"47,50,52,60,84,96,143,153,182,193,198,219,233,256,262",59a61f10021f5836084bf1fde7181559585e5ac70e63247b9df2315096c29c63
pos_train_seq462_hmm_aug005,pos_train_seq462,5,305,171,134,11,0.036065573770491806,0.9639344262295082,1,"18,31,57,58,62,68,76,95,151,156,171",e34fcc6f91774a7b4273fbf39df557136355e4bbd792474cfdf2f41612b106ef
pos_train_seq463_hmm_aug005,pos_train_seq463,5,406,152,254,4,0.009852216748768473,0.9901477832512315,1,"31,60,143,162",3963ff24ad85916a717e01e55d7e7ef18f8c6fff8ce6ea7dc785e231a4e3d5b9
pos_train_seq466_hmm_aug005,pos_train_seq466,5,425,312,113,11,0.02588235294117647,0.9741176470588235,1,"39,55,67,120,300,334,352,372,381,399,407",41240612db56a00fd885415606948a4cb637976d94aea33e0f9d8d4a583d9dd3
pos_train_seq467_hmm_aug005,pos_train_seq467,5,386,380,6,17,0.04404145077720207,0.9559585492227979,1,"1,3,12,28,63,103,170,195,200,203,209,226,227,257,272,329,358",acdc9683b96574973eadfe34e4cfee815d9ee1ba5d141d620051a026e5430468
pos_train_seq468_hmm_aug005,pos_train_seq468,5,434,262,172,15,0.03456221198156682,0.9654377880184332,1,"33,47,73,106,126,128,138,148,173,192,245,250,271,273,309",2a970ba78584260ea4f774cfbf742eeabe8b2d2f2e91ef5043a05e64566117c3
pos_train_seq469_hmm_aug005,pos_train_seq469,5,231,184,47,2,0.008658008658008658,0.9913419913419913,1,"23,26",0c6afd665c2218dd95222e833147b6102e942d9bcfe1699b814c88dcc97b7fba
pos_train_seq471_hmm_aug005,pos_train_seq471,5,437,431,6,17,0.038901601830663615,0.9610983981693364,1,"12,19,84,94,113,128,188,210,254,302,306,383,394,401,402,409,418",f5039c3b81e800f46b8349dae290b7efbcf725b8238853a5d524e80111d1b701
pos_train_seq472_hmm_aug005,pos_train_seq472,5,431,263,168,13,0.030162412993039442,0.9698375870069605,1,"71,83,103,113,126,151,171,185,223,250,251,260,262",24eaf6213db573b2eb9d189bb606187f66ad8c9a5fde1f61fc22294026c711c2
pos_train_seq475_hmm_aug005,pos_train_seq475,5,360,145,215,7,0.019444444444444445,0.9805555555555555,1,"199,234,236,250,252,256,259",ada12164ad80d8546e50cccf65765b672b7b0fb43fd032344cbdb654766c2948
pos_train_seq476_hmm_aug005,pos_train_seq476,5,407,254,153,6,0.014742014742014743,0.9852579852579852,1,"152,255,294,295,374,376",7d2ba827590273aeb2e123f6cc3e4d73008739620808c078c6a59bbf18964655
pos_train_seq478_hmm_aug005,pos_train_seq478,5,299,119,180,5,0.016722408026755852,0.9832775919732442,1,"58,66,238,249,253",43e4d5faa9adbffa923ba7b9c6b93a630efabe38bf7f6ee894f9b1179d8bdc2d
pos_train_seq479_hmm_aug005,pos_train_seq479,5,370,309,61,15,0.04054054054054054,0.9594594594594594,1,"9,52,86,90,108,110,112,132,138,195,221,222,232,263,279",3e23737874c0bd151a6a22e36faf7d775ba8f0d7d8d69f5f63ce5e76442a1adf
pos_train_seq480_hmm_aug005,pos_train_seq480,5,409,308,101,17,0.04156479217603912,0.9584352078239609,1,"4,20,21,145,153,171,187,213,216,225,234,248,263,287,308,338,353",ef7f1ffc19fec7fe1150911bd33f2e1c544286d20c8f5295649aae041f0007cc
pos_train_seq481_hmm_aug005,pos_train_seq481,5,209,114,95,7,0.03349282296650718,0.9665071770334929,1,"42,43,60,63,78,141,168",7487e8911b8e2d42a75ad383714be6bf754f505119ba8ef58860d4ffb4103852
pos_train_seq484_hmm_aug005,pos_train_seq484,5,359,14,345,1,0.002785515320334262,0.9972144846796658,1,223,b4b7a0b2bb8becf72d373c894e3d5a2e1c3c2102f50aaacda06fbf1c5d59befc
pos_train_seq485_hmm_aug005,pos_train_seq485,5,491,86,405,6,0.012219959266802444,0.9877800407331976,1,"159,171,176,185,223,225",b13bfbc51b30d4292551483c04eb582fcca02a63a11289216e785f3636f1d990
pos_train_seq486_hmm_aug005,pos_train_seq486,5,184,171,13,6,0.03260869565217391,0.967391304347826,1,"37,95,99,167,174,178",080028f85797c86f53a909a983d1fac682be3fdfca392669df9f1353259a0eed
pos_train_seq487_hmm_aug005,pos_train_seq487,5,454,298,156,18,0.039647577092511016,0.960352422907489,1,"27,224,241,251,265,266,269,273,285,318,324,337,344,366,383,393,434,442",2c644c07d3e88ba265ef2b947f809b1d48ef5697ef37984ae597bf8d14a827b8
pos_train_seq488_hmm_aug005,pos_train_seq488,5,419,356,63,16,0.03818615751789976,0.9618138424821002,1,"37,95,127,141,194,240,241,245,262,267,335,353,356,360,391,392",4acda19ece78fefbdb529d82302bd888f477b85731d4e95fefa32f041b14191c
pos_train_seq489_hmm_aug005,pos_train_seq489,5,501,173,328,9,0.017964071856287425,0.9820359281437125,1,"26,56,66,69,72,115,122,244,248",4cfa1aeec821cb4cec6d53fc21180dbd902b66bc75be7eace2100529191e3195
pos_train_seq490_hmm_aug005,pos_train_seq490,5,136,78,58,3,0.022058823529411766,0.9779411764705882,1,"90,110,126",59c2d2afd91cdddbddc8ca3f421deb34fbd7429b5a432524843deb06789b0eaa
pos_train_seq491_hmm_aug005,pos_train_seq491,5,383,329,54,23,0.06005221932114883,0.9399477806788512,1,"20,44,52,58,73,82,94,95,97,113,143,181,200,216,219,221,234,255,263,271,275,323,326",925c02590a6722d200949a34466a77f79a09f26def476f7ee0e80f360837ff2f
pos_train_seq492_hmm_aug005,pos_train_seq492,5,508,452,56,24,0.047244094488188976,0.952755905511811,1,"16,26,43,58,128,131,134,193,209,216,221,226,254,284,292,364,371,389,396,397,408,426,453,466",109b07cf628da85775a7c4f8cbf871658610efa092cc2dbe0ae2b2887a53b60f
pos_train_seq493_hmm_aug005,pos_train_seq493,5,296,133,163,7,0.02364864864864865,0.9763513513513513,1,"19,70,94,259,266,270,273",87fca39a4528092ce7df3ac22968778685e038cdc602da179a85964b2d7d6f8e
pos_train_seq494_hmm_aug005,pos_train_seq494,5,192,191,1,8,0.041666666666666664,0.9583333333333334,1,"2,9,27,32,53,82,157,182",badc2500c6fc1b17b29ac6ce1575e60014f8fa0ca214c2b95f10210da7f85a2e
pos_train_seq495_hmm_aug005,pos_train_seq495,5,340,223,117,6,0.01764705882352941,0.9823529411764705,1,"19,60,179,213,220,299",624b67a512297693694fd09463486116ef4b950a2f7be5f5750857d403aa9ac6
pos_train_seq496_hmm_aug005,pos_train_seq496,5,403,289,114,14,0.034739454094292806,0.9652605459057072,1,"132,161,197,204,238,298,321,336,340,361,365,386,393,402",670fa776257c08cb8cb88e367cf56bb14f04f274805617e58134cba5ad208428
pos_train_seq499_hmm_aug005,pos_train_seq499,5,397,242,155,13,0.0327455919395466,0.9672544080604534,1,"151,155,159,166,168,193,255,263,270,287,376,381,395",f69a66e742047f3084b34bb76346757e5c58b0548d8c811279c6f848405467aa
pos_train_seq500_hmm_aug005,pos_train_seq500,5,449,312,137,15,0.0334075723830735,0.9665924276169265,1,"28,29,47,50,89,108,122,162,164,184,196,308,313,330,346",87393005b2963960fb47496a98d4d3ba5a7fb7af615f19d8afee7215dde00d54
pos_train_seq502_hmm_aug005,pos_train_seq502,5,353,172,181,10,0.028328611898016998,0.971671388101983,1,"40,66,67,69,76,114,126,129,164,183",7fe7cc9d16413b1eb772e045e616d9417cdbb7cb18e4717c23dce967694e0952
pos_train_seq503_hmm_aug005,pos_train_seq503,5,153,12,141,1,0.006535947712418301,0.9934640522875817,1,3,cb4ab5a891710b21a4e2453facff47bf2933b54122dd26d56607f5fe45ba1072
pos_train_seq504_hmm_aug005,pos_train_seq504,5,127,127,0,6,0.047244094488188976,0.952755905511811,1,"18,51,62,88,101,106",0b2423dfa362fa8cf1d9dafdd42ef8c50352b5ad45ac60b2df3347d2b955ea25
pos_train_seq506_hmm_aug005,pos_train_seq506,5,415,369,46,11,0.02650602409638554,0.9734939759036144,1,"60,79,105,158,169,258,277,285,293,333,356",ed52e245bfbbb7b9086ca1845a7cfeaad313695e9bb8f38903761c9c58de9056
pos_train_seq507_hmm_aug005,pos_train_seq507,5,443,57,386,3,0.006772009029345372,0.9932279909706546,1,"290,334,336",f13d10ee4fe1eac3f87a0f1c9575a7337f985861adc45145ec986bc6ac093ea0
pos_train_seq510_hmm_aug005,pos_train_seq510,5,366,30,336,2,0.00546448087431694,0.994535519125683,1,"127,223",9fe95dc2d994c5f776cc15757e9e5c0255ddec9b1ca1e71eb113e4ee989884a5
pos_train_seq511_hmm_aug005,pos_train_seq511,5,476,79,397,2,0.004201680672268907,0.9957983193277311,1,"307,310",ae3ad88b9915dd11e912cb6f983813f8d414d2384daa7c935c8e9fbf0543223a
pos_train_seq514_hmm_aug005,pos_train_seq514,5,475,327,148,18,0.037894736842105266,0.9621052631578947,1,"166,169,175,214,235,240,241,272,274,275,282,295,315,345,384,424,432,436",dd9f8338dd4ec5bdcdec2e745dc8d4d2d607951c088c458dd5974a13bca9ddb8
pos_train_seq515_hmm_aug005,pos_train_seq515,5,361,107,254,10,0.027700831024930747,0.9722991689750693,1,"21,33,35,48,49,68,70,88,109,111",32459a18b6d7d62260d7995369b6dccf191af5af8ab865369d2105bfd9781d0a
pos_train_seq518_hmm_aug005,pos_train_seq518,5,429,194,235,6,0.013986013986013986,0.986013986013986,1,"50,55,146,147,164,414",55c54b1c4fdcc5139d3aa01955762296a031cb45b5c96474bca6f7affbc417f3
pos_train_seq519_hmm_aug005,pos_train_seq519,5,358,105,253,8,0.0223463687150838,0.9776536312849162,1,"25,34,37,54,79,86,98,114",1ab68af1732d4e9bd6f206557c62b8276b33cc1bdd0d8aa4f5ac0d3973285e0f
pos_train_seq520_hmm_aug005,pos_train_seq520,5,254,79,175,4,0.015748031496062992,0.984251968503937,1,"172,198,202,210",d0e49cd0382bac6cce9c53c9b96590f1d79e50327184368bd84d00e0c9117f11
pos_train_seq521_hmm_aug005,pos_train_seq521,5,210,1,209,1,0.004761904761904762,0.9952380952380953,1,1,bdb30bea15d61157f030184bc7038e480d6e17264b6837e27a64bd4f0cca957f
pos_train_seq523_hmm_aug005,pos_train_seq523,5,175,37,138,1,0.005714285714285714,0.9942857142857143,1,167,23b9ef8a5986dbd517f8d41578d15f5edb761658659ea4317db49e8fdb05b895
pos_train_seq524_hmm_aug005,pos_train_seq524,5,323,204,119,8,0.02476780185758514,0.9752321981424149,1,"68,86,102,119,161,174,191,194",166aa9f81ed75f18ab172f67e2d5d27e657eb7f2d7d80d639f04210c35d424aa
pos_train_seq526_hmm_aug005,pos_train_seq526,5,340,88,252,1,0.0029411764705882353,0.9970588235294118,1,31,1c78fecebc1d337c57ea009043507bf1d36ee13271bb51dfd7b4a4d5fb6ee52f
pos_train_seq527_hmm_aug005,pos_train_seq527,5,150,1,149,1,0.006666666666666667,0.9933333333333333,1,150,55889ca718e2763a6d7fdb98e5bfa88fefaffdb8e5ecabacbbd15ceece3f2e8b
pos_train_seq528_hmm_aug005,pos_train_seq528,5,266,33,233,1,0.0037593984962406013,0.9962406015037594,1,164,7c13af6471151c31664576a46fb7e28d3116da0ecac52566050ebef07087f7a0
pos_train_seq531_hmm_aug005,pos_train_seq531,5,478,437,41,22,0.04602510460251046,0.9539748953974896,1,"17,26,36,54,74,75,80,122,130,156,165,193,219,224,239,243,247,267,280,289,354,446",0251d82b0687ab04100df77e731936dfa1e66ec9745f010fa7ded068b8c32654
pos_train_seq532_hmm_aug005,pos_train_seq532,5,327,71,256,5,0.01529051987767584,0.9847094801223242,1,"205,211,237,243,246",1669bced5ae35b5167b0717c855b458082a969f69c28b41feaaf2db0b749b69f
pos_train_seq533_hmm_aug005,pos_train_seq533,5,392,117,275,4,0.01020408163265306,0.9897959183673469,1,"273,311,374,376",0d0b42de78ee7c4be508d2e3c5a25dc12f3c398a6646c4053877e40be0568fcd
pos_train_seq534_hmm_aug005,pos_train_seq534,5,440,152,288,6,0.013636363636363636,0.9863636363636363,1,"184,329,338,401,427,435",5d0cd1b5e966ae9c0321b8738dcb837a85a8b615b4eaa92ca9e55684dc5bea46
pos_train_seq536_hmm_aug005,pos_train_seq536,5,377,318,59,14,0.03713527851458886,0.9628647214854111,1,"119,145,162,184,205,226,229,236,240,245,285,312,366,372",12e41d05fc404351f69ff9bb7adbb6055632e4318ffea504d79785edfb5cddf4
pos_train_seq538_hmm_aug005,pos_train_seq538,5,333,48,285,3,0.009009009009009009,0.990990990990991,1,"267,292,308",c321e1b203b43ca3f4830c60a72c302febac7baa6ee85e28dd9f7ee4152d6fb2
pos_train_seq540_hmm_aug005,pos_train_seq540,5,140,1,139,1,0.007142857142857143,0.9928571428571429,1,140,40e00e518b0b2138a6ed3dafb731458be315b9a9c0119f0b23a62e7cd0a4d53d
pos_train_seq541_hmm_aug005,pos_train_seq541,5,156,78,78,3,0.019230769230769232,0.9807692307692307,1,"83,108,120",116d362922fd37afd347f5f75159fb468794e6d125009af152d32b8add1fec7e
pos_train_seq543_hmm_aug005,pos_train_seq543,5,294,134,160,9,0.030612244897959183,0.9693877551020408,1,"29,34,40,88,91,111,260,279,285",e182fa69f9bca674ba303ec38dcf3218ec3ac17cf97934f5a281c9f28d9c700e
pos_train_seq544_hmm_aug005,pos_train_seq544,5,398,163,235,3,0.007537688442211055,0.992462311557789,1,"271,308,378",bb4aa8ad31c62b3547cd7b8a26ab9e2950c7a3761765162c36c32cb97861f7fd
pos_train_seq545_hmm_aug005,pos_train_seq545,5,359,348,11,16,0.04456824512534819,0.9554317548746518,1,"1,8,14,24,29,36,119,122,151,159,193,194,295,313,314,338",5d20142edd1ec047616e89a347499a00ccec3189122eebbfa2a741afc823906e
pos_train_seq548_hmm_aug005,pos_train_seq548,5,108,76,32,9,0.08333333333333333,0.9166666666666666,1,"38,41,47,67,70,71,83,98,100",f69474725c2b771d13f75070f1e74078e4c46b35efb02debd917fcf36d1b5e5f
pos_train_seq549_hmm_aug005,pos_train_seq549,5,331,7,324,1,0.0030211480362537764,0.9969788519637462,1,276,88aefc9681a320a72d49da45734cee06404cd5666cab6ea69e5e61829f310e4f
pos_train_seq550_hmm_aug005,pos_train_seq550,5,439,74,365,1,0.002277904328018223,0.9977220956719818,1,130,c0258a341c69d5f89b25394eba262802c1523a1935cc03d52ed95b2dd8715d91
pos_train_seq551_hmm_aug005,pos_train_seq551,5,185,135,50,6,0.032432432432432434,0.9675675675675676,1,"75,137,151,153,177,181",8693b5f4bd1196270f91ec81617b8492cb25c2a858b8cde921c87c1168e45803
pos_train_seq552_hmm_aug005,pos_train_seq552,5,103,31,72,2,0.019417475728155338,0.9805825242718447,1,"41,47",72f3b4c76aa261b5a068150ac28790a24b7c3911aa650f49a3842e8b8ecbd1ed
pos_train_seq555_hmm_aug005,pos_train_seq555,5,111,38,73,1,0.009009009009009009,0.990990990990991,1,101,982756dbbbaafd3e273c80e7d454bbeb0895c480b57015d780690387a0742f73
pos_train_seq556_hmm_aug005,pos_train_seq556,5,181,121,60,1,0.0055248618784530384,0.994475138121547,1,125,3cf4aaac15e783a6f50915c9e446f3b4463a3ffb566b49655c3ecc0589673e9a
pos_train_seq557_hmm_aug005,pos_train_seq557,5,450,415,35,13,0.028888888888888888,0.9711111111111111,1,"21,70,103,145,150,210,246,263,288,313,317,348,349",17ca7f90425a9d82bdc9652958d797fb41d2356e6ecb7a5ddeb0aee7bd18b6bd
pos_train_seq558_hmm_aug005,pos_train_seq558,5,356,106,250,6,0.016853932584269662,0.9831460674157303,1,"36,38,68,69,94,109",1cc87f7f7c54c1c31a72522557c219799287700bdc685044f6e28db6bd1d542e
pos_train_seq559_hmm_aug005,pos_train_seq559,5,303,255,48,6,0.019801980198019802,0.9801980198019802,1,"122,139,147,215,285,300",c464562543bcc941e24efa09619a0a1cdf3c442b3ba5aabe4810b850f832dadb
pos_train_seq560_hmm_aug005,pos_train_seq560,5,221,72,149,1,0.004524886877828055,0.995475113122172,1,27,4f0c6eaf55399b79f315fb3ba5e3c685a37cbb3ed8e6ad1fc41787c5f9af4767
pos_train_seq561_hmm_aug005,pos_train_seq561,5,280,141,139,9,0.03214285714285714,0.9678571428571429,1,"35,58,59,94,235,246,247,257,278",89681f98f2e6ad3b7424d82f46fd0c2e511c845d43feb4fa3718211ceee6e16b
pos_train_seq564_hmm_aug005,pos_train_seq564,5,338,63,275,5,0.014792899408284023,0.985207100591716,1,"128,135,138,163,174",a0c1034957fdcc60eb0724c93f1f2440f351b040e6282a598ffc36025e72bd53
pos_train_seq566_hmm_aug005,pos_train_seq566,5,313,195,118,10,0.03194888178913738,0.9680511182108626,1,"24,42,51,52,75,81,84,97,115,120",bb4f2a9569daa0bbcead7e25518d26fb16a2dbfe279fc945af89f9a063b1034b
pos_train_seq567_hmm_aug005,pos_train_seq567,5,478,87,391,3,0.006276150627615063,0.9937238493723849,1,"15,34,64",a9615fd6644eb7cdfc34d5ed3a073a84e55d93f50689e7e4241f904b21249a05
pos_train_seq568_hmm_aug005,pos_train_seq568,5,390,47,343,2,0.005128205128205128,0.9948717948717949,1,"55,151",e5e21a6cad5878b49bcce7a8db0f1aabcf6e78c0bb3c4c7d94969bb6c0b6c222
pos_train_seq569_hmm_aug005,pos_train_seq569,5,332,332,0,17,0.05120481927710843,0.9487951807228916,1,"1,52,63,72,81,113,115,121,145,157,188,223,255,275,283,289,319",c324b37c5eda3f87f65bfe7f0f37eccd403dda2a7cf3636f2c67146b667a641d
pos_train_seq570_hmm_aug005,pos_train_seq570,5,456,86,370,3,0.006578947368421052,0.993421052631579,1,"309,323,349",3675bfdea3c116ebca9aaf83bca39e67b7b7e549d969e296598c3241bb78f5b6
pos_train_seq572_hmm_aug005,pos_train_seq572,5,160,157,3,9,0.05625,0.94375,1,"9,14,28,34,37,69,141,143,155",d54a12b8d72faffe695812f472e81314917473d9ac2e0ce7f60948e7f83c66e3
pos_train_seq573_hmm_aug005,pos_train_seq573,5,265,131,134,3,0.011320754716981131,0.9886792452830189,1,"141,156,215",45b514f04b7932e99f93b6e9b4cd292d36566c090583655ef94a885bb9233df5
pos_train_seq574_hmm_aug005,pos_train_seq574,5,392,224,168,13,0.03316326530612245,0.9668367346938775,1,"8,36,55,57,91,103,178,185,213,236,238,251,268",0997bec23d1eb3d457b200fffea378be04581988bf74af0aeb42eebe9f7857b2
pos_train_seq576_hmm_aug005,pos_train_seq576,5,443,59,384,1,0.002257336343115124,0.9977426636568849,1,333,b13f0820d841e1b6a03535079ddbab06833a6b27fce2608c6eaedbf840e588b4
pos_train_seq577_hmm_aug005,pos_train_seq577,5,281,3,278,1,0.0035587188612099642,0.99644128113879,1,45,9e898abf22c3d754ad638ed450d34c4bd738bfd47c7e85b5a71cb2ab5edae3f5
pos_train_seq579_hmm_aug005,pos_train_seq579,5,175,36,139,3,0.017142857142857144,0.9828571428571429,1,"135,145,151",4cb7dc485efea2a0912200abc6eec621d8757efb10fe5e47e93b4af0edb6c588
pos_train_seq580_hmm_aug005,pos_train_seq580,5,501,408,93,13,0.02594810379241517,0.9740518962075848,1,"31,54,105,138,152,154,213,245,256,273,299,329,460",b384d22c3ea9e51f4c3ff8d2dd1e2414683f8d60af817a23a4b9851bb36dee3e
pos_train_seq581_hmm_aug005,pos_train_seq581,5,313,155,158,5,0.01597444089456869,0.9840255591054313,1,"57,107,108,111,136",f1ca06c59da13cdc9486a043cccf109d3518a9b1342288d9469794b8c3c41610
pos_train_seq582_hmm_aug005,pos_train_seq582,5,363,160,203,11,0.030303030303030304,0.9696969696969697,1,"37,38,57,167,177,268,335,342,343,357,358",2445e176a2d612a4004ee94f7201be2130d924421f91b61e3d7e8198045b4c3c
pos_train_seq583_hmm_aug005,pos_train_seq583,5,407,153,254,7,0.0171990171990172,0.9828009828009828,1,"25,41,47,121,127,144,162",5d3174e718c973cc9af06dd23524cb49b1025d4c194b91b47080ff22e3d4125a
pos_train_seq584_hmm_aug005,pos_train_seq584,5,133,119,14,5,0.03759398496240601,0.9624060150375939,1,"8,63,73,82,91",5baef5c6fdab26e92c2053cb96230dc3a9f4f4bee3188d9bc959512d0dcb47d9
pos_train_seq585_hmm_aug005,pos_train_seq585,5,411,122,289,7,0.0170316301703163,0.9829683698296837,1,"251,267,307,327,328,337,365",6ace8ee617f93bbd24e0cf95b17ff5451f763349f1ecd8aea15b129e2d99ab26
pos_train_seq587_hmm_aug005,pos_train_seq587,5,163,75,88,4,0.024539877300613498,0.9754601226993865,1,"16,24,54,67",fcde8831de656e503ab2fa724c985879e325553f246c0b1106cd01ca56c08ad6
pos_train_seq591_hmm_aug005,pos_train_seq591,5,444,254,190,13,0.02927927927927928,0.9707207207207207,1,"175,216,253,269,270,293,319,328,340,346,422,427,442",157f23bb9b98a47b3824818cb3215ef222e1f30cd189024cadd0dbd6ecdaa4dc
pos_train_seq0_hmm_aug006,pos_train_seq0,6,496,354,142,20,0.04032258064516129,0.9596774193548387,1,"66,94,100,152,154,162,168,170,209,213,236,246,253,256,259,317,343,346,398,408",b8303d1d7517c520b10b7b1975eeee59b64ff7f70bf5bbbb3415358a59831856
pos_train_seq1_hmm_aug006,pos_train_seq1,6,231,231,0,16,0.06926406926406926,0.9307359307359307,1,"55,60,72,84,87,96,100,101,113,145,149,188,201,209,210,213",2723c5ce1c67e72b499f9dd0b27d853f7021170c9bd5c328c7369fde1ac576f2
pos_train_seq2_hmm_aug006,pos_train_seq2,6,163,78,85,2,0.012269938650306749,0.9877300613496932,1,"35,69",b18fd7b79ba6fd6d36ff91b111257d789f52db1f1b03f11063b333abc48a8512
pos_train_seq3_hmm_aug006,pos_train_seq3,6,157,120,37,3,0.01910828025477707,0.9808917197452229,1,"74,95,150",a04173ad912d65f75e6c047714b1f3b2e3db47c0b9c85664ab6b19f3a9b26f44
pos_train_seq7_hmm_aug006,pos_train_seq7,6,480,148,332,10,0.020833333333333332,0.9791666666666666,1,"159,165,189,192,197,228,305,324,336,353",dcf9c242e918954642b3be0be1b8991397ef23ebafd97b011f145c98be14d3a8
pos_train_seq8_hmm_aug006,pos_train_seq8,6,180,1,179,1,0.005555555555555556,0.9944444444444445,1,97,79e4fbdaccdd57b62c5498337819d8d51d18cc29dd1832da88eed52a0f13c56c
pos_train_seq10_hmm_aug006,pos_train_seq10,6,474,318,156,20,0.04219409282700422,0.9578059071729957,1,"53,58,78,86,108,121,144,162,165,181,184,193,199,243,254,255,258,260,271,285",74af9e69b84e56099cac419f4aebf91b819e15178060280c4b012f8d42707e4f
pos_train_seq11_hmm_aug006,pos_train_seq11,6,378,159,219,7,0.018518518518518517,0.9814814814814815,1,"36,72,140,141,167,176,177",35050987199bb628f94428e1a16be5d573da426b1630bd18e3ee2f13ce09c0ff
pos_train_seq12_hmm_aug006,pos_train_seq12,6,359,6,353,1,0.002785515320334262,0.9972144846796658,1,182,6831b011cef5f73aa55dad24325023bc1ce2f8000684ded59255aa717271fe43
pos_train_seq14_hmm_aug006,pos_train_seq14,6,501,305,196,8,0.015968063872255488,0.9840319361277445,1,"21,25,65,76,88,169,277,313",2f24f4978571c199da27c728f66f0d14b6884a38e56dbf1ae8068ca813a30f6b
pos_train_seq16_hmm_aug006,pos_train_seq16,6,461,210,251,7,0.015184381778741865,0.9848156182212582,1,"7,45,64,102,138,141,161",084f6fba7794c1f42a83264156588a45c6622962eb04beafb4315cce91b143fc
pos_train_seq17_hmm_aug006,pos_train_seq17,6,280,124,156,6,0.02142857142857143,0.9785714285714285,1,"59,67,221,237,254,278",30270c44128770db4170b297f20e60c617e8df9365bdf9f4d5db41048240f400
pos_train_seq18_hmm_aug006,pos_train_seq18,6,184,171,13,9,0.04891304347826087,0.9510869565217391,1,"28,45,47,85,116,140,143,158,173",45df497deedc6bf283fc15264db43029b41d6ae4b1bf29f07ee549c9b8fc21f1
pos_train_seq19_hmm_aug006,pos_train_seq19,6,501,305,196,10,0.01996007984031936,0.9800399201596807,1,"64,67,84,94,112,134,146,231,334,354",75f8be87fab7ac43f4a29cf281cf17c14e28b8816f88380244126e4eabe2d05b
pos_train_seq24_hmm_aug006,pos_train_seq24,6,165,4,161,1,0.006060606060606061,0.9939393939393939,1,165,675ba90830635b58ddf72ee66da60e3e0559de4ad55ff359845bfaab5441557a
pos_train_seq25_hmm_aug006,pos_train_seq25,6,198,190,8,4,0.020202020202020204,0.9797979797979798,1,"62,174,185,194",035c08facc27d92bc06a9c727743e829314db14b1d4913cbbef6fa4299f7ec83
pos_train_seq28_hmm_aug006,pos_train_seq28,6,391,312,79,23,0.058823529411764705,0.9411764705882353,1,"36,54,63,71,92,96,97,142,147,166,172,189,191,199,208,213,234,259,273,294,309,313,322",7bb9604a5a9d50dab51fa45b974efb93242a5af0b3d69a043ef69d2b81b3f40e
pos_train_seq29_hmm_aug006,pos_train_seq29,6,267,135,132,6,0.02247191011235955,0.9775280898876404,1,"63,65,133,134,142,156",85ec9851d9dc56b6094969a47b5eadf0c6f9cadd3bb05d4889fb7ebd7385a982
pos_train_seq31_hmm_aug006,pos_train_seq31,6,388,18,370,1,0.002577319587628866,0.9974226804123711,1,361,f420e25a58f8b66b72d54a35b220d3bf5d6ce7558fa5d838900d1eef03222043
pos_train_seq32_hmm_aug006,pos_train_seq32,6,240,131,109,7,0.029166666666666667,0.9708333333333333,1,"91,92,108,150,159,180,206",2063c172537bfc166f2ce0e925d59ef76773a30ec900de3fa8045248b18f789e
pos_train_seq33_hmm_aug006,pos_train_seq33,6,495,493,2,23,0.046464646464646465,0.9535353535353536,1,"53,55,96,102,122,138,174,179,182,194,245,256,269,284,297,384,387,395,404,427,439,453,473",617d01937521a6858cd976cc08e1a32037fd8303005c8d87977772c04b52bc44
pos_train_seq34_hmm_aug006,pos_train_seq34,6,357,189,168,8,0.022408963585434174,0.9775910364145658,1,"18,63,67,68,271,276,345,356",33f327443e7c9f4ae0ea662365687db6760c373d9302780bed6002118e3f08c3
pos_train_seq35_hmm_aug006,pos_train_seq35,6,214,135,79,4,0.018691588785046728,0.9813084112149533,1,"21,98,146,159",5d21d33d031cef527f9f62d38e418f1907891934723e40aa652ad781efbe3738
pos_train_seq36_hmm_aug006,pos_train_seq36,6,412,405,7,17,0.0412621359223301,0.9587378640776699,1,"22,35,73,107,117,125,183,197,232,234,246,278,316,318,368,383,385",c43a27e00ac2fa7a977813f4a163b342312d401576d96c9614717b8818e57640
pos_train_seq37_hmm_aug006,pos_train_seq37,6,213,94,119,4,0.018779342723004695,0.9812206572769953,1,"38,182,199,201",90d07575a95e0df7e8faf4a73848cd61c4909c03d4e2df5f3bbbb6835177c531
pos_train_seq38_hmm_aug006,pos_train_seq38,6,352,148,204,9,0.02556818181818182,0.9744318181818182,1,"152,153,161,215,216,220,226,238,266",44c7e0fa548d617eab1dde464db70e65c75ca98e736323aaf8f246d17ebc7338
pos_train_seq39_hmm_aug006,pos_train_seq39,6,328,108,220,5,0.01524390243902439,0.9847560975609756,1,"112,288,297,306,309",b737f2af86309f14621ccffd317c44218ac7cc16bae22bf8a595f063cc333e9d
pos_train_seq42_hmm_aug006,pos_train_seq42,6,387,240,147,13,0.03359173126614987,0.9664082687338501,1,"5,30,45,54,77,79,90,97,98,113,115,185,228",30d16509be116bdf4b7ef569379033f7c2bedfc348cc3c8dbada78bda8a87aeb
pos_train_seq44_hmm_aug006,pos_train_seq44,6,452,227,225,10,0.022123893805309734,0.9778761061946902,1,"239,280,283,295,328,394,405,412,414,439",a0fb4b75b25b2fdc9d0a76c8684019df1fd373c2168a7fc02c97b2625f36585f
pos_train_seq45_hmm_aug006,pos_train_seq45,6,429,252,177,20,0.046620046620046623,0.9533799533799534,1,"22,23,35,56,61,76,84,87,171,213,218,242,243,246,266,273,286,305,311,323",0234da66be5c87e2f9c1e35af3a76f182814f6d6edda1c7302d8432a61e81b56
pos_train_seq46_hmm_aug006,pos_train_seq46,6,392,47,345,4,0.01020408163265306,0.9897959183673469,1,"131,148,149,156",2f58a5b504837c235338442677879e42a2c97d5bc5400339b566f567ec16d9a7
pos_train_seq47_hmm_aug006,pos_train_seq47,6,127,126,1,5,0.03937007874015748,0.9606299212598425,1,"39,41,58,90,121",5713b5c23a81c5e5c0bb0e9dcdbd793a8e3d94e0fb23ddfc0893462965aba43a
pos_train_seq50_hmm_aug006,pos_train_seq50,6,343,145,198,10,0.029154518950437316,0.9708454810495627,1,"219,225,235,275,313,320,326,328,329,332",6ff706f81c2904a19e5739af2420c022962369aaa2757c332801eaff32ce7fc8
pos_train_seq51_hmm_aug006,pos_train_seq51,6,401,12,389,1,0.0024937655860349127,0.9975062344139651,1,313,fb3d6e13fff64f803f51cde70ac1cbea5d0b4c7962c1311eacc75a95ff360f7a
pos_train_seq52_hmm_aug006,pos_train_seq52,6,175,37,138,2,0.011428571428571429,0.9885714285714285,1,"143,152",5efb97d1951fe1c804335a867bf7710bfd63419241393ee54ea1609d2e9716ca
pos_train_seq54_hmm_aug006,pos_train_seq54,6,376,282,94,13,0.034574468085106384,0.9654255319148937,1,"5,30,66,78,79,94,225,231,252,294,295,305,316",54b369e19d34593332d776a8d982b66796b056211910ff68983cf3288a3396ed
pos_train_seq55_hmm_aug006,pos_train_seq55,6,393,186,207,14,0.035623409669211195,0.9643765903307888,1,"118,122,148,149,157,158,178,209,211,212,220,263,282,338",d04c5b110db8621996b97b783b3cada425fa02638e0e84d8e901eeab9d84a400
pos_train_seq57_hmm_aug006,pos_train_seq57,6,246,35,211,2,0.008130081300813009,0.991869918699187,1,"45,214",a001706e5d7e2b1f842217c2a5db7fb8fa35eaaf54ab2f779f86886546d90c2f
pos_train_seq59_hmm_aug006,pos_train_seq59,6,185,137,48,5,0.02702702702702703,0.972972972972973,1,"74,98,117,132,176",081f2360dd8c4007aaa90d2cd13a1a4196f8be8ca746c6f98625d1ba457a4ffa
pos_train_seq60_hmm_aug006,pos_train_seq60,6,341,304,37,14,0.04105571847507331,0.9589442815249267,1,"35,44,77,98,111,112,135,168,182,193,201,202,208,302",57a5f1fa50e23509c9a0f88afc697ca0d69a29c7290cf4b5dfa6f75a6aaa4a78
pos_train_seq65_hmm_aug006,pos_train_seq65,6,341,271,70,13,0.03812316715542522,0.9618768328445748,1,"93,96,103,106,210,228,257,262,288,308,313,314,332",96ed9d171e92f9d36801c01742fd7c875ebf993a8e20fcccea320ea83c27d282
pos_train_seq66_hmm_aug006,pos_train_seq66,6,481,468,13,17,0.035343035343035345,0.9646569646569647,1,"15,26,60,94,104,116,130,176,235,250,280,290,351,352,384,432,481",723c264f89d98ecd1a0cf44e60694f6e475a53d90cfbdd1bc0d423f7893d10bd
pos_train_seq67_hmm_aug006,pos_train_seq67,6,326,314,12,19,0.05828220858895705,0.941717791411043,1,"17,26,38,84,99,112,134,148,186,209,210,215,233,265,274,284,297,298,311",34cad4eb21001f2cb26478df886c912280d3d99c412b1a28709e7e23e5d6bc38
pos_train_seq68_hmm_aug006,pos_train_seq68,6,341,228,113,14,0.04105571847507331,0.9589442815249267,1,"14,22,58,87,91,92,97,109,246,301,308,310,330,341",b62729ceefebf3bf4d749d8afdbea0985dd542c3e70b6a454c3cba2fe3c0b363
pos_train_seq69_hmm_aug006,pos_train_seq69,6,394,379,15,18,0.04568527918781726,0.9543147208121827,1,"81,100,108,123,139,153,157,158,166,173,220,272,279,296,325,328,329,382",ef6e62b3e76995cf3c2b8da204ccc33323b37976100a7f306fc9f2a50d645a98
pos_train_seq70_hmm_aug006,pos_train_seq70,6,130,78,52,4,0.03076923076923077,0.9692307692307692,1,"53,57,81,97",70ee865a6c718b92d4179169eff1c8ebf8fe4930ddc2fb07cacf48b9d9892724
pos_train_seq73_hmm_aug006,pos_train_seq73,6,201,191,10,8,0.03980099502487562,0.9601990049751243,1,"14,72,73,129,159,168,178,187",e586c2d1c673e74e6424789d804bc9faf875a88167d093d11837054ba65e3578
pos_train_seq75_hmm_aug006,pos_train_seq75,6,501,173,328,7,0.013972055888223553,0.9860279441117764,1,"24,49,56,76,133,229,230",77332e5d9ffcc9af71c899a0eecbbe9177618d27aaaf88bb5341c41b182fef07
pos_train_seq76_hmm_aug006,pos_train_seq76,6,183,123,60,6,0.03278688524590164,0.9672131147540983,1,"46,78,79,110,144,155",fbd525b3af43c8ff4a1823fd058bcbdd85a9a4a81da957eba9455b9b5149395f
pos_train_seq79_hmm_aug006,pos_train_seq79,6,178,157,21,8,0.0449438202247191,0.9550561797752809,1,"26,27,47,66,83,91,137,155",1662da6b72349da0cd39e0ad84b10326d2be0d730747d7967778d5742e936314
pos_train_seq80_hmm_aug006,pos_train_seq80,6,427,281,146,13,0.03044496487119438,0.9695550351288056,1,"112,119,157,181,197,239,247,255,260,264,287,293,380",3273edf3f4e321c4a1eec612acf185f901f388c49290c8cc2acfe51f3295e06b
pos_train_seq82_hmm_aug006,pos_train_seq82,6,479,466,13,22,0.04592901878914405,0.954070981210856,1,"5,12,17,19,24,28,36,62,79,98,147,184,187,245,352,363,368,386,388,393,396,438",0d7782794341506965ba09bbde67d834caf2a2535e9cc8010a68c383f436d27b
pos_train_seq86_hmm_aug006,pos_train_seq86,6,377,318,59,15,0.03978779840848806,0.960212201591512,1,"2,121,127,181,192,195,211,235,237,248,252,307,316,350,370",ee7899370b476f3907ccd826581eed169810d2e025f6aa1d924c37339e33cf41
pos_train_seq87_hmm_aug006,pos_train_seq87,6,321,199,122,12,0.037383177570093455,0.9626168224299065,1,"135,147,152,169,172,174,225,227,239,252,264,276",53413805b591a2b8f44489f2d365bea2bf999b3a6684ab3447d5733ad6ad6d59
pos_train_seq89_hmm_aug006,pos_train_seq89,6,493,325,168,14,0.028397565922920892,0.9716024340770791,1,"61,77,96,145,153,186,202,205,235,268,269,274,316,490",819ca2c6589c25f0ce854122f6d5cdde4aa50957abbe9f043b6936810a7fc253
pos_train_seq90_hmm_aug006,pos_train_seq90,6,435,229,206,11,0.02528735632183908,0.9747126436781609,1,"117,217,219,223,255,308,323,332,358,378,411",2f018622b267112698ba4930021ffad38d8bf276defeca98daed1f52e4b00703
pos_train_seq91_hmm_aug006,pos_train_seq91,6,472,313,159,13,0.02754237288135593,0.972457627118644,1,"26,90,134,167,170,202,280,320,322,331,348,351,363",d8ff44dd9b1121af2f21e8501177e527a4a1cc3fb3d61abcdf5a78b7c93ec2b0
pos_train_seq93_hmm_aug006,pos_train_seq93,6,316,127,189,6,0.0189873417721519,0.9810126582278481,1,"61,73,85,138,145,158",5ad597df8ee396fc9e29190ebe350bd0d6eb195a503b75b952bf31fbb739ffd1
pos_train_seq94_hmm_aug006,pos_train_seq94,6,422,246,176,18,0.04265402843601896,0.957345971563981,1,"35,63,65,66,70,88,97,111,149,151,162,180,217,218,221,223,357,416",2359b41a10c44f006da57d5e5546af314f400d29b63537a66c46cd2a34768eda
pos_train_seq95_hmm_aug006,pos_train_seq95,6,341,168,173,5,0.01466275659824047,0.9853372434017595,1,"45,88,140,147,158",17050888c3e557c130f2834fa3424f3328f0c68dc9d10994d1f59132d38164b3
pos_train_seq96_hmm_aug006,pos_train_seq96,6,336,214,122,13,0.03869047619047619,0.9613095238095238,1,"27,39,74,76,81,82,134,280,289,308,315,318,330",ae52539c3c9f4e5de26b54445b337e61f4e4d5903049fe162416c54bec84ec2d
pos_train_seq97_hmm_aug006,pos_train_seq97,6,191,117,74,6,0.031413612565445025,0.9685863874345549,1,"34,37,41,52,152,163",476ed0a6acd688fafd39d718d622eea6f46a93deb62f37f8c37ad0a0b7eedca5
pos_train_seq98_hmm_aug006,pos_train_seq98,6,178,107,71,4,0.02247191011235955,0.9775280898876404,1,"115,132,133,136",da5b17b1bd85a87e98c80f64d9dd0fb11ae55eaa978845ea4deadeaafb86ba7f
pos_train_seq99_hmm_aug006,pos_train_seq99,6,125,114,11,8,0.064,0.9359999999999999,1,"16,35,64,71,74,101,103,123",46ef479e5a87d10ee25a40a83892f66f5b695da2c050e2e1c67b7fe3b288c02e
pos_train_seq101_hmm_aug006,pos_train_seq101,6,297,210,87,12,0.04040404040404041,0.9595959595959596,1,"47,57,62,69,77,106,125,129,132,174,182,221",43a7ecb33c072714e4892c14d5e236ee52607f0e2901c8dd6787320d5bbdf762
pos_train_seq103_hmm_aug006,pos_train_seq103,6,426,256,170,14,0.03286384976525822,0.9671361502347418,1,"5,7,19,41,54,80,116,135,173,178,192,204,213,394",9f12a4b620ac0eb62ccf2443dc3573d004e6532461563ae514a80006ed9a29f2
pos_train_seq104_hmm_aug006,pos_train_seq104,6,332,326,6,12,0.03614457831325301,0.963855421686747,1,"14,24,52,62,66,117,153,184,262,295,300,314",79feeff4f8a833aed106e0ffb328df890aff1ac7392b8f0d1d95c13611d8331f
pos_train_seq105_hmm_aug006,pos_train_seq105,6,380,78,302,3,0.007894736842105263,0.9921052631578947,1,"267,279,280",9ada45f4184bb147f3743172d871e03b2c886bb8cd54e71f4055e99adafddf2f
pos_train_seq106_hmm_aug006,pos_train_seq106,6,320,156,164,9,0.028125,0.971875,1,"14,23,30,58,99,103,146,151,159",f732e3a9e75295a94fab2d9ba2fbd89e7be4a9d012a94af9f44481e8013a3fed
pos_train_seq107_hmm_aug006,pos_train_seq107,6,219,162,57,5,0.0228310502283105,0.9771689497716896,1,"34,57,99,105,129",9be711ff1ff7750ed42c3b484a504c1717fe0c503ebdf7f25b7878e2cbc97a03
pos_train_seq108_hmm_aug006,pos_train_seq108,6,189,181,8,14,0.07407407407407407,0.9259259259259259,1,"24,25,32,76,90,109,112,118,133,147,148,151,165,187",9021c658d8335847b1c5f32694e271eff34103e37e0c71fde1c13b5cbd624000
pos_train_seq109_hmm_aug006,pos_train_seq109,6,244,75,169,3,0.012295081967213115,0.9877049180327869,1,"89,112,125",22650bee41de2aae925b0dbb4169b29bfa980c50a17fe45537cacdfefe729785
pos_train_seq112_hmm_aug006,pos_train_seq112,6,194,36,158,1,0.005154639175257732,0.9948453608247423,1,42,1b9b2c7d0e669d03d0e0d508a6a294e3c39588057e7f551f0860eea8e02559b2
pos_train_seq113_hmm_aug006,pos_train_seq113,6,427,344,83,15,0.0351288056206089,0.9648711943793911,1,"32,63,75,106,210,213,233,238,265,288,302,310,347,419,423",0d430f4dcb20303de9a4c361e77b65c81792128d577f83073e1c9350078c5740
pos_train_seq116_hmm_aug006,pos_train_seq116,6,272,267,5,11,0.04044117647058824,0.9595588235294118,1,"38,42,49,57,60,62,76,83,108,112,158",6b6dcb1f6ccc899cff4bf70a94bab16eb1727bf32a5c1c16c1f198a37a99a79a
pos_train_seq118_hmm_aug006,pos_train_seq118,6,339,177,162,6,0.017699115044247787,0.9823008849557522,1,"177,207,208,240,322,331",9ed64d6a8169f9089e15bae92ee2f33ba58a8a0edc3aa7de72376b774a22380f
pos_train_seq119_hmm_aug006,pos_train_seq119,6,471,157,314,6,0.012738853503184714,0.9872611464968153,1,"82,110,112,197,199,219",04690aea03bb0d07051b690dae1011c4ced5903548f2db09cc407f1104373f41
pos_train_seq121_hmm_aug006,pos_train_seq121,6,172,131,41,5,0.029069767441860465,0.9709302325581395,1,"5,22,54,89,148",579044fa7f00930ab78e0660304fa87d5c588ad788b2003968cb30fdf39c1e4d
pos_train_seq122_hmm_aug006,pos_train_seq122,6,175,157,18,5,0.02857142857142857,0.9714285714285714,1,"87,91,98,113,153",0df73ab0f32759b2c9b92467e3bff82c14e2c8a950b9f35d444f1d10c3ec4da8
pos_train_seq123_hmm_aug006,pos_train_seq123,6,175,37,138,4,0.022857142857142857,0.9771428571428571,1,"140,144,145,148",f28463bdaaec4e4d2e902287752cb469f86e29c24479b0d3ce9f475f45e9c97c
pos_train_seq124_hmm_aug006,pos_train_seq124,6,375,285,90,16,0.042666666666666665,0.9573333333333334,1,"16,44,52,53,57,62,69,95,137,158,200,207,225,226,243,283",6f309b0ab2e4e085a8d23d4a136b8f53ae53cf26be15c8fe0066ed8dca1fb972
pos_train_seq126_hmm_aug006,pos_train_seq126,6,196,188,8,14,0.07142857142857142,0.9285714285714286,1,"64,70,82,89,90,95,100,123,134,154,166,170,174,192",b57802b8a9d4dbbe5a2de9b3219de69c4600156fa89b52fb9352bcf3a87fcf60
pos_train_seq127_hmm_aug006,pos_train_seq127,6,454,363,91,21,0.046255506607929514,0.9537444933920705,1,"103,105,170,179,201,205,211,221,222,236,273,294,304,307,312,315,345,352,388,429,439",ebb0356ecdceb76c3a4ae1f5a70acfff165c26186be7fbebee96ec68e1ff2ccd
pos_train_seq129_hmm_aug006,pos_train_seq129,6,385,19,366,1,0.0025974025974025974,0.9974025974025974,1,321,a36129e47a88747bb82e59b10acf800bf30129086628b49e5e5eed54c5f8698c
pos_train_seq130_hmm_aug006,pos_train_seq130,6,307,47,260,4,0.013029315960912053,0.9869706840390879,1,"166,188,192,217",8d216af18e1e258aa6afa9a9a7c3d538160ae0a1ad0373181ec505ac9f99815e
pos_train_seq132_hmm_aug006,pos_train_seq132,6,241,59,182,2,0.008298755186721992,0.991701244813278,1,"174,179",434791bc57c4b2204364db5560e2cfcc9317f429de82e79da9aedd637c3be020
pos_train_seq133_hmm_aug006,pos_train_seq133,6,284,83,201,1,0.0035211267605633804,0.9964788732394366,1,96,8ab244d2db3d06d14f85b9a790272155c4278fe0dc1cefa031f02f8ddb25499b
pos_train_seq135_hmm_aug006,pos_train_seq135,6,185,73,112,3,0.016216216216216217,0.9837837837837837,1,"27,150,162",e34afb9ded6d568439e862d6e16461115f0c066bab1664cf5af08ff00a2040f4
pos_train_seq137_hmm_aug006,pos_train_seq137,6,435,239,196,8,0.01839080459770115,0.9816091954022989,1,"14,60,66,73,97,171,223,435",5ce0f15efc3ae595e3b4b70609719e98c52883e85281b8c99520505aee731dc7
pos_train_seq138_hmm_aug006,pos_train_seq138,6,452,88,364,5,0.011061946902654867,0.9889380530973452,1,"30,33,58,82,90",2d8e8aa41a91c98c003d86fe5203e980aaa0577419fc18e225aa9ce62d0ef4b1
pos_train_seq139_hmm_aug006,pos_train_seq139,6,297,179,118,9,0.030303030303030304,0.9696969696969697,1,"21,103,109,113,198,230,274,278,295",625a7f97c2255bdf72131120f0ae10a44e52bd4c17366c8b0a433ed34faae1cd
pos_train_seq140_hmm_aug006,pos_train_seq140,6,414,249,165,13,0.03140096618357488,0.9685990338164251,1,"40,52,76,84,87,95,138,171,182,231,244,247,249",714862515660738e5dba614410db056d430bb9131a4def7ca44de0a775bf45ed
pos_train_seq143_hmm_aug006,pos_train_seq143,6,454,373,81,24,0.05286343612334802,0.947136563876652,1,"31,48,76,85,103,112,120,136,144,172,178,220,228,275,276,279,280,302,307,334,339,342,378,387",5fea5bc4cde88141b866fe9d015f8d0a5bb67e0464a65ae75dd7539aefc2734f
pos_train_seq144_hmm_aug006,pos_train_seq144,6,437,99,338,5,0.011441647597254004,0.988558352402746,1,"96,104,110,157,181",a4bc1e6ae762b9e316655260ede6a870fa25d7b2873add4e16e64de5ce292a7a
pos_train_seq145_hmm_aug006,pos_train_seq145,6,441,4,437,1,0.0022675736961451248,0.9977324263038548,1,317,862755f395189184a2c236add228b95585460fe57ab30479b919048040cba255
pos_train_seq146_hmm_aug006,pos_train_seq146,6,196,39,157,2,0.01020408163265306,0.9897959183673469,1,"114,164",9cca8c7c6b326f39c00d78f37da88a48ed6cee34be0a09abb7f1420f3cabb562
pos_train_seq148_hmm_aug006,pos_train_seq148,6,475,327,148,11,0.023157894736842106,0.9768421052631578,1,"166,173,183,219,231,246,351,379,385,420,446",fd33a60f6c3d9a173ce5d1f44afa8ae241e015f9503e8ae982241fe173b24b96
pos_train_seq151_hmm_aug006,pos_train_seq151,6,414,360,54,15,0.036231884057971016,0.9637681159420289,1,"3,23,38,39,105,129,165,247,248,252,342,357,365,404,414",f47abf88f60ee03c86bd4d9f3fe55a75d24144141a75f05f27f18077b948cc99
pos_train_seq153_hmm_aug006,pos_train_seq153,6,163,75,88,3,0.018404907975460124,0.9815950920245399,1,"19,44,52",8b23f3f7b7fb5796554c5e9bf510a7373b7c6ce7c73495c0fdb2445c8f7d086f
pos_train_seq155_hmm_aug006,pos_train_seq155,6,471,138,333,7,0.014861995753715499,0.9851380042462845,1,"52,54,95,120,140,142,148",6ecb909af77afa8a797a7b89dc33e363916707d769562fa3df163c6fb0f51dd0
pos_train_seq157_hmm_aug006,pos_train_seq157,6,268,245,23,8,0.029850746268656716,0.9701492537313433,1,"29,83,93,161,169,171,200,205",e904da6afaa96f932a1ee57e0bec83147b282314d2e236d66c5e79a1bdc43887
pos_train_seq158_hmm_aug006,pos_train_seq158,6,214,189,25,7,0.03271028037383177,0.9672897196261683,1,"29,43,109,121,135,140,208",55c63085d547183d68af0493b7033c3c326f5063ecf4d372eeb25bc4f46fd200
pos_train_seq160_hmm_aug006,pos_train_seq160,6,311,155,156,6,0.01929260450160772,0.9807073954983923,1,"49,58,118,130,173,175",d861e40e993a1e68e4fdc9373cd0c9e2fffa5cb7b56ce9283e8830779a7ee365
pos_train_seq161_hmm_aug006,pos_train_seq161,6,501,84,417,1,0.001996007984031936,0.998003992015968,1,315,675e9353657b0d7c293921b2936eaef7d586df8a9225d4c51f2625aaec2d69b6
pos_train_seq163_hmm_aug006,pos_train_seq163,6,163,72,91,3,0.018404907975460124,0.9815950920245399,1,"16,59,60",53ab47d6c6f2e639374ecaed751b9a18752454cb8d93fc9b2c83ad359e9fa7a1
pos_train_seq165_hmm_aug006,pos_train_seq165,6,457,403,54,27,0.05908096280087528,0.9409190371991247,1,"30,49,52,69,74,97,100,126,139,141,164,168,170,172,188,224,233,236,247,288,296,316,339,359,360,378,457",e290d1018012846c0c51f96269f4655e156f7d7ebb92a0d141a64189acb6c7ef
pos_train_seq166_hmm_aug006,pos_train_seq166,6,178,165,13,7,0.03932584269662921,0.9606741573033708,1,"54,57,81,142,143,153,157",2327181f1a56d3d761add9f65b9f211a352bd0e89a693915cb62d58a8d927dc4
pos_train_seq169_hmm_aug006,pos_train_seq169,6,130,23,107,1,0.007692307692307693,0.9923076923076923,1,46,adfc96461a69e363c4170278e2b9abd1f8f39844e41400cdc119895133d3d62b
pos_train_seq171_hmm_aug006,pos_train_seq171,6,69,5,64,1,0.014492753623188406,0.9855072463768116,1,35,e6aa9d04910d20fa57cce162f2595122bd51085fdd35ba276fb4867b1bce10d5
pos_train_seq173_hmm_aug006,pos_train_seq173,6,431,258,173,10,0.02320185614849188,0.9767981438515081,1,"2,10,13,64,75,157,163,168,174,203",895bcf2f8622b453377b68d31614b1934b549e273ff289ace771f130a7309c94
pos_train_seq174_hmm_aug006,pos_train_seq174,6,453,50,403,3,0.006622516556291391,0.9933774834437086,1,"18,39,96",8349b7983c4de6d4764877a17fdd747078447c47973828c3ae15cd9c6c6105a7
pos_train_seq176_hmm_aug006,pos_train_seq176,6,175,37,138,2,0.011428571428571429,0.9885714285714285,1,"149,166",50f02b99f8d4a616b060f2db2b7f734e4863b31670038a5fa38c74d7b372c7dc
pos_train_seq178_hmm_aug006,pos_train_seq178,6,321,1,320,1,0.003115264797507788,0.9968847352024922,1,321,b1c904d8917585773fd4540403546541fe94236504807eb1a4d37e9300fa7378
pos_train_seq179_hmm_aug006,pos_train_seq179,6,134,7,127,1,0.007462686567164179,0.9925373134328358,1,25,ed356ff1e0e4eb65049c081647dcf2a46a9f846c86415dca95fd8118bd64f575
pos_train_seq180_hmm_aug006,pos_train_seq180,6,405,23,382,2,0.0049382716049382715,0.9950617283950617,1,"36,50",79f2b02abda4e8f3f0119d6387c86ef6e72a79ae0f9f8cc522eef7d58a8a5dcc
pos_train_seq181_hmm_aug006,pos_train_seq181,6,175,36,139,4,0.022857142857142857,0.9771428571428571,1,"1,133,150,159",00a21c8a9ebf7c6073ab3a295e9df856c32ae144af2b9bec80b9848a56e130a2
pos_train_seq183_hmm_aug006,pos_train_seq183,6,412,411,1,18,0.043689320388349516,0.9563106796116505,1,"11,13,17,23,48,51,56,64,75,94,97,142,186,195,270,319,321,348",7d6b90bfa914ce53620af979c48824394c773c8425209cf1dd80fd90bdd257fa
pos_train_seq184_hmm_aug006,pos_train_seq184,6,158,145,13,7,0.04430379746835443,0.9556962025316456,1,"29,33,55,70,88,129,146",a43a87c3497726e9dc5e4d01c2d70f9ccd7e888ed64ea801e18b92546d873b24
pos_train_seq185_hmm_aug006,pos_train_seq185,6,494,236,258,13,0.02631578947368421,0.9736842105263158,1,"29,37,49,63,68,90,137,152,195,209,210,211,224",dceb3ca893899ab2bd2534bae2c46964f1baf47052b417110cfea5b81f9bf3a7
pos_train_seq186_hmm_aug006,pos_train_seq186,6,240,1,239,1,0.004166666666666667,0.9958333333333333,1,1,13b7cf333f8d72522d83bc8210351e6e5744ea0ee6e907268ff7dac0630682ed
pos_train_seq187_hmm_aug006,pos_train_seq187,6,136,106,30,6,0.04411764705882353,0.9558823529411765,1,"50,65,82,94,108,114",81067cde2e63595a011544462b52204e2ec8f8e75ec6f2c0af491bdc3ddb15ce
pos_train_seq188_hmm_aug006,pos_train_seq188,6,326,211,115,15,0.046012269938650305,0.9539877300613497,1,"38,44,103,106,121,136,140,144,145,164,241,260,285,309,313",9ab87f9cbe8ac53c3d4dfda0211e74695b074d82f798781799e1626063e37739
pos_train_seq189_hmm_aug006,pos_train_seq189,6,180,158,22,9,0.05,0.95,1,"41,58,60,71,76,98,100,116,134",1ce60d59981a43b5288d464f7e289f1a86670b08f5898a74606743f12dfd49dd
pos_train_seq190_hmm_aug006,pos_train_seq190,6,255,239,16,14,0.054901960784313725,0.9450980392156862,1,"10,36,53,78,96,122,132,137,140,154,179,213,225,227",7622b3f15d0dec90e076fefabcf2577993fac192b4dd806623cfc358a81f5fc0
pos_train_seq191_hmm_aug006,pos_train_seq191,6,175,36,139,2,0.011428571428571429,0.9885714285714285,1,"2,163",b12777bc285123729174751fa1088141d40e533cdeb96bd8484c36a52986a119
pos_train_seq193_hmm_aug006,pos_train_seq193,6,213,136,77,8,0.03755868544600939,0.9624413145539906,1,"83,87,113,119,124,169,173,184",aa9a9f3d12aa4710578b71fb2554bd246e3f2d77c094149a6ae70a573d0aeccd
pos_train_seq195_hmm_aug006,pos_train_seq195,6,483,372,111,27,0.055900621118012424,0.9440993788819876,1,"99,140,146,155,167,202,218,262,281,294,302,338,348,357,374,385,392,403,412,423,425,431,440,459,460,461,466",ad6d42e99654ff7817aaa97fde1136ebb80379d4a79dfb0f4382a3f6931b0665
pos_train_seq197_hmm_aug006,pos_train_seq197,6,373,9,364,1,0.002680965147453083,0.9973190348525469,1,369,bcbef20d06f34ed49362911332cd8035eccbb5e9653c591c04015bdf54517c74
pos_train_seq199_hmm_aug006,pos_train_seq199,6,25,7,18,1,0.04,0.96,1,25,bb9bff04b7b389b876f0963b7e9b0880d8bc7c43faa88b6a13330900d229bbf1
pos_train_seq200_hmm_aug006,pos_train_seq200,6,317,317,0,13,0.04100946372239748,0.9589905362776026,1,"30,40,68,83,116,128,129,135,159,162,230,258,297",d527cd1c863c9239756cdd493b374717363e2726a22a4ff98782ccb92ed62fea
pos_train_seq201_hmm_aug006,pos_train_seq201,6,403,288,115,15,0.03722084367245657,0.9627791563275434,1,"117,143,191,212,222,229,232,236,240,245,268,300,352,356,357",1339fade28a72de9eb0bd8dda434b47c1c1026772c6c597ec0624cdd90ee93cd
pos_train_seq203_hmm_aug006,pos_train_seq203,6,480,82,398,2,0.004166666666666667,0.9958333333333333,1,"326,328",cc8cb89b8079a26c87110b9b46a03d916f49d32beee51e38eaf1d5d1fa9c93a0
pos_train_seq204_hmm_aug006,pos_train_seq204,6,507,351,156,9,0.01775147928994083,0.9822485207100592,1,"181,298,321,385,390,402,415,436,449",0975e663577bdcae9cb8c2a1443455099c494ea513327cc1a1368d09096af69e
pos_train_seq206_hmm_aug006,pos_train_seq206,6,101,33,68,4,0.039603960396039604,0.9603960396039604,1,"39,45,56,57",944c0cb2b6f333793960304db6da7aa11d5e741fed81546a78a182227e3b2d41
pos_train_seq207_hmm_aug006,pos_train_seq207,6,509,322,187,15,0.029469548133595286,0.9705304518664047,1,"14,15,19,35,66,73,99,138,171,204,210,214,242,253,367",44270ee538713c29e6e823391ade04eb24ceb712534348a364458cbd7637b7e2
pos_train_seq208_hmm_aug006,pos_train_seq208,6,224,201,23,6,0.026785714285714284,0.9732142857142857,1,"33,45,72,142,182,200",ea1143572f262f7d58fc2e5b9b20110b09607f742e6c77f0571a955aa404f051
pos_train_seq209_hmm_aug006,pos_train_seq209,6,501,305,196,11,0.021956087824351298,0.9780439121756487,1,"112,124,126,146,152,193,230,233,251,284,320",7495b86fc321be170407740d2e8c0bd19ea6182670b560ae4f99a478372a8620
pos_train_seq210_hmm_aug006,pos_train_seq210,6,239,239,0,5,0.02092050209205021,0.9790794979079498,1,"8,58,63,111,221",b848a847e7832fa05bf2228bcedc2c35231fe05665e0f9fc4a5c2b2d2f920e1a
pos_train_seq211_hmm_aug006,pos_train_seq211,6,406,29,377,1,0.0024630541871921183,0.9975369458128078,1,23,9c93d81f4b8845c1341acf6c245439d8fef80c52d4f63d754816903d5c61b1b3
pos_train_seq212_hmm_aug006,pos_train_seq212,6,175,37,138,3,0.017142857142857144,0.9828571428571429,1,"135,141,143",1d18168f33bfcb64a429535230679b9987bfc597bb88f8f00e654f1de02a605d
pos_train_seq213_hmm_aug006,pos_train_seq213,6,361,124,237,5,0.013850415512465374,0.9861495844875346,1,"273,274,297,315,353",423f348a6909b1be4a775330278ef35cfb6a5e32d93732b23a87ad75068c1a5f
pos_train_seq215_hmm_aug006,pos_train_seq215,6,475,473,2,27,0.056842105263157895,0.9431578947368421,1,"15,17,73,80,89,92,104,120,163,169,177,181,196,197,222,245,268,280,295,308,314,333,334,336,398,455,472",e6d4cb7b7c31ef2d542eab81e2dc7dd5f4a201e108aa8931343c97c8097f0690
pos_train_seq216_hmm_aug006,pos_train_seq216,6,419,138,281,5,0.011933174224343675,0.9880668257756563,1,"145,317,344,345,358",94c98f81ac4bccc7bf926b6392474fbc6c8506b01bc3a8d62b5051966153a9b3
pos_train_seq217_hmm_aug006,pos_train_seq217,6,91,88,3,4,0.04395604395604396,0.9560439560439561,1,"35,41,58,59",00403ecf9d295cfe0538b955bbdfb408e3d6ebc2f824cde8bcd4fbf6c99df0c5
pos_train_seq218_hmm_aug006,pos_train_seq218,6,503,246,257,10,0.019880715705765408,0.9801192842942346,1,"276,289,334,352,367,431,434,449,457,480",b089aee30d9919a53296626cf76018771124a6aac23d81c9347ab88655d00b0d
pos_train_seq219_hmm_aug006,pos_train_seq219,6,111,104,7,9,0.08108108108108109,0.9189189189189189,1,"15,33,38,42,61,79,91,92,95",b03c30830fc430836ae536616b39241486f8e391c366c70ea47cf46a6ccac6f9
pos_train_seq220_hmm_aug006,pos_train_seq220,6,361,2,359,1,0.002770083102493075,0.997229916897507,1,271,ed909a7c8893c133803339675563db731f05b2ce045cd0b1bf55a47976822102
pos_train_seq221_hmm_aug006,pos_train_seq221,6,175,37,138,1,0.005714285714285714,0.9942857142857143,1,1,400a1a230c487599cfeb46f33532662a778fa0d6c7e358ee697aaefe75c4b914
pos_train_seq222_hmm_aug006,pos_train_seq222,6,440,212,228,12,0.02727272727272727,0.9727272727272728,1,"49,50,54,82,111,134,138,143,149,393,400,402",2e34efcc7986ea29a8e90eda3b89cfffbf80a6d29741ebf7d759439daa201767
pos_train_seq223_hmm_aug006,pos_train_seq223,6,338,303,35,19,0.05621301775147929,0.9437869822485208,1,"47,62,71,74,83,100,113,147,150,155,157,249,260,277,294,298,305,311,332",7f4a8942373713ae15f1734c524e3ee4d2633e7b5eea4652c1e62133579a692e
pos_train_seq228_hmm_aug006,pos_train_seq228,6,223,38,185,4,0.017937219730941704,0.9820627802690582,1,"113,132,136,141",4121e378b245b0c7e50b929537d3306c7356fde8fdce64744b9a7d294d132eb7
pos_train_seq229_hmm_aug006,pos_train_seq229,6,320,154,166,7,0.021875,0.978125,1,"20,32,33,34,72,100,151",5dca28eeffa5d7ff6ccf56d151f353e8c1d5ee26df1b5261f2a918983dadb7ae
pos_train_seq231_hmm_aug006,pos_train_seq231,6,375,98,277,7,0.018666666666666668,0.9813333333333333,1,"245,246,247,279,291,327,328",baec0c954f3774abb6f5af7e9437c4dd38de8da1b40fc9d8bc275ea7821a2525
pos_train_seq233_hmm_aug006,pos_train_seq233,6,281,253,28,14,0.0498220640569395,0.9501779359430605,1,"37,41,57,79,86,99,116,120,140,165,193,254,273,281",0d28bb9dc9f17b744ace6c16cf4302ff8a35ef5cfe6bcd2468cff33ce543697e
pos_train_seq234_hmm_aug006,pos_train_seq234,6,472,175,297,11,0.023305084745762712,0.9766949152542372,1,"296,319,348,356,383,400,403,429,433,445,462",3734f1872ee5027537c8ffc9d0c3a277b7f5b56f2b10e2507880e3337efc504c
pos_train_seq236_hmm_aug006,pos_train_seq236,6,453,219,234,5,0.011037527593818985,0.988962472406181,1,"109,119,143,165,348",7e9ef1edb22597193081dbbefd3c7c9f826e2e392ad4e9c2d1bc7d360b448553
pos_train_seq238_hmm_aug006,pos_train_seq238,6,158,1,157,1,0.006329113924050633,0.9936708860759493,1,148,379153b7837bb8558d926e8bb5973ff87d5be3a92038afeac84374026fa66321
pos_train_seq239_hmm_aug006,pos_train_seq239,6,502,140,362,5,0.0099601593625498,0.9900398406374502,1,"35,52,82,138,144",2e7b0ec4996d136e7c50d4b455e7ec3a464fe1f90d5d66fcf7d14cbffa2d62dd
pos_train_seq240_hmm_aug006,pos_train_seq240,6,341,168,173,3,0.008797653958944282,0.9912023460410557,1,"16,128,170",616ce6742cb2599dc48c3432999760842a139b1a59825f5af02396db7716d716
pos_train_seq243_hmm_aug006,pos_train_seq243,6,382,6,376,1,0.002617801047120419,0.9973821989528796,1,258,ce9a99cbb1626c6bb04bffe78b0631c841a1940c6561da2b730ff49ea9abd9be
pos_train_seq244_hmm_aug006,pos_train_seq244,6,500,359,141,24,0.048,0.952,1,"30,36,43,86,139,154,170,176,186,196,209,211,259,270,277,284,295,328,357,358,369,382,403,422",5df99488111aa9c18f8d2c94957f22e9e086f70c46b9b978dda59741b5fde39e
pos_train_seq246_hmm_aug006,pos_train_seq246,6,88,41,47,1,0.011363636363636364,0.9886363636363636,1,73,16826085888cbc8afec86e2068430c6894a32ab2f55889afe3adf7918ca8810b
pos_train_seq247_hmm_aug006,pos_train_seq247,6,184,171,13,10,0.05434782608695652,0.9456521739130435,1,"33,56,73,123,142,143,164,165,167,182",2f9464df958e6e9fbcab9a94c3c2c9f4e358c5b13522d0de248f99943e49c133
pos_train_seq248_hmm_aug006,pos_train_seq248,6,449,299,150,16,0.035634743875278395,0.9643652561247216,1,"16,21,23,42,115,138,280,289,290,296,340,343,352,354,365,372",a18d31b2a9f7bcf7df947bc35f8d626d9ffe8c7d89b663d8ae6d2050d942d421
pos_train_seq249_hmm_aug006,pos_train_seq249,6,184,171,13,8,0.043478260869565216,0.9565217391304348,1,"28,29,43,67,74,119,135,150",97b0228015f08194a7bf743c08e9e5146d731f8214e6475f42d34c463be8da4a
pos_train_seq250_hmm_aug006,pos_train_seq250,6,462,293,169,8,0.017316017316017316,0.9826839826839827,1,"95,123,147,207,212,287,303,354",5e3567983dbf635f229a30adf4da385fd122e4068c05d89742bfacea02b6226b
pos_train_seq251_hmm_aug006,pos_train_seq251,6,482,211,271,14,0.029045643153526972,0.970954356846473,1,"32,39,45,67,87,91,97,110,114,128,334,371,374,405",47070220f7afdfe838bd6f9cc8bacd96069005ed6291430262526a4a74588b40
pos_train_seq254_hmm_aug006,pos_train_seq254,6,411,155,256,14,0.0340632603406326,0.9659367396593674,1,"17,18,25,46,59,66,69,107,108,125,129,131,154,159",a589c89412ed74a8a302510f48ac747d3ea5404a25f10f4f7a58b327e2bd2b71
pos_train_seq257_hmm_aug006,pos_train_seq257,6,294,75,219,5,0.017006802721088437,0.9829931972789115,1,"50,103,126,152,153",99166f2a374408c5a79541e7ca72f36cee728428eef8dfbdc509e4d934a16e18
pos_train_seq258_hmm_aug006,pos_train_seq258,6,191,118,73,9,0.04712041884816754,0.9528795811518325,1,"35,69,123,156,157,163,171,179,184",c8ee38049457364b14f98c46eb10f05765aba31c83542e0c1e19afb4b806557f
pos_train_seq259_hmm_aug006,pos_train_seq259,6,409,7,402,1,0.0024449877750611247,0.9975550122249389,1,399,f822907d9980218227209420af3b56ffb12ecd4d991e3382b5fb758b0cf0e5b6
pos_train_seq260_hmm_aug006,pos_train_seq260,6,460,289,171,10,0.021739130434782608,0.9782608695652174,1,"159,192,210,233,272,328,335,349,351,384",8df6616d68e62d8764b05d9ab1900a5259196128590693d3ab12a7e5d7a51e41
pos_train_seq261_hmm_aug006,pos_train_seq261,6,244,34,210,1,0.004098360655737705,0.9959016393442623,1,75,54d5561598611482799c5e505fb237bb954b4b8d9107cd593df680b8904eebcf
pos_train_seq262_hmm_aug006,pos_train_seq262,6,184,158,26,8,0.043478260869565216,0.9565217391304348,1,"48,100,107,108,122,131,134,146",7d02421a35266892e80eb1fff9d1de17bb8857e06e22c8fb9fefd080d0a8b30b
pos_train_seq264_hmm_aug006,pos_train_seq264,6,106,51,55,3,0.02830188679245283,0.9716981132075472,1,"62,64,105",6cb1c057141946fcfaa273a03d53fbcfd89c0f84eb2545f7aa3574b327311601
pos_train_seq267_hmm_aug006,pos_train_seq267,6,456,273,183,6,0.013157894736842105,0.9868421052631579,1,"225,226,271,298,314,341",ca1377a16a6ea0867b19ce3e2fbb699dbed81eedcc9934e8fcd8bb2373dc7478
pos_train_seq268_hmm_aug006,pos_train_seq268,6,379,315,64,12,0.0316622691292876,0.9683377308707124,1,"44,50,65,74,104,130,146,212,220,248,270,331",800fee08ad9493ed09da764011fc08654e94d0f46179a9ce67522ff11a3f5c79
pos_train_seq269_hmm_aug006,pos_train_seq269,6,396,375,21,14,0.03535353535353535,0.9646464646464646,1,"35,63,77,81,88,103,110,111,118,234,262,316,348,349",6330aa1fabb450e8c09d30f44bebbd6bdc0e6a5f58a5229cdc3b1ee2cb4f9338
pos_train_seq273_hmm_aug006,pos_train_seq273,6,341,182,159,10,0.02932551319648094,0.9706744868035191,1,"37,61,67,93,145,174,177,209,211,220",76efe05c990c44f39b933dd9c5abb9b62511cdd4531f83f796c3794a6d13db1b
pos_train_seq274_hmm_aug006,pos_train_seq274,6,163,54,109,4,0.024539877300613498,0.9754601226993865,1,"30,33,34,36",0c8dc54a460f82a5aee60ce883d8a6a7316067453708f8dd8546f46ee0790733
pos_train_seq276_hmm_aug006,pos_train_seq276,6,250,132,118,7,0.028,0.972,1,"145,153,166,197,201,232,244",f64872282b5fa02d24cea81d4ba2bfeafd030f8b433056a634ba7d082f6999d7
pos_train_seq277_hmm_aug006,pos_train_seq277,6,177,102,75,7,0.03954802259887006,0.96045197740113,1,"45,62,63,64,133,158,174",4f6e3ad5f6693088f51f6d04c7dbafa7d211bdd6bfca4e8a90065b09ecc61af8
pos_train_seq278_hmm_aug006,pos_train_seq278,6,392,117,275,7,0.017857142857142856,0.9821428571428571,1,"288,310,320,323,329,335,365",253ee8f82b979cf019d0f3ad443d4e7d794a30bd40a41eab7629502ee53fd633
pos_train_seq279_hmm_aug006,pos_train_seq279,6,329,156,173,4,0.0121580547112462,0.9878419452887538,1,"17,64,105,109",b5d84860020d041dde12de9ddca36af048769b7a2de788ffe1c1fdd76417fb85
pos_train_seq280_hmm_aug006,pos_train_seq280,6,211,87,124,1,0.004739336492890996,0.995260663507109,1,192,9d8a7a4ec5b0751f9743a0d0b06b1ef0fb5cbf26a94f43f558576a1c0d5eb57f
pos_train_seq281_hmm_aug006,pos_train_seq281,6,404,160,244,8,0.019801980198019802,0.9801980198019802,1,"14,20,58,61,106,148,175,181",0568b7e30510cb6291051936a35807965187c9b3c179a7580b20128f23180aeb
pos_train_seq282_hmm_aug006,pos_train_seq282,6,310,271,39,13,0.041935483870967745,0.9580645161290322,1,"27,30,99,100,102,134,135,150,227,230,264,301,304",44911205dff528da445c889391ddf119307bbbb8062a2a40558f062fa554d291
pos_train_seq284_hmm_aug006,pos_train_seq284,6,175,37,138,1,0.005714285714285714,0.9942857142857143,1,160,3d4f2291c108402333db9f1699b388a487f0d2439c97917308b554db5c1a117a
pos_train_seq285_hmm_aug006,pos_train_seq285,6,396,141,255,5,0.012626262626262626,0.9873737373737373,1,"25,69,126,128,158",73aab91c29457b50542d3648a22fefd6a0dd67da1002b124c4ff1df7c82fefe6
pos_train_seq286_hmm_aug006,pos_train_seq286,6,471,194,277,10,0.021231422505307854,0.9787685774946921,1,"12,30,38,107,109,113,129,155,246,256",29ab1f158a61c74f867312c5e38940be265e344e5c9a9b9cdc592dba61fff3a6
pos_train_seq288_hmm_aug006,pos_train_seq288,6,204,118,86,7,0.03431372549019608,0.9656862745098039,1,"43,79,87,91,116,123,155",b2f1449d89d6df963c8546d3feb4321dcaeebc0c9b127fa3250159a0e2bbd5a5
pos_train_seq289_hmm_aug006,pos_train_seq289,6,245,97,148,8,0.0326530612244898,0.9673469387755103,1,"41,48,60,66,75,105,107,116",b6847b4ac95d511ca5766600c012bd982d32ca340223609df4a730cb0d1edf88
pos_train_seq290_hmm_aug006,pos_train_seq290,6,391,355,36,15,0.03836317135549872,0.9616368286445013,1,"92,96,110,153,189,214,251,294,303,314,318,324,329,342,348",94dd863a8fcffa1ed2b1c6fe62644069a95812c2181cf79ef98e5e9999534a8a
pos_train_seq291_hmm_aug006,pos_train_seq291,6,290,169,121,4,0.013793103448275862,0.9862068965517241,1,"58,67,152,189",1ebd5b1bfeed7269cec9993e2836745293510479bafe57506e0add71d4ed9c85
pos_train_seq292_hmm_aug006,pos_train_seq292,6,262,231,31,8,0.030534351145038167,0.9694656488549618,1,"17,22,23,98,119,165,181,190",7be203696908f634ec34a77f06541e68dc3069dd627b616f8df0fcaa1ae587fb
pos_train_seq293_hmm_aug006,pos_train_seq293,6,163,62,101,5,0.03067484662576687,0.9693251533742331,1,"26,35,38,43,49",0d04a6b6267d8fe961510de5d0797ad5fda407ea8f9519935e0b32ceb26b4232
pos_train_seq294_hmm_aug006,pos_train_seq294,6,494,84,410,8,0.016194331983805668,0.9838056680161943,1,"304,331,333,350,354,355,356,359",2a93bacf3c3f445e120308f3b96042b8fb626af50eb9a7c03012fa64b37c852d
pos_train_seq295_hmm_aug006,pos_train_seq295,6,163,66,97,5,0.03067484662576687,0.9693251533742331,1,"10,33,37,57,59",21a79b1b1c203edfbe21a080014ad9b43733b49418ce61e43ec3a1f6f04d878d
pos_train_seq297_hmm_aug006,pos_train_seq297,6,395,319,76,16,0.04050632911392405,0.959493670886076,1,"19,42,112,115,123,152,153,168,175,179,190,191,217,224,283,284",0c012b9da1b0893e87ea394811de326017b69523360b22d5427d600ce329c6de
pos_train_seq298_hmm_aug006,pos_train_seq298,6,450,370,80,24,0.05333333333333334,0.9466666666666667,1,"31,43,82,106,167,188,233,236,242,246,262,265,270,307,311,323,328,348,372,373,387,390,396,397",b9ae70b3dca4c946bb3ad169702a990035163128bd29ed860f67ee43e414924f
pos_train_seq300_hmm_aug006,pos_train_seq300,6,505,173,332,4,0.007920792079207921,0.9920792079207921,1,"46,48,217,218",6c50bf2ce89a633440452f534e77782f9d6184191076ab183727f96c84cb2c4d
pos_train_seq301_hmm_aug006,pos_train_seq301,6,332,158,174,7,0.02108433734939759,0.9789156626506024,1,"81,93,119,121,150,190,208",6e3bc60a54d059faa5c0150cf0fa9377db047c5cc662e8eb424cd0e5c5efebe2
pos_train_seq303_hmm_aug006,pos_train_seq303,6,412,331,81,16,0.038834951456310676,0.9611650485436893,1,"83,96,99,130,171,191,197,215,224,230,256,285,307,348,358,406",fbb4e0f9dbaebab81785feab6bbc904f914dfaefadc880aa8a093e912254b35d
pos_train_seq304_hmm_aug006,pos_train_seq304,6,352,321,31,14,0.03977272727272727,0.9602272727272727,1,"55,59,62,71,87,125,159,178,246,255,256,279,296,338",585e54d7e48ca90ff5f65e79f5ea4d8bb3fd0665386b8e83e75066fece0b0e12
pos_train_seq305_hmm_aug006,pos_train_seq305,6,330,260,70,15,0.045454545454545456,0.9545454545454546,1,"35,58,70,81,88,98,115,129,201,258,261,281,283,301,318",25c7d0efdcaa510471c6ab91e859a956a5666a431f0cab8a4260c036f49827c3
pos_train_seq307_hmm_aug006,pos_train_seq307,6,174,153,21,7,0.040229885057471264,0.9597701149425287,1,"36,56,69,91,119,120,135",a504fe98c1ffb80f522c7b89b419e80f324378ea2cbcd09c669dc2d3ec46e960
pos_train_seq310_hmm_aug006,pos_train_seq310,6,206,93,113,4,0.019417475728155338,0.9805825242718447,1,"31,64,162,196",bcca3390c37bc2713cfe2972ccb53df9be2bf65a1da077ca349bee3b6db86cc3
pos_train_seq312_hmm_aug006,pos_train_seq312,6,422,420,2,24,0.05687203791469194,0.943127962085308,1,"10,21,34,36,42,55,65,68,75,123,150,163,183,186,202,224,246,281,301,318,324,381,394,397",6522545bf0087f11d98b9ff02812df21d9cd97552ac5f00cf73dd19fa75a70a4
pos_train_seq313_hmm_aug006,pos_train_seq313,6,191,122,69,7,0.03664921465968586,0.9633507853403142,1,"52,57,69,120,129,151,189",ebbcd02a20342bb94b85badf0336d0d2cbf617bddf41316dbcbe19d42f58fb4c
pos_train_seq316_hmm_aug006,pos_train_seq316,6,503,399,104,24,0.04771371769383698,0.9522862823061631,1,"11,28,32,48,65,82,88,90,94,121,125,138,183,217,225,234,241,268,385,412,441,443,477,501",2aa250dd3df0918915979d41bb62e4568984990aef564ee76d59e6f12e49352f
pos_train_seq318_hmm_aug006,pos_train_seq318,6,175,1,174,1,0.005714285714285714,0.9942857142857143,1,175,391617afa4de6549992c3b06b3693cd77cd061dbcc437d22e732202a43ae3a85
pos_train_seq319_hmm_aug006,pos_train_seq319,6,175,37,138,2,0.011428571428571429,0.9885714285714285,1,"137,154",c95b7a7d731e4e1daafe27e5c82c272b05d72c626be712bb517f9d4187d6c4cd
pos_train_seq321_hmm_aug006,pos_train_seq321,6,317,30,287,1,0.0031545741324921135,0.9968454258675079,1,90,824b39ede9120f2765409b0acc3f6eac169486532588cbc689bb5dfdd6b42914
pos_train_seq322_hmm_aug006,pos_train_seq322,6,326,197,129,9,0.027607361963190184,0.9723926380368099,1,"88,96,136,139,143,167,185,189,233",4294eeea64d93a77feead9c797b5f453947542c8d5c58eb7f090a3c690d15395
pos_train_seq324_hmm_aug006,pos_train_seq324,6,244,187,57,8,0.03278688524590164,0.9672131147540983,1,"47,60,66,100,124,182,224,233",0a85be659a967184b47795556a71599f52aac90d78ba4165254a2ed805a3fa18
pos_train_seq326_hmm_aug006,pos_train_seq326,6,338,163,175,7,0.020710059171597635,0.9792899408284024,1,"180,199,257,267,276,297,302",a3e7c5fa4be56e54bbf70c6dd7126fbbbcfeca758cdcc3b79c15fc02f064b2fc
pos_train_seq327_hmm_aug006,pos_train_seq327,6,93,33,60,2,0.021505376344086023,0.978494623655914,1,"47,63",31e6a127f208b519e76bde51b5894af9b70015b3d3df10fa4da883c9a4313c9e
pos_train_seq328_hmm_aug006,pos_train_seq328,6,257,184,73,14,0.054474708171206226,0.9455252918287937,1,"15,28,30,35,39,56,63,80,98,104,149,154,171,175",6025e4def214dd50952621cdefd6751f30d900846bcd93f32f8086770eca29c2
pos_train_seq330_hmm_aug006,pos_train_seq330,6,351,351,0,18,0.05128205128205128,0.9487179487179487,1,"2,10,34,62,114,165,191,206,219,227,246,248,279,300,310,311,322,351",3c0565f41aacbf8354646ab26bcbd2db5035bb720d31aab998d4d860dd11398e
pos_train_seq331_hmm_aug006,pos_train_seq331,6,150,1,149,1,0.006666666666666667,0.9933333333333333,1,1,7e47d6bc039dadef70bbbb46d499dd0e040bf037b85971a0995be7aa78e98b49
pos_train_seq332_hmm_aug006,pos_train_seq332,6,366,216,150,10,0.0273224043715847,0.9726775956284153,1,"57,107,156,158,163,212,237,254,256,273",2c74866a1bfb676dfd75420899c5d95d570e9d9771cc4c1576f71b9cf861e171
pos_train_seq333_hmm_aug006,pos_train_seq333,6,293,257,36,9,0.030716723549488054,0.9692832764505119,1,"37,45,49,191,199,204,213,219,250",f7dc6b4d10b379d2b2a745810927dec86007661f0f22693773cddb5973ae2184
pos_train_seq334_hmm_aug006,pos_train_seq334,6,184,171,13,11,0.059782608695652176,0.9402173913043478,1,"23,25,40,55,62,104,105,109,156,160,168",9b6c87642d932a1dc773e4b30ae754ed26651d5abc4e2d99e4d53d73dc9a2d50
pos_train_seq336_hmm_aug006,pos_train_seq336,6,118,28,90,3,0.025423728813559324,0.9745762711864406,1,"24,26,34",9bc5acb813d65d786aa419d07cdd4226b1b1f53a5ff5867512b16c2c87151896
pos_train_seq338_hmm_aug006,pos_train_seq338,6,505,301,204,21,0.041584158415841586,0.9584158415841584,1,"214,235,237,257,261,267,277,308,312,351,354,379,424,432,448,453,457,462,468,477,504",134ebba9f0282140139a0cf2241318036f229477b5f9f7703a8aa050a2131fe4
pos_train_seq340_hmm_aug006,pos_train_seq340,6,299,146,153,9,0.030100334448160536,0.9698996655518395,1,"35,52,61,76,263,264,269,282,287",6790dbb3df61cb813daa9a5d8564e75b3a72b28927e0764782bd34a308f48bea
pos_train_seq342_hmm_aug006,pos_train_seq342,6,445,88,357,2,0.0044943820224719105,0.9955056179775281,1,"51,55",4d5797dfd34e85be1bd9460971efdaa597fb2060b75bfbee008941ee2b0fb83e
pos_train_seq343_hmm_aug006,pos_train_seq343,6,460,442,18,20,0.043478260869565216,0.9565217391304348,1,"1,36,52,56,61,72,81,86,90,98,117,130,216,241,281,332,340,378,402,413",8850c164b2e9de553f8f8b04eee3cdf0a4e74f603dab9bcad0d9f1c2beec1285
pos_train_seq347_hmm_aug006,pos_train_seq347,6,294,112,182,4,0.013605442176870748,0.9863945578231292,1,"16,41,125,148",228df69d016dd2cd13a33b1bec5b3af964432972b819c4f46b2de4df61a90957
pos_train_seq350_hmm_aug006,pos_train_seq350,6,327,157,170,4,0.012232415902140673,0.9877675840978594,1,"94,175,207,224",55ff5d252f12d5f428483084f690eeb1cd8b898beb7276ab864e891563cbc460
pos_train_seq351_hmm_aug006,pos_train_seq351,6,484,484,0,27,0.05578512396694215,0.9442148760330579,1,"4,8,12,50,54,76,88,106,126,144,157,165,217,234,235,236,266,280,289,310,321,407,418,437,441,450,465",102baab78b1182de7fa94aa8ec36ba29338bf608ea553458c1ccab228e2cdd00
pos_train_seq352_hmm_aug006,pos_train_seq352,6,442,214,228,16,0.03619909502262444,0.9638009049773756,1,"1,13,25,33,41,58,65,83,91,93,100,106,122,166,175,394",a36514d344f122d3ee462fe122ca2afd7ac196c4c1cf71615cf8ab578beaff97
pos_train_seq353_hmm_aug006,pos_train_seq353,6,501,306,195,19,0.03792415169660679,0.9620758483033932,1,"68,77,113,126,136,140,146,149,175,198,206,247,278,309,310,314,328,336,357",d4c9f08e7295576b44488dac18939134c8d24466555768a0478809d658470d19
pos_train_seq355_hmm_aug006,pos_train_seq355,6,207,178,29,9,0.043478260869565216,0.9565217391304348,1,"16,38,68,93,111,139,140,160,170",cc7de85ae0e7ecde5a2d4845e773235d1545eee1d87d5e57516725fb5c14d0c8
pos_train_seq356_hmm_aug006,pos_train_seq356,6,490,59,431,3,0.006122448979591836,0.9938775510204082,1,"352,357,402",b83398b7d79a6477024d3309eea0fcb3fca0866887e477205d36e153f136991c
pos_train_seq359_hmm_aug006,pos_train_seq359,6,117,104,13,7,0.05982905982905983,0.9401709401709402,1,"45,50,60,79,86,106,107",259ad161ebfec42f4a84589ca698e890b1fc03dfe4c0c10c4c56bb6351cc2217
pos_train_seq360_hmm_aug006,pos_train_seq360,6,377,206,171,11,0.029177718832891247,0.9708222811671088,1,"23,29,80,89,140,149,152,160,162,181,210",7a62529677561393e4714eddad0f22d0aebca1d5c2fdf76475fde9e3d93ac48e
pos_train_seq361_hmm_aug006,pos_train_seq361,6,418,128,290,4,0.009569377990430622,0.9904306220095693,1,"19,104,115,141",e4ead852dff041b572022c068a3c9401ab410b802280d9386536c10030d5fa0f
pos_train_seq362_hmm_aug006,pos_train_seq362,6,208,108,100,8,0.038461538461538464,0.9615384615384616,1,"87,108,124,136,142,155,164,173",6f9fc6087ab87b7a5bd875d6a92341b544c6133681069eec9d71b7fdd35ed96f
pos_train_seq363_hmm_aug006,pos_train_seq363,6,463,278,185,15,0.032397408207343416,0.9676025917926566,1,"174,178,192,268,272,300,324,329,338,349,356,357,393,434,463",018119aa3ea3d9693b7b2ee92837358ad50b09c2cfad8d1cafd3e7beb3bd8d22
pos_train_seq367_hmm_aug006,pos_train_seq367,6,352,140,212,10,0.028409090909090908,0.9715909090909091,1,"16,29,32,33,211,245,246,269,272,291",fde0217aff95d7e5eddc09923c3888f59cd4270982b2b6c153223ce1842feebe
pos_train_seq369_hmm_aug006,pos_train_seq369,6,486,28,458,1,0.00205761316872428,0.9979423868312757,1,137,539497eb1b952f00740b4899b7f927200f6d8f6e2ce4d740bd89a622771957f4
pos_train_seq370_hmm_aug006,pos_train_seq370,6,506,377,129,23,0.045454545454545456,0.9545454545454546,1,"43,51,70,126,138,152,154,162,182,185,211,214,225,232,236,255,274,289,320,328,342,348,374",0564aa337109786141a1668996fedad74af952fe37e074e1bafb0b658cf8aa74
pos_train_seq371_hmm_aug006,pos_train_seq371,6,466,210,256,11,0.023605150214592276,0.9763948497854077,1,"8,44,87,89,126,128,130,365,406,409,411",54dc3881ffa30c7f12ce6fe567da61f547b52da9c56db795590ca7f401b52fc1
pos_train_seq372_hmm_aug006,pos_train_seq372,6,459,457,2,20,0.04357298474945534,0.9564270152505446,1,"23,40,60,64,65,73,119,122,157,236,245,252,256,261,320,330,340,420,423,434",944a63d59f782efe1d48449aa19d3f8217355e82985986308cb181879838a8ed
pos_train_seq373_hmm_aug006,pos_train_seq373,6,471,376,95,15,0.03184713375796178,0.9681528662420382,1,"32,139,149,201,202,236,237,295,332,367,379,383,451,457,458",603b3e317cb5be83b455a630eacee90947116db823164db669fb0bc765233e1e
pos_train_seq374_hmm_aug006,pos_train_seq374,6,129,21,108,1,0.007751937984496124,0.9922480620155039,1,47,d976fe3efbdf80f9d62c394d5d86f1c4d0d6790eb3f4338e4d3941fe2154e4e3
pos_train_seq376_hmm_aug006,pos_train_seq376,6,439,221,218,15,0.03416856492027335,0.9658314350797267,1,"78,81,88,90,110,113,115,154,194,213,214,218,226,260,418",0dbd2e87ff35e021d1b3db1542f46ce1dfa7e019d05154c047272938cc3c0d64
pos_train_seq377_hmm_aug006,pos_train_seq377,6,174,159,15,7,0.040229885057471264,0.9597701149425287,1,"63,82,98,132,147,160,170",d62148be78ca324dc9eb6206cd3f298f0796c65f25179ea5e99aa6406672cdc1
pos_train_seq379_hmm_aug006,pos_train_seq379,6,409,171,238,11,0.02689486552567237,0.9731051344743277,1,"22,25,37,41,46,51,216,218,375,395,400",2d5791f187d171b8cb9b0c41e1bd07cce545677b64c4692043bf07db11ce8291
pos_train_seq380_hmm_aug006,pos_train_seq380,6,210,208,2,8,0.0380952380952381,0.9619047619047619,1,"59,88,105,136,163,174,182,186",5799c4781f0d1a520c2b4b29e031a65ed5f42a1b06f8027ca75a3032e900f172
pos_train_seq381_hmm_aug006,pos_train_seq381,6,311,156,155,9,0.028938906752411574,0.9710610932475884,1,"16,23,53,57,100,125,126,138,172",590575071f76dcbeab90113adf731510f3fb21a56ed4ab4c4e87ad532ac44111
pos_train_seq383_hmm_aug006,pos_train_seq383,6,434,295,139,14,0.03225806451612903,0.967741935483871,1,"83,86,218,246,253,289,298,303,307,323,332,350,359,432",f45ac424fd1ce77eec0382b63f92493562210c59593744bf00079c94bba85564
pos_train_seq384_hmm_aug006,pos_train_seq384,6,388,372,16,24,0.061855670103092786,0.9381443298969072,1,"20,22,40,74,81,87,111,127,132,138,142,151,159,206,209,239,242,247,275,338,346,347,349,358",bb4a5c1b56f4c1f25b3c069eb45fe9dfccc1a6954a90fed409a66f46d86df457
pos_train_seq385_hmm_aug006,pos_train_seq385,6,495,305,190,16,0.03232323232323232,0.9676767676767677,1,"74,84,107,135,137,146,153,185,236,276,290,310,314,316,331,351",9e52bff9abaddee0007235c3c8cd110ae9760a6539586a680717898c00873729
pos_train_seq386_hmm_aug006,pos_train_seq386,6,240,51,189,3,0.0125,0.9875,1,"47,186,201",eb15c65e3f314d544968d445a8477f648434910e79847057e6c9e64841980e28
pos_train_seq389_hmm_aug006,pos_train_seq389,6,253,79,174,4,0.015810276679841896,0.9841897233201581,1,"163,176,201,206",e258cadd04557ab69132933bb72fe19528d765ae0772f37f13552393755a5f24
pos_train_seq391_hmm_aug006,pos_train_seq391,6,296,124,172,4,0.013513513513513514,0.9864864864864865,1,"63,92,101,285",fc21fcfce824641b0b4fbcf4327fba812c1aff185c85ba4e7b319b362147b5a4
pos_train_seq393_hmm_aug006,pos_train_seq393,6,374,340,34,14,0.0374331550802139,0.9625668449197861,1,"40,57,84,89,153,162,166,223,264,272,308,309,312,317",f4e52a411d7eaca0c56f2877b3a5ab524731e879803e2e936bc1c1e547c992a0
pos_train_seq394_hmm_aug006,pos_train_seq394,6,25,14,11,1,0.04,0.96,1,12,881c58693af58f51d9c5a45903933b4c514256cbef39b18ceb21701401232694
pos_train_seq395_hmm_aug006,pos_train_seq395,6,191,118,73,5,0.02617801047120419,0.9738219895287958,1,"47,58,134,176,189",0de9f24662841b4a2914a2ec375efa733f90d1ff3a294c42a4dc682458f22cd1
pos_train_seq396_hmm_aug006,pos_train_seq396,6,264,235,29,8,0.030303030303030304,0.9696969696969697,1,"52,98,130,138,147,157,227,235",c2cfa6f2c2f111ded72854ca6556417710fd5babc6e9d55dd2d1e5bd0e8a73b5
pos_train_seq397_hmm_aug006,pos_train_seq397,6,305,92,213,2,0.006557377049180328,0.9934426229508196,1,"115,270",54727ed2e2e9bb587370b1dfb13fb8e56a37286e07bdb9df6858d54f77140922
pos_train_seq399_hmm_aug006,pos_train_seq399,6,183,140,43,5,0.0273224043715847,0.9726775956284153,1,"57,59,60,146,170",53d57996808f9bb39618ef943658706085c28e208bebafcec91a9692fa6fc856
pos_train_seq400_hmm_aug006,pos_train_seq400,6,381,243,138,13,0.03412073490813648,0.9658792650918635,1,"4,27,29,34,62,90,131,153,163,164,188,218,239",b6872c4ae9c46ad07ffc3e36304e0961d9e853dde613b9f78a5d30f5ac2a770b
pos_train_seq402_hmm_aug006,pos_train_seq402,6,314,156,158,16,0.050955414012738856,0.9490445859872612,1,"12,17,23,32,36,49,51,57,60,70,105,109,111,159,162,171",88b6944683e1011da143ec93df564439425538826edbecb6dfe34f0ceec6405b
pos_train_seq404_hmm_aug006,pos_train_seq404,6,332,8,324,2,0.006024096385542169,0.9939759036144579,1,"295,297",41728884710f379ad161024fc80205c66e3719a90d0b41936f8c9f36f7cd4d0f
pos_train_seq405_hmm_aug006,pos_train_seq405,6,100,56,44,1,0.01,0.99,1,54,305bdec72f678c370279389f0472087d3311b7d3382216901f894d89561b19ea
pos_train_seq406_hmm_aug006,pos_train_seq406,6,371,231,140,12,0.03234501347708895,0.967654986522911,1,"47,48,50,52,55,67,84,101,145,181,189,240",c8c6648a34ec41b4d781387b312ab26126674f70df489a1d645d3feaa087e4ff
pos_train_seq407_hmm_aug006,pos_train_seq407,6,377,174,203,7,0.01856763925729443,0.9814323607427056,1,"18,186,219,230,237,298,365",a8a7d1b8090bc40ebfee40620d1fc363ca6c04faa1f72c1d99fd0a8c4574b140
pos_train_seq408_hmm_aug006,pos_train_seq408,6,381,326,55,16,0.04199475065616798,0.958005249343832,1,"15,30,123,141,142,174,225,241,242,278,289,298,312,318,355,358",acf81212b75ce2f9f78588d6efbd83dc7c39dfb1122079f0079e6a02ba7fba78
pos_train_seq410_hmm_aug006,pos_train_seq410,6,300,1,299,1,0.0033333333333333335,0.9966666666666667,1,300,67bfa5b8b2773622d5d4d56bc67738bd037b85fbda8bc5933d23143443880062
pos_train_seq412_hmm_aug006,pos_train_seq412,6,346,180,166,6,0.017341040462427744,0.9826589595375722,1,"20,65,70,209,242,245",deb9595452f93c1acfe0309e4f8501b62a4828d95486f55e2294ac07ca8a3104
pos_train_seq413_hmm_aug006,pos_train_seq413,6,152,115,37,7,0.046052631578947366,0.9539473684210527,1,"45,47,49,59,112,118,121",3470a6d2b234f3a5359615d0de6668d773260b4193ea0df7e58040d10f3b2d9d
pos_train_seq414_hmm_aug006,pos_train_seq414,6,417,407,10,14,0.03357314148681055,0.9664268585131894,1,"17,69,74,93,107,139,144,157,240,259,262,269,333,359",49517f984a0dcadb67170927f4e8a545c1852b8705ec23d34d737c9da45bcfc6
pos_train_seq415_hmm_aug006,pos_train_seq415,6,414,249,165,11,0.026570048309178744,0.9734299516908212,1,"42,63,74,81,87,132,135,174,211,229,233",ed55f30a4f19b7fd52dcf06adcce37755cbbf4bd36fe8fb4abb50dbb2138ddac
pos_train_seq416_hmm_aug006,pos_train_seq416,6,268,166,102,11,0.041044776119402986,0.9589552238805971,1,"14,41,45,47,74,100,110,118,119,203,228",0a0afb2aef3824874a0bc79e5a5fa46ff2f7448175e3d332bea93a87c5262656
pos_train_seq417_hmm_aug006,pos_train_seq417,6,422,420,2,22,0.052132701421800945,0.9478672985781991,1,"29,83,127,134,168,210,213,220,232,233,244,266,276,291,301,325,333,346,367,379,386,404",beed33ba6f5fca09f0fd988afd0f763bce8502e9053475c822e628f66d30d438
pos_train_seq418_hmm_aug006,pos_train_seq418,6,367,236,131,12,0.0326975476839237,0.9673024523160763,1,"36,43,87,93,113,131,140,163,166,198,202,216",3737e8d488b7e3a5dd63b658774eb03cbddad376fd7289c9b9feb481dc586e3c
pos_train_seq419_hmm_aug006,pos_train_seq419,6,418,45,373,1,0.0023923444976076554,0.9976076555023924,1,50,8ac3a3144bea65f4a0734ecaafaf9147926658ef0579904b9e27fffec4256b36
pos_train_seq421_hmm_aug006,pos_train_seq421,6,25,3,22,1,0.04,0.96,1,24,601423937ff751e3ef3c8a9600014e47bf2805b56da7482156048c80c63e2bcc
pos_train_seq422_hmm_aug006,pos_train_seq422,6,187,75,112,2,0.0106951871657754,0.9893048128342246,1,"25,36",e267240501c58ca4e8b180addae6876c00485bdd88d201eda44c9127256eacb1
pos_train_seq425_hmm_aug006,pos_train_seq425,6,178,100,78,3,0.016853932584269662,0.9831460674157303,1,"14,36,62",59b2ad2166fe38588c588002724c06f7911ad90ecc9a742c9a71cb32f5862f26
pos_train_seq426_hmm_aug006,pos_train_seq426,6,157,72,85,5,0.03184713375796178,0.9681528662420382,1,"5,19,29,38,41",e2afd766eae5b1cad3688a5ecb4fc48079dc879ffb12f7a06697b23d3d6d2978
pos_train_seq427_hmm_aug006,pos_train_seq427,6,495,476,19,21,0.04242424242424243,0.9575757575757575,1,"15,27,79,86,122,147,153,162,211,215,231,239,252,300,347,370,372,384,429,479,480",2e1d494552e971b3223c61ffa1a3928f48bdefb1e91bc7d7a8aaf3b51867cdab
pos_train_seq428_hmm_aug006,pos_train_seq428,6,213,99,114,5,0.023474178403755867,0.9765258215962441,1,"13,22,41,45,62",888dbc5f3cfb574b1219909b60de7a458f96ddf852540c3bab7f2d4272b1af57
pos_train_seq429_hmm_aug006,pos_train_seq429,6,355,163,192,7,0.01971830985915493,0.9802816901408451,1,"105,119,135,141,158,180,251",645c7a4b0937208b9be7e85945211d51c7ff8d64e231a9d2c611a4836433be0c
pos_train_seq430_hmm_aug006,pos_train_seq430,6,441,6,435,1,0.0022675736961451248,0.9977324263038548,1,349,0de44323db3ae2c01e656fa0bb8be2e85f2852072107ae6bfe9e2f6337557c52
pos_train_seq431_hmm_aug006,pos_train_seq431,6,372,156,216,6,0.016129032258064516,0.9838709677419355,1,"46,56,125,129,166,170",2c1d1528607645565857b8ef7f5f09796cd0104b8a432413b9f2b3737dd66442
pos_train_seq432_hmm_aug006,pos_train_seq432,6,383,261,122,12,0.031331592689295036,0.9686684073107049,1,"37,148,153,163,222,227,233,275,290,302,324,355",4dacb6698b3bb18a96b4dbce67265b39ab6d6de037878c17cde335285b45934d
pos_train_seq433_hmm_aug006,pos_train_seq433,6,352,232,120,6,0.017045454545454544,0.9829545454545454,1,"138,244,280,296,349,352",a6b1185cfdf3abed8eff017364645ee18c698e80025d1709c6ed67066b991283
pos_train_seq435_hmm_aug006,pos_train_seq435,6,205,91,114,4,0.01951219512195122,0.9804878048780488,1,"50,97,108,110",97115107cf8de2ac09c95ef126b223e57799b5242dde8107454cbeee8b59f1e0
pos_train_seq436_hmm_aug006,pos_train_seq436,6,507,137,370,3,0.005917159763313609,0.9940828402366864,1,"326,327,375",9d283fd2afede2a48b8dd01253346a469af2aeac983d463c30bffa27a99f1f03
pos_train_seq437_hmm_aug006,pos_train_seq437,6,411,79,332,2,0.004866180048661801,0.9951338199513382,1,"351,390",d24b0e2a1fa138059133a58a8c6d5319e5f8d04a2afad765e5ea85a1477f82e7
pos_train_seq438_hmm_aug006,pos_train_seq438,6,495,87,408,3,0.006060606060606061,0.9939393939393939,1,"54,59,65",ca0b29fcf52bdf0a097f9d6ac4e7c3433eb23f830a3df82998db60fd4b942d22
pos_train_seq439_hmm_aug006,pos_train_seq439,6,175,36,139,1,0.005714285714285714,0.9942857142857143,1,135,42872c0a0a68cb291f78a025b4799a4a0c2b769c26ae3c571bab9a13f0b05b2c
pos_train_seq442_hmm_aug006,pos_train_seq442,6,390,199,191,6,0.015384615384615385,0.9846153846153847,1,"112,266,278,281,332,343",eadde3a3fabc77fdf05a4db35226b0aea791dd29206342c5f61cd91fbcc9135b
pos_train_seq443_hmm_aug006,pos_train_seq443,6,217,215,2,7,0.03225806451612903,0.967741935483871,1,"66,74,85,100,109,113,215",415337db4a6673cbaad78b7d80df729160d430582d55ef84969d2e830896c711
pos_train_seq444_hmm_aug006,pos_train_seq444,6,23,6,17,1,0.043478260869565216,0.9565217391304348,1,3,cc107973fac104b9c6b67ca8552e6de294bbef2f1e55e7d199040febe31fb249
pos_train_seq445_hmm_aug006,pos_train_seq445,6,397,313,84,19,0.04785894206549118,0.9521410579345089,1,"17,33,35,36,47,107,108,111,121,159,170,174,221,233,255,314,339,341,348",c4afce3cf5add28b803b05c724108bf6b8a53152d0887479cf576e0b127b3f23
pos_train_seq446_hmm_aug006,pos_train_seq446,6,270,86,184,2,0.007407407407407408,0.9925925925925926,1,"39,139",954ea3fa5bbfc4a0da150e62f4b53f1af38946cb5714eb7114b8807e50cfb33e
pos_train_seq450_hmm_aug006,pos_train_seq450,6,182,120,62,7,0.038461538461538464,0.9615384615384616,1,"34,40,85,131,135,141,156",151f0b7ed143ba22cdf042e6f5d420f1ce3d6777406084d54188aa387dbfd6f1
pos_train_seq452_hmm_aug006,pos_train_seq452,6,317,189,128,5,0.015772870662460567,0.9842271293375394,1,"32,41,150,196,239",b7848b50e4a39c4b6c8c3ebf506348efe4fc1f75edb5bccae373309f38be645e
pos_train_seq455_hmm_aug006,pos_train_seq455,6,171,106,65,3,0.017543859649122806,0.9824561403508771,1,"45,136,140",125f00b9e81d49657740cd87bc2aee26b3ecad462a83c1941d6d8c3ffb8a2737
pos_train_seq458_hmm_aug006,pos_train_seq458,6,432,320,112,10,0.023148148148148147,0.9768518518518519,1,"22,30,60,74,264,282,380,390,392,422",93f22d7e829091a67d452834cc2177e3e094d58223dcc7e539e66c4d3ad78588
pos_train_seq459_hmm_aug006,pos_train_seq459,6,196,40,156,1,0.00510204081632653,0.9948979591836735,1,18,dd9f31ec68632ff9a0b770757458d97326e97d2ee8f1613efa1638b5d5110f44
pos_train_seq461_hmm_aug006,pos_train_seq461,6,476,284,192,20,0.04201680672268908,0.957983193277311,1,"16,32,40,45,55,70,77,87,92,99,105,110,113,167,177,181,212,249,260,273",ca0095f3460917d1a3e938fdfe941dab23b03f7b13fdb73a6b4165638f74bc8d
pos_train_seq462_hmm_aug006,pos_train_seq462,6,305,171,134,6,0.019672131147540985,0.980327868852459,1,"9,62,95,109,153,167",19bae5d01ec40bb944f3674b37f6f227fe740fa03bd36cebcf4add272204bba6
pos_train_seq463_hmm_aug006,pos_train_seq463,6,406,152,254,8,0.019704433497536946,0.9802955665024631,1,"55,74,119,128,131,147,157,161",d83868cc8a43e1ed081f00afc21ec66d23863de24642451e677478efcaa5900b
pos_train_seq466_hmm_aug006,pos_train_seq466,6,425,312,113,14,0.03294117647058824,0.9670588235294117,1,"41,51,59,62,72,124,275,277,300,307,339,360,386,406",bd53694c8b117e64726ab965b6faae5f0a49481c195062e0a5781c9567e447d9
pos_train_seq467_hmm_aug006,pos_train_seq467,6,386,380,6,21,0.054404145077720206,0.9455958549222798,1,"5,14,19,40,44,46,66,67,95,136,146,174,213,217,248,252,282,359,372,382,383",dc8d127ebe20f6c78c0f80e7f5c069e6e0f79807d5aff38a20fef48e1e394c89
pos_train_seq468_hmm_aug006,pos_train_seq468,6,434,262,172,14,0.03225806451612903,0.967741935483871,1,"38,41,64,102,106,127,135,159,192,201,249,266,270,287",061896060acf7104451476150e88bc6a40370c82563501584af84a6274e4f19b
pos_train_seq469_hmm_aug006,pos_train_seq469,6,231,184,47,5,0.021645021645021644,0.9783549783549783,1,"18,37,145,181,218",89baab42c7c76e3134eda2e9a5f4700c1f208eb026a815e21a7793c899eb6b07
pos_train_seq471_hmm_aug006,pos_train_seq471,6,437,431,6,23,0.05263157894736842,0.9473684210526316,1,"18,86,109,110,162,179,191,205,227,239,248,275,279,282,289,297,301,332,361,370,374,383,394",7226563631cf692c2345bcae86373fb601af5b5c7cb889c632d5e62540b20b02
pos_train_seq472_hmm_aug006,pos_train_seq472,6,431,263,168,13,0.030162412993039442,0.9698375870069605,1,"1,34,61,63,72,115,137,150,171,180,186,202,262",a5ec19b02870aca849dcda34b5b35766fa7b943e4b83aabaeb94ac344dd6e594
pos_train_seq475_hmm_aug006,pos_train_seq475,6,360,145,215,3,0.008333333333333333,0.9916666666666667,1,"146,173,233",35e0659c5ce5aab6ace96e4fcd12f8c9d919c96a9fa29d822a3c9b2ef852ac8c
pos_train_seq476_hmm_aug006,pos_train_seq476,6,407,254,153,18,0.044226044226044224,0.9557739557739557,1,"157,172,209,228,230,232,242,261,262,305,308,333,347,348,359,366,367,373",2b8fe8b1f5b9031125b4bf9b808bdb9fe488e9252b40d0ac41ebc307851c558d
pos_train_seq478_hmm_aug006,pos_train_seq478,6,299,119,180,3,0.010033444816053512,0.9899665551839465,1,"200,201,238",697aafb6f71b683abf01946e8dc29337b2364c3f63cd2d8f9006647bd94895b4
pos_train_seq479_hmm_aug006,pos_train_seq479,6,370,309,61,17,0.04594594594594595,0.9540540540540541,1,"3,27,44,96,152,156,174,183,205,217,228,237,259,265,274,275,285",febaa703faa9d4d0ab963f1b560713ffd72d276ce0e1ea2dde8e17fd3f188732
pos_train_seq480_hmm_aug006,pos_train_seq480,6,409,308,101,17,0.04156479217603912,0.9584352078239609,1,"54,59,60,63,122,137,150,173,211,299,309,310,313,329,337,351,355",6e1c73ac35819044581399dc3b3d9d788f9b0889db0e65b2104d7b350c27b093
pos_train_seq481_hmm_aug006,pos_train_seq481,6,209,114,95,2,0.009569377990430622,0.9904306220095693,1,"60,166",b5e0410a58a74eb73cf9e4566cdac19b6306757f10e41ab0222ffec7e2e84218
pos_train_seq484_hmm_aug006,pos_train_seq484,6,359,14,345,1,0.002785515320334262,0.9972144846796658,1,216,d6271dc3c28da2e719f151a56b25ddb759bf6962597ed0781b03053d4f463a94
pos_train_seq485_hmm_aug006,pos_train_seq485,6,491,86,405,6,0.012219959266802444,0.9877800407331976,1,"159,168,184,190,213,226",6d62028f351eb98b2c4420f1dc13c1be8c9ae7c15717776baaf8a95c02a70f71
pos_train_seq486_hmm_aug006,pos_train_seq486,6,184,171,13,10,0.05434782608695652,0.9456521739130435,1,"24,28,39,57,130,158,173,174,178,181",041ede95de4aad67dbf8c8f6d2920814c26507bd86614ff2cfff7ce9d7e87f14
pos_train_seq487_hmm_aug006,pos_train_seq487,6,454,298,156,12,0.02643171806167401,0.973568281938326,1,"14,33,220,227,230,249,270,277,288,344,382,389",36d15b7ffebe729aedbd68abf859f094c50428fde1615bc9de3de60ea27c2b9e
pos_train_seq488_hmm_aug006,pos_train_seq488,6,419,356,63,22,0.05250596658711217,0.9474940334128878,1,"70,83,100,107,156,160,184,193,218,228,239,278,301,314,315,319,320,330,346,359,368,391",ae033ff2012e8007e1821a9b8dc87ef343a68058b73610cc12aeaa13b046c394
pos_train_seq489_hmm_aug006,pos_train_seq489,6,501,173,328,7,0.013972055888223553,0.9860279441117764,1,"18,38,45,82,98,130,263",b01a175b4e81d08e002631d37db29c7590a29880497983e95e2659298452da86
pos_train_seq490_hmm_aug006,pos_train_seq490,6,136,78,58,6,0.04411764705882353,0.9558823529411765,1,"60,83,117,121,128,131",61c9eef3959b034ecdbe42fb136591221ce2e6a45cb7355c1aa6be2ce5938d07
pos_train_seq491_hmm_aug006,pos_train_seq491,6,383,329,54,17,0.044386422976501305,0.9556135770234987,1,"23,25,56,74,136,151,168,180,195,199,202,215,216,243,255,277,300",c418b0d476a68c6a263566bb0825c00d7e0eeedd89336f2fe44033eaa5a612ca
pos_train_seq492_hmm_aug006,pos_train_seq492,6,508,452,56,23,0.045275590551181105,0.9547244094488189,1,"63,71,73,76,86,88,113,132,133,171,173,248,253,267,335,336,345,376,413,415,427,441,456",900b8bfe801d06ac277600421943fd2d2e19d5971259ce207d1995052045a1cd
pos_train_seq493_hmm_aug006,pos_train_seq493,6,296,133,163,4,0.013513513513513514,0.9864864864864865,1,"54,73,276,290",792e5ef701e59fa5e97888e0a907f0e679dbda5d7a2254393ef8bfd3ce6123b6
pos_train_seq494_hmm_aug006,pos_train_seq494,6,192,191,1,5,0.026041666666666668,0.9739583333333334,1,"24,47,62,71,185",3a773d39c7b3f55f168ad049d33b9fd06a68addb1c0ff5e7f30f7782655fae57
pos_train_seq495_hmm_aug006,pos_train_seq495,6,340,223,117,12,0.03529411764705882,0.9647058823529412,1,"11,32,34,52,196,217,252,261,291,304,328,334",ea8a95fe2566d671c05f0fb4f839ffe374c1f8f883fdc6a82cda2aa74d6e9f52
pos_train_seq496_hmm_aug006,pos_train_seq496,6,403,289,114,12,0.02977667493796526,0.9702233250620348,1,"142,145,158,176,195,208,227,246,267,280,282,330",7c3a2704f04664095a49eb5cea5ab9a0e320fadb0ee85e2d7931a2f9d2bb94d8
pos_train_seq499_hmm_aug006,pos_train_seq499,6,397,242,155,13,0.0327455919395466,0.9672544080604534,1,"123,145,150,167,195,199,218,221,223,275,282,291,293",0a416d12e3e7b00cbdd19c17b6f16c5744f7f0128b37256db090799138033693
pos_train_seq500_hmm_aug006,pos_train_seq500,6,449,312,137,11,0.024498886414253896,0.9755011135857461,1,"14,26,57,75,90,134,150,156,171,190,289",8277340bec94222f4949fb43ce9277c2e7a6c5219a522f6dfa9c9f74cebd3232
pos_train_seq502_hmm_aug006,pos_train_seq502,6,353,172,181,10,0.028328611898016998,0.971671388101983,1,"14,31,53,68,77,102,118,152,170,175",afcf6ece01181dedccdff0b920be48676c05db52816b19ee69ad654fd20da873
pos_train_seq503_hmm_aug006,pos_train_seq503,6,153,12,141,1,0.006535947712418301,0.9934640522875817,1,145,f3c61244aaeb563e6596d8db1e9819c96d7c3573c1f2c48145faacf9595b83cd
pos_train_seq504_hmm_aug006,pos_train_seq504,6,127,127,0,5,0.03937007874015748,0.9606299212598425,1,"5,45,68,69,76",fd7942f9f9806c75ac4f5bb3e5713bbe0b3790d8dc6dac551dad5c8b6425362c
pos_train_seq506_hmm_aug006,pos_train_seq506,6,415,369,46,21,0.05060240963855422,0.9493975903614458,1,"32,38,73,92,104,144,155,156,172,181,182,210,227,230,232,239,241,247,287,344,352",4b4cd5f89bc658b708dab5dd57028a02fb16d6b9be80cc75468bd50b4f813c5a
pos_train_seq507_hmm_aug006,pos_train_seq507,6,443,57,386,1,0.002257336343115124,0.9977426636568849,1,334,e332bb6bafc71a36d7836f096a5e1c4b62cb4d0f6fd0a290b443b3bed0d75c36
pos_train_seq510_hmm_aug006,pos_train_seq510,6,366,30,336,4,0.01092896174863388,0.9890710382513661,1,"129,132,327,339",6d4352e4946165a88499ff67b4d0150125cf19e1c3a8df804c60cdab551096a8
pos_train_seq511_hmm_aug006,pos_train_seq511,6,476,79,397,3,0.0063025210084033615,0.9936974789915967,1,"254,271,276",95ff0e3c67711050b166df7c823a72a22e91a3aaa6cce8ebbfad746369046e9f
pos_train_seq514_hmm_aug006,pos_train_seq514,6,475,327,148,13,0.02736842105263158,0.9726315789473684,1,"178,262,270,279,309,317,366,373,381,416,432,433,466",5b4f444ad0bbd9f3831684329d544a98e6c689623f0c86a9460fdaebc68d7fb4
pos_train_seq515_hmm_aug006,pos_train_seq515,6,361,107,254,2,0.00554016620498615,0.9944598337950139,1,"24,62",0f18daa969701a29e7ff03259747f1b46af1e73e8823c7a06ddd299985de45b8
pos_train_seq518_hmm_aug006,pos_train_seq518,6,429,194,235,7,0.016317016317016316,0.9836829836829837,1,"37,59,132,149,170,421,426",a5c868773b79ff61998c33a34e0194f21a4dd58027fe94b6afd9036c92fd2f87
pos_train_seq519_hmm_aug006,pos_train_seq519,6,358,105,253,10,0.027932960893854747,0.9720670391061452,1,"20,54,67,79,87,90,91,94,104,111",f93942462c3b1df38fb642953c5260e2f438299a4c9f354521826f77cb5a3f18
pos_train_seq520_hmm_aug006,pos_train_seq520,6,254,79,175,2,0.007874015748031496,0.9921259842519685,1,"174,200",352d613616bafa45fc44f25782add822ed8a86b1f98dcc426d707c3702d67cab
pos_train_seq521_hmm_aug006,pos_train_seq521,6,210,1,209,1,0.004761904761904762,0.9952380952380953,1,1,c2b8942e70251cd694b13f604a3dffe98f66df41ea426bdad813f17cbc94123c
pos_train_seq523_hmm_aug006,pos_train_seq523,6,175,37,138,2,0.011428571428571429,0.9885714285714285,1,"143,149",cab75a56650c294cce52644fda9288a3b28e249bbc9c135cd751872b04ee009c
pos_train_seq524_hmm_aug006,pos_train_seq524,6,323,204,119,8,0.02476780185758514,0.9752321981424149,1,"24,46,71,90,115,144,170,191",94ff072761d63d383681378cf51514be59dde82b3d049f364c4d664c8ef5cf0e
pos_train_seq526_hmm_aug006,pos_train_seq526,6,340,88,252,2,0.0058823529411764705,0.9941176470588236,1,"30,56",b06f9cff26318ccf9e83b9fc6b241bf0463c0b7bd3b69555d5536b6ca2ee374f
pos_train_seq527_hmm_aug006,pos_train_seq527,6,150,1,149,1,0.006666666666666667,0.9933333333333333,1,150,f0a615f27d490312e750577e8126aba58db001d7f8daee969327dfaae346a4f7
pos_train_seq528_hmm_aug006,pos_train_seq528,6,266,33,233,3,0.011278195488721804,0.9887218045112782,1,"107,114,130",e13b1a407496abbe13bd7a7dff4a197f655631910460f7e5a1963e70b5e2d2b6
pos_train_seq531_hmm_aug006,pos_train_seq531,6,478,437,41,18,0.03765690376569038,0.9623430962343096,1,"37,72,82,108,138,165,190,197,228,236,262,290,348,394,400,417,418,468",ba1fdbff6dd9593b2c791ddeba5a86a2b04d541ebd24e42b3c75446edbdc11bc
pos_train_seq532_hmm_aug006,pos_train_seq532,6,327,71,256,5,0.01529051987767584,0.9847094801223242,1,"202,219,226,234,313",8504e073724b46aaaa3b226a458604ab28657ad5930a56edca730d434d8e4854
pos_train_seq533_hmm_aug006,pos_train_seq533,6,392,117,275,7,0.017857142857142856,0.9821428571428571,1,"275,292,302,332,362,390,391",9096c8c5129618213eca5906c76283cfd91aa9bda71e638c6a46d4233c491b8a
pos_train_seq534_hmm_aug006,pos_train_seq534,6,440,152,288,9,0.020454545454545454,0.9795454545454545,1,"155,156,158,163,184,351,366,376,430",13a73338be5b0e9e55806194c31d49f689c4028e5c18c55eb51f45196366bbc2
pos_train_seq536_hmm_aug006,pos_train_seq536,6,377,318,59,24,0.0636604774535809,0.9363395225464191,1,"39,103,111,114,115,124,135,148,152,203,232,233,235,259,267,283,286,290,291,292,297,316,343,356",b3764b2f7bf579a057e8f4184abc209e87d8cef532217a2bb613f8072e9f297b
pos_train_seq538_hmm_aug006,pos_train_seq538,6,333,48,285,3,0.009009009009009009,0.990990990990991,1,"270,286,290",91d662a994843c6696b6ccc67e72b7f2bbed545a3dcac534b24101681f22d95e
pos_train_seq540_hmm_aug006,pos_train_seq540,6,140,1,139,1,0.007142857142857143,0.9928571428571429,1,140,89207c492a7409eaaf9568756d6ffda6bca366a06b2c9b1b825998652e1528e1
pos_train_seq541_hmm_aug006,pos_train_seq541,6,156,78,78,7,0.04487179487179487,0.9551282051282052,1,"90,91,93,128,131,141,144",e1821413a7185d7731db83de41c9b3d1b5673b558ba275fc009f209538694212
pos_train_seq543_hmm_aug006,pos_train_seq543,6,294,134,160,5,0.017006802721088437,0.9829931972789115,1,"38,62,63,74,281",7ab86736f1fc92f90b4f13e9d8f7e97cc41de777a007b2e77b961c5eaa77b134
pos_train_seq544_hmm_aug006,pos_train_seq544,6,398,163,235,12,0.03015075376884422,0.9698492462311558,1,"42,50,52,158,161,163,178,276,293,363,364,390",544bb60cad268e21aa6013b9f81cf40aabb291da01a7c32097810c97ea59ea8e
pos_train_seq545_hmm_aug006,pos_train_seq545,6,359,348,11,18,0.05013927576601671,0.9498607242339833,1,"9,69,72,82,92,97,111,134,148,169,197,200,207,211,269,270,313,350",0a69f040d679acd66c43e544359937c3a0525eb6c04521c816bf62d33a0a7f8b
pos_train_seq548_hmm_aug006,pos_train_seq548,6,108,76,32,4,0.037037037037037035,0.962962962962963,1,"65,83,103,104",52ba5b8d346bf88e0fbdbf24e083f7ac457377bf5650d9734486129e6e036a6d
pos_train_seq549_hmm_aug006,pos_train_seq549,6,331,7,324,1,0.0030211480362537764,0.9969788519637462,1,278,e96f6b914c7ebdd97fae8519d79fc0f5b47966c35171f880e58929d8272fa70d
pos_train_seq550_hmm_aug006,pos_train_seq550,6,439,74,365,1,0.002277904328018223,0.9977220956719818,1,149,95820ea8d4b285d3a97ad2d7f6936325ec158a901cb02ad08d99caa5a8ba3e22
pos_train_seq551_hmm_aug006,pos_train_seq551,6,185,135,50,4,0.021621621621621623,0.9783783783783784,1,"62,81,91,114",1433097573fd4d5538c4cd039d0542647b1a254a1226329cf60c6ce335eeb7ac
pos_train_seq552_hmm_aug006,pos_train_seq552,6,103,31,72,2,0.019417475728155338,0.9805825242718447,1,"34,52",29867585ca31b146c38ce9b887a5ee09c9b43a29d5589ee1a229ebaed7aea315
pos_train_seq555_hmm_aug006,pos_train_seq555,6,111,38,73,1,0.009009009009009009,0.990990990990991,1,82,8cf635d131f5c302ccc13153409c75e6daa9c97805dfed3c845e325f171fa7dd
pos_train_seq556_hmm_aug006,pos_train_seq556,6,181,121,60,4,0.022099447513812154,0.9779005524861879,1,"80,134,150,152",1715a770ad2e5fe668f291de70788f648087297d671ac8e96549bc097cbf38b3
pos_train_seq557_hmm_aug006,pos_train_seq557,6,450,415,35,22,0.04888888888888889,0.9511111111111111,1,"22,36,41,62,64,68,92,95,133,176,177,180,196,206,208,211,230,238,250,287,326,449",ac8f9d04a1b4e2b98392638365eb9ccb7332f49bd1693057aebaddd9e9dd80e6
pos_train_seq558_hmm_aug006,pos_train_seq558,6,356,106,250,5,0.014044943820224719,0.9859550561797753,1,"32,36,77,84,85",fc99e317796c686c3ba73d3ed9bcaa1c332d9b14004894376ba46a13c31e0637
pos_train_seq559_hmm_aug006,pos_train_seq559,6,303,255,48,10,0.033003300330033,0.966996699669967,1,"55,72,141,152,166,204,220,223,239,280",093ed1b6ffba76e2e47ca44e63b41ab28716badd4fad7aff819f225a131b18dd
pos_train_seq560_hmm_aug006,pos_train_seq560,6,221,72,149,1,0.004524886877828055,0.995475113122172,1,62,c9fbc60e5b786406fd057e72b0ba626c0fc0721b6a611076fc29c6ffeb1b0af9
pos_train_seq561_hmm_aug006,pos_train_seq561,6,280,141,139,8,0.02857142857142857,0.9714285714285714,1,"30,35,47,53,54,59,102,278",3dded3acff81da8ef5c2f4acaa2b771d4ad71336bf17d34c53a0b456cfdfcc06
pos_train_seq564_hmm_aug006,pos_train_seq564,6,338,63,275,3,0.008875739644970414,0.9911242603550295,1,"149,159,161",eb143f4553b91e6e5ae755f07fcc80822ca9238247f6f58e8266d5c23843721c
pos_train_seq566_hmm_aug006,pos_train_seq566,6,313,195,118,10,0.03194888178913738,0.9680511182108626,1,"23,33,34,55,82,86,94,131,139,176",80a65523a09f6bcf22caf0ee2215320f281e8e0b286dbd3e23cadbea8774998b
pos_train_seq567_hmm_aug006,pos_train_seq567,6,478,87,391,6,0.012552301255230125,0.9874476987447699,1,"30,33,66,68,73,97",e1d2928e787f405b79fe594f8642cbce48b2dddd988a5e541a7b14b0de03cb5a
pos_train_seq568_hmm_aug006,pos_train_seq568,6,390,47,343,1,0.002564102564102564,0.9974358974358974,1,148,91fbbaed73db36ac95ed4f5ed2fb632eb30b6240420d824698ab9b330df79c7b
pos_train_seq569_hmm_aug006,pos_train_seq569,6,332,332,0,18,0.05421686746987952,0.9457831325301205,1,"18,20,27,29,52,77,95,98,158,164,181,204,235,239,252,253,279,320",88ef491956cce459505002f8520f74796077071f669da983b900c744a89f47a6
pos_train_seq570_hmm_aug006,pos_train_seq570,6,456,86,370,8,0.017543859649122806,0.9824561403508771,1,"304,311,324,338,342,346,357,359",64705887216cba23ecb394cb2d5b73f5add6b4ff534e8cfe92f761dd9145bc9c
pos_train_seq572_hmm_aug006,pos_train_seq572,6,160,157,3,11,0.06875,0.93125,1,"6,19,20,25,32,59,116,123,124,140,151",b64b76cb2bd37ec3eb9d142d0feb9f084ad54ccd1edc1182f516a399a1354e4d
pos_train_seq573_hmm_aug006,pos_train_seq573,6,265,131,134,6,0.022641509433962263,0.9773584905660377,1,"137,153,166,199,240,248",2b9a739f57878ff889dcae87579fe795bb5121e2972e254d2555010500e62c59
pos_train_seq574_hmm_aug006,pos_train_seq574,6,392,224,168,11,0.02806122448979592,0.9719387755102041,1,"32,35,137,172,177,185,224,240,243,244,257",5c647481c46bc6097ba82fed86969e9cb20fabd9d621442714134c629236ace4
pos_train_seq576_hmm_aug006,pos_train_seq576,6,443,59,384,1,0.002257336343115124,0.9977426636568849,1,289,e9bc827a32c63b67d802ca9cfc2d0b2c951c4258ef7dedd3349370fc2c8f570f
pos_train_seq577_hmm_aug006,pos_train_seq577,6,281,3,278,1,0.0035587188612099642,0.99644128113879,1,46,1fe86eade5471edd1f07ff10c1cd53e7e77968321b8435735fb00e0474f7694c
pos_train_seq579_hmm_aug006,pos_train_seq579,6,175,36,139,2,0.011428571428571429,0.9885714285714285,1,"156,160",da6f6be2bba68683525c3e02033ace7dc3e9b0c76a10a4110f51812fa357387c
pos_train_seq580_hmm_aug006,pos_train_seq580,6,501,408,93,18,0.03592814371257485,0.9640718562874252,1,"34,37,88,93,149,151,162,197,205,230,258,272,275,341,398,439,467,480",39a0c56645815e5c66a6ef4f49cce97114d09a78ec0aa8b05e9a872251a226e1
pos_train_seq581_hmm_aug006,pos_train_seq581,6,313,155,158,6,0.019169329073482427,0.9808306709265175,1,"12,45,54,62,68,174",262c59f7964f867d9b730dbf059d57ebc5ba516566f9fababfff9563443daf86
pos_train_seq582_hmm_aug006,pos_train_seq582,6,363,160,203,6,0.01652892561983471,0.9834710743801653,1,"19,38,49,337,345,348",a83c78dd1d8402e3d2d831c06809d97cf3fdd8a09d93449433833c6be1521e0f
pos_train_seq583_hmm_aug006,pos_train_seq583,6,407,153,254,17,0.04176904176904177,0.9582309582309583,1,"8,54,64,109,111,126,128,130,131,139,140,144,148,157,161,163,180",fa26d569467cc8831ff959565b81d496580c06db0cec1f1bb24b2b7ee111edcc
pos_train_seq584_hmm_aug006,pos_train_seq584,6,133,119,14,3,0.022556390977443608,0.9774436090225564,1,"17,47,50",09be24325b43691dee50d50f76d01afa146b14cb1d92fe951eb6fcf36a27c680
pos_train_seq585_hmm_aug006,pos_train_seq585,6,411,122,289,3,0.0072992700729927005,0.9927007299270073,1,"253,345,357",d115976e5e0abf3d2133efef70f01cf45d8c83c043a4554b4f212ec2e648d3b1
pos_train_seq587_hmm_aug006,pos_train_seq587,6,163,75,88,1,0.006134969325153374,0.9938650306748467,1,27,a6f28a7117d5f97e0739d43807f6da156ca8f32c93a12732a222e032ef80df43
pos_train_seq591_hmm_aug006,pos_train_seq591,6,444,254,190,10,0.02252252252252252,0.9774774774774775,1,"178,179,192,210,267,285,315,318,363,436",3fbd25e89cb2d28162644e1435d8d228edecc25039c24662567940ed30d982ba
pos_train_seq0_hmm_aug007,pos_train_seq0,7,496,354,142,19,0.038306451612903226,0.9616935483870968,1,"59,64,148,202,208,222,241,249,252,261,279,289,312,314,316,338,359,397,434",120ed5b7ca9739ddbe1304375910ea540ab9cededcb43f3f22f57231dd0e89c6
pos_train_seq1_hmm_aug007,pos_train_seq1,7,231,231,0,12,0.05194805194805195,0.948051948051948,1,"30,41,57,84,94,96,103,109,115,136,151,161",92dba80a5068fe5b15a49995b4c4b8f7d3cd419c8fe87279ab44a36b79ff8f85
pos_train_seq2_hmm_aug007,pos_train_seq2,7,163,78,85,5,0.03067484662576687,0.9693251533742331,1,"39,57,62,68,80",8c2cad4740d5a1c217b3a91415133b708b30814c76291d4c68137b32a9c31fdc
pos_train_seq3_hmm_aug007,pos_train_seq3,7,157,120,37,3,0.01910828025477707,0.9808917197452229,1,"70,85,133",75d282eb529035ff95635b79a5c1d43ad2659cbf5a4a51d8a5402976dfdb7790
pos_train_seq7_hmm_aug007,pos_train_seq7,7,480,148,332,6,0.0125,0.9875,1,"120,131,165,177,299,317",56d7ad2c4709bd01b422777a31e74528355e9557e7da5d463a0ccb8ab767394a
pos_train_seq8_hmm_aug007,pos_train_seq8,7,180,1,179,1,0.005555555555555556,0.9944444444444445,1,97,ea1313cf7468228b2fee4dded0037f45e8445c246adf77f1087b1961aa711914
pos_train_seq10_hmm_aug007,pos_train_seq10,7,474,318,156,14,0.029535864978902954,0.9704641350210971,1,"31,101,102,118,143,153,162,163,171,199,249,282,454,461",644539fc9a63ca7031888202eaba9f41efa860e62888e5f78e5f84ac3993df5a
pos_train_seq11_hmm_aug007,pos_train_seq11,7,378,159,219,12,0.031746031746031744,0.9682539682539683,1,"34,46,59,100,120,127,128,138,153,164,174,188",7898007e09038515a21fea781f477d4115fd56a97625d429993e16711f2f164a
pos_train_seq12_hmm_aug007,pos_train_seq12,7,359,6,353,1,0.002785515320334262,0.9972144846796658,1,183,528c724c8bf943052a4766051d9bd6f78864067768cd582755173a1a0151dd92
pos_train_seq14_hmm_aug007,pos_train_seq14,7,501,305,196,13,0.02594810379241517,0.9740518962075848,1,"26,91,93,116,128,147,158,169,179,240,293,335,341",301c6904fd129e6042b5f6d8a63f0129fc2280d31e05f8b95119aba6cda21815
pos_train_seq16_hmm_aug007,pos_train_seq16,7,461,210,251,10,0.021691973969631236,0.9783080260303688,1,"31,48,80,81,98,124,133,165,409,415",90dce579396695834135515eb708d542b7b6d7b8ea627996cec581241bb21264
pos_train_seq17_hmm_aug007,pos_train_seq17,7,280,124,156,9,0.03214285714285714,0.9678571428571429,1,"36,38,39,47,228,230,265,270,274",aefc80b22917022f2b379257b80afa21ffad2a3365f4d28ed4613f5d81a611fe
pos_train_seq18_hmm_aug007,pos_train_seq18,7,184,171,13,6,0.03260869565217391,0.967391304347826,1,"60,80,89,105,145,167",76e7cd931279fcca2079ee8be73fbd236eb975655840c66051b97ea21553829f
pos_train_seq19_hmm_aug007,pos_train_seq19,7,501,305,196,12,0.023952095808383235,0.9760479041916168,1,"96,100,106,152,179,230,239,286,303,315,333,334",6b21df12648622d7c51d946c1c57e48156999bcf2aabbd308621e5c9e9d0daf2
pos_train_seq24_hmm_aug007,pos_train_seq24,7,165,4,161,1,0.006060606060606061,0.9939393939393939,1,159,80b4a1ea1b300f74af32d50a2f82ff207a9c3ed506800ee36fe8315e7f386ade
pos_train_seq25_hmm_aug007,pos_train_seq25,7,198,190,8,11,0.05555555555555555,0.9444444444444444,1,"18,20,80,92,101,112,124,140,151,175,177",26b3a706c26ceba925ad331dcbbd1a3cd43505c20837cce1172fa6b1e3868388
pos_train_seq28_hmm_aug007,pos_train_seq28,7,391,312,79,25,0.0639386189258312,0.9360613810741688,1,"26,33,49,61,64,125,133,151,176,192,198,202,205,208,215,218,248,253,269,275,292,302,303,306,316",5839265e22bb2b835b285939585c8e1705e9c88962f6cf5caa14aa0fe16d0e93
pos_train_seq29_hmm_aug007,pos_train_seq29,7,267,135,132,3,0.011235955056179775,0.9887640449438202,1,"85,160,168",9b2635e06a0069d4095ad75ba0c6c6307091bdd55ca03235ecbb32b8b211b549
pos_train_seq31_hmm_aug007,pos_train_seq31,7,388,18,370,1,0.002577319587628866,0.9974226804123711,1,364,c9ef7935a5444db72522f379234e66cef18eebedd7845548499736f9c5ab55ed
pos_train_seq32_hmm_aug007,pos_train_seq32,7,240,131,109,7,0.029166666666666667,0.9708333333333333,1,"85,106,111,139,149,154,166",2e22c0c12ec64876594a518971bb9a975e898f1bdf43636c82859e830b975dad
pos_train_seq33_hmm_aug007,pos_train_seq33,7,495,493,2,30,0.06060606060606061,0.9393939393939394,1,"10,21,40,55,60,62,88,98,118,139,146,148,153,191,203,205,234,258,266,303,336,346,365,373,380,387,408,425,485,487",cee37126264e4b0725340c1e3abc20d3caf631f8f73d71a8133f3a36e3979f50
pos_train_seq34_hmm_aug007,pos_train_seq34,7,357,189,168,5,0.014005602240896359,0.9859943977591037,1,"1,29,273,316,356",e83c69d1ae00bbc75e6be1bc01f2a7723f84ab3ddebd53c8b6eca6193743c85e
pos_train_seq35_hmm_aug007,pos_train_seq35,7,214,135,79,7,0.03271028037383177,0.9672897196261683,1,"113,116,140,164,172,179,180",0c6b8ee1382f4077fde94128b77c06f9d2b75394cb1691f86247f40f43edfe71
pos_train_seq36_hmm_aug007,pos_train_seq36,7,412,405,7,20,0.04854368932038835,0.9514563106796117,1,"33,59,71,83,91,159,163,188,245,264,275,316,331,337,346,362,363,379,380,410",13183efb808282c34273290e99130cd285432cbc28548a21194e576d8e2c53b9
pos_train_seq37_hmm_aug007,pos_train_seq37,7,213,94,119,4,0.018779342723004695,0.9812206572769953,1,"45,48,205,210",d6ddd15f29cecf2ff5c614e653cdb03bb4b93e845b07f2904dd933a0793405f5
pos_train_seq38_hmm_aug007,pos_train_seq38,7,352,148,204,7,0.019886363636363636,0.9801136363636364,1,"151,188,227,255,259,264,278",de787bc17fe037605033a91eb4b58dbd1a61d65d2768a2f8e6328d896a5d66ff
pos_train_seq39_hmm_aug007,pos_train_seq39,7,328,108,220,4,0.012195121951219513,0.9878048780487805,1,"268,281,311,323",fe743db9271dcbd2815645af54e5d2df469a7dad0bc6f7a955f351e9ec933cec
pos_train_seq42_hmm_aug007,pos_train_seq42,7,387,240,147,8,0.020671834625323,0.979328165374677,1,"9,13,90,141,166,198,224,227",01696bafa502ddcf1ce28529641edf74ff4ac306e059e044d0455b1f7c41efbc
pos_train_seq44_hmm_aug007,pos_train_seq44,7,452,227,225,16,0.035398230088495575,0.9646017699115044,1,"232,247,259,279,298,307,314,325,346,353,365,379,427,428,440,443",83059d9fd27bc98e5a9c15d0d697587c3bcf44f976c6f48c9f0524443d4fe0e7
pos_train_seq45_hmm_aug007,pos_train_seq45,7,429,252,177,15,0.03496503496503497,0.965034965034965,1,"64,73,91,160,174,185,205,266,270,273,274,278,315,318,320",87106d028a0c4a820f111e287f34f5710ab77acfb05c3f9b34ddfa5d0dccb7e0
pos_train_seq46_hmm_aug007,pos_train_seq46,7,392,47,345,3,0.007653061224489796,0.9923469387755102,1,"133,135,136",2158530c713251138fbeafde766599ce1ff25f83f4fc6f9553eeeab090fb4ac2
pos_train_seq47_hmm_aug007,pos_train_seq47,7,127,126,1,7,0.05511811023622047,0.9448818897637795,1,"6,27,31,48,76,95,102",8f312dcbddc10fb67d74677c42b97daddce26242d40c4867ecd8fb5347ff2631
pos_train_seq50_hmm_aug007,pos_train_seq50,7,343,145,198,10,0.029154518950437316,0.9708454810495627,1,"223,236,252,255,265,274,280,288,293,320",deea994544610066563bed444b7616e0cdc58f16418d627405f67e65545d34ee
pos_train_seq51_hmm_aug007,pos_train_seq51,7,401,12,389,1,0.0024937655860349127,0.9975062344139651,1,315,9b35a491ece5d9d2e0e2aa6f0e35371cb58db5de185936f0da3635a63be59052
pos_train_seq52_hmm_aug007,pos_train_seq52,7,175,37,138,1,0.005714285714285714,0.9942857142857143,1,2,7dbac5a51aa1a9206c1b4cf68c26d0a31521323c92b8fbc53f5c79f5d790c854
pos_train_seq54_hmm_aug007,pos_train_seq54,7,376,282,94,15,0.0398936170212766,0.9601063829787234,1,"8,23,44,58,100,221,226,266,304,307,309,320,327,339,344",48a3836e0893d4f6986a1abbf4721c6d928b9a4e5acc50f5c4780a4608197b49
pos_train_seq55_hmm_aug007,pos_train_seq55,7,393,186,207,10,0.02544529262086514,0.9745547073791349,1,"111,121,151,155,162,180,181,197,230,343",8b1fb8a610aaef8ef830b89b300489f94a259c27c37758f85c4597d063954e84
pos_train_seq57_hmm_aug007,pos_train_seq57,7,246,35,211,1,0.0040650406504065045,0.9959349593495935,1,239,99e669ec01193971e77060c170a6651ea5d2628169267287cb18cd14f77c96b5
pos_train_seq59_hmm_aug007,pos_train_seq59,7,185,137,48,4,0.021621621621621623,0.9783783783783784,1,"46,147,155,174",c96b22883d70c93a9ab7c61da96f29c73046056fa3424d9dd0d80458805b21c8
pos_train_seq60_hmm_aug007,pos_train_seq60,7,341,304,37,16,0.0469208211143695,0.9530791788856305,1,"51,58,73,77,115,148,174,204,205,214,216,226,265,281,302,303",7777fcf7672ad1a94429faec2c8efea7078810bb110d7e9f60533ffda0527a7a
pos_train_seq65_hmm_aug007,pos_train_seq65,7,341,271,70,20,0.05865102639296188,0.9413489736070382,1,"75,78,99,100,101,116,119,126,129,148,156,169,175,182,187,243,259,265,286,318",1be938050e30ef8de19619010b9c8e4df3dfcab211ddea35d3f1dd4f71ca66a1
pos_train_seq66_hmm_aug007,pos_train_seq66,7,481,468,13,28,0.058212058212058215,0.9417879417879418,1,"20,43,54,100,130,137,156,163,167,195,205,206,209,210,240,265,304,328,331,338,354,395,396,404,411,434,439,442",3d5802f974ebe5684af83055db95366438b46033b3fe39f249ac3e574fb35de5
pos_train_seq67_hmm_aug007,pos_train_seq67,7,326,314,12,13,0.03987730061349693,0.9601226993865031,1,"31,38,48,50,74,83,91,145,184,190,209,250,324",1829997bccd0276b1e8026c69e53ebd1cf69c3f98036f7741692b63343c0caec
pos_train_seq68_hmm_aug007,pos_train_seq68,7,341,228,113,13,0.03812316715542522,0.9618768328445748,1,"16,36,57,73,77,93,108,129,253,257,266,288,307",5ccc8fb4ae932ee444759f3e10713731d81f45ddbf7ad54ed0d6e2f7c3ddad87
pos_train_seq69_hmm_aug007,pos_train_seq69,7,394,379,15,28,0.07106598984771574,0.9289340101522843,1,"34,70,76,78,82,85,90,103,112,134,140,142,164,205,224,235,243,258,259,298,318,325,343,354,362,367,376,382",fa5c04ac9471c0f3dc8c1be59d5d32ca914e090fa7926b9e87645b2d0141eabd
pos_train_seq70_hmm_aug007,pos_train_seq70,7,130,78,52,5,0.038461538461538464,0.9615384615384616,1,"37,39,54,70,108",4877dd55c461516c8c73db44f12b1e891f6f0132910b6b8a1f35a63d5a278ba5
pos_train_seq73_hmm_aug007,pos_train_seq73,7,201,191,10,11,0.05472636815920398,0.945273631840796,1,"29,68,72,75,114,129,142,156,165,169,189",04d0d91fbde10de370aafbfa29e7104ac0643c3a5bfd0b51ba266712142333ca
pos_train_seq75_hmm_aug007,pos_train_seq75,7,501,173,328,4,0.007984031936127744,0.9920159680638723,1,"44,59,75,87",291bc2a68fda085c6dd5a718ba78346a6bf652fcdc525a93a8e606b23c80a24b
pos_train_seq76_hmm_aug007,pos_train_seq76,7,183,123,60,10,0.0546448087431694,0.9453551912568307,1,"34,41,49,79,81,112,114,115,126,129",46a776d004f6814dd2b2cdb889e63393c012638ef91a1c473e1d21da364da56c
pos_train_seq79_hmm_aug007,pos_train_seq79,7,178,157,21,8,0.0449438202247191,0.9550561797752809,1,"70,92,94,105,106,121,133,136",d527e30b6b1ae2afd3e3bfcc56130ea10d313c657272502c01a0a938bc42f9c2
pos_train_seq80_hmm_aug007,pos_train_seq80,7,427,281,146,20,0.0468384074941452,0.9531615925058547,1,"123,129,130,141,153,158,173,175,183,194,203,216,240,262,283,388,400,406,412,413",7a569e65e69a146ac062f2e5501128008c6229ee0732fb96704aa4b573087613
pos_train_seq82_hmm_aug007,pos_train_seq82,7,479,466,13,20,0.04175365344467641,0.9582463465553236,1,"15,74,88,92,135,210,213,224,238,300,308,340,345,350,369,423,440,445,457,467",bddeea52d3b7c985c2c57f58bce678108e80371b0df42f4aec8f3621784fbd19
pos_train_seq86_hmm_aug007,pos_train_seq86,7,377,318,59,16,0.042440318302387266,0.9575596816976127,1,"14,27,100,106,114,160,167,176,183,207,209,211,230,275,290,360",3cd53f2b82f26bd109a9e62c3c52504c24dbd110c0d33b8035286bc40953115f
pos_train_seq87_hmm_aug007,pos_train_seq87,7,321,199,122,7,0.021806853582554516,0.9781931464174455,1,"117,139,140,184,217,259,277",93ca03e3775897fe03d33f57f7a43151fc25e83508996aa012d86c71f5effd7f
pos_train_seq89_hmm_aug007,pos_train_seq89,7,493,325,168,15,0.030425963488843813,0.9695740365111561,1,"58,75,100,102,147,186,219,233,246,297,333,337,340,356,363",e1ca3925216ca036119209bf20982332da5d5e361a78030b7bfd3f46fa45fbcf
pos_train_seq90_hmm_aug007,pos_train_seq90,7,435,229,206,8,0.01839080459770115,0.9816091954022989,1,"117,126,206,280,288,342,370,407",ea99643077c5477e51a4f2133b8ddf04f96b20b2e01018d6c14772447d670f06
pos_train_seq91_hmm_aug007,pos_train_seq91,7,472,313,159,14,0.029661016949152543,0.9703389830508474,1,"2,5,14,19,102,107,127,131,161,188,310,331,347,355",3d65cb7d079fd45c0d0ce27020d98a9b990170d14b594a568d7595b86aafbb00
pos_train_seq93_hmm_aug007,pos_train_seq93,7,316,127,189,9,0.028481012658227847,0.9715189873417721,1,"28,63,75,82,92,95,128,132,153",52873e03ef4252d15101458e82a4610ef4e18b24cb649e157714ece155145594
pos_train_seq94_hmm_aug007,pos_train_seq94,7,422,246,176,19,0.045023696682464455,0.9549763033175356,1,"40,46,54,57,63,64,94,104,107,113,124,125,129,136,172,191,213,353,357",b6b8acf467137cfc7a5f835d8b3d09df34e747e1ca7d0540b17b64873d384640
pos_train_seq95_hmm_aug007,pos_train_seq95,7,341,168,173,6,0.017595307917888565,0.9824046920821115,1,"13,20,55,101,104,122",6eb05ede449e2bda1367562b4e2b77654f847581ac715556c70f7ebe03bb0c5d
pos_train_seq96_hmm_aug007,pos_train_seq96,7,336,214,122,17,0.050595238095238096,0.9494047619047619,1,"23,43,72,83,85,102,112,137,253,257,272,275,280,311,333,335,336",1b61cdad0ddc08e123ccf19649d29accad08fe08c6b48168c0e69453b16c1010
pos_train_seq97_hmm_aug007,pos_train_seq97,7,191,117,74,3,0.015706806282722512,0.9842931937172775,1,"44,157,172",2f339159254e2c154156451a9a44ff65d971808aa6dc5b61a686b666fe22b6cc
pos_train_seq98_hmm_aug007,pos_train_seq98,7,178,107,71,6,0.033707865168539325,0.9662921348314607,1,"77,89,92,130,138,152",b5f484bcff898f05ddbf85659cafcfdc93b5ef8e511dae446187a36481b1b422
pos_train_seq99_hmm_aug007,pos_train_seq99,7,125,114,11,2,0.016,0.984,1,"84,101",d46f4084d930170bde0a195f24d36518f490acfc490bd99624de8470a482538f
pos_train_seq101_hmm_aug007,pos_train_seq101,7,297,210,87,7,0.02356902356902357,0.9764309764309764,1,"53,87,92,105,134,162,204",51bc096f52ca0b3213edd366587ff65b1fa9d7017eebf2dda5260f0c17a02704
pos_train_seq103_hmm_aug007,pos_train_seq103,7,426,256,170,18,0.04225352112676056,0.9577464788732395,1,"36,39,43,44,46,79,89,105,115,123,140,141,173,186,209,228,231,234",e9179e8e12373007d2f40cc33c203217de1bf4a30285e942505a86f6c72c0907
pos_train_seq104_hmm_aug007,pos_train_seq104,7,332,326,6,17,0.05120481927710843,0.9487951807228916,1,"9,40,61,80,83,127,143,162,165,170,176,191,192,201,211,268,283",531c067525014be51bcd4e7991d019acbb4acf94ba1447ba855cc64a09006c65
pos_train_seq105_hmm_aug007,pos_train_seq105,7,380,78,302,2,0.005263157894736842,0.9947368421052631,1,"269,377",a31b37a47abd0c44f4f7188590acf11f21cd3f07c54f082150b0a13e288b6ced
pos_train_seq106_hmm_aug007,pos_train_seq106,7,320,156,164,12,0.0375,0.9625,1,"14,30,36,46,60,71,110,114,115,133,138,149",159dcbd609e975d0c47f274588443438e8b6896873f28ba8b233de6e650d5e2b
pos_train_seq107_hmm_aug007,pos_train_seq107,7,219,162,57,7,0.0319634703196347,0.9680365296803652,1,"32,68,76,77,139,141,162",4d49ca6b89c2220d30c6c14d8a6b30b7734c6d932bab5dafcf9f25c75eedb06a
pos_train_seq108_hmm_aug007,pos_train_seq108,7,189,181,8,6,0.031746031746031744,0.9682539682539683,1,"8,20,55,57,114,136",04ca89273acdffe2d1d7466581fe70e2d31abb588cb52fd4029430b0461d3d73
pos_train_seq109_hmm_aug007,pos_train_seq109,7,244,75,169,3,0.012295081967213115,0.9877049180327869,1,"99,106,138",237e992d13c0f93c978724744868012dd0f99a0281ea4d82a0ab1ed3918d8454
pos_train_seq112_hmm_aug007,pos_train_seq112,7,194,36,158,3,0.015463917525773196,0.9845360824742269,1,"45,65,66",a35a87fabf54c7814bae157884fac4cfe4295978750bca95d527e658edf3a28f
pos_train_seq113_hmm_aug007,pos_train_seq113,7,427,344,83,18,0.04215456674473068,0.9578454332552693,1,"15,26,28,30,33,34,35,36,84,206,220,247,256,275,338,348,359,423",0ee84f91ac934eea206c240e966885da70de065d424cd9f3a87132e522fa9e45
pos_train_seq116_hmm_aug007,pos_train_seq116,7,272,267,5,17,0.0625,0.9375,1,"38,42,43,61,64,73,89,120,123,126,199,210,214,231,251,257,264",5eab87b4928aab1b73d680f5306d31f6a3bc133e183f4a65ca456f0eb844b2b0
pos_train_seq118_hmm_aug007,pos_train_seq118,7,339,177,162,9,0.02654867256637168,0.9734513274336283,1,"185,193,223,268,281,309,317,336,339",7a07535b36eee3c4cb0f26e15d121654343ca381a782de4aaa16aa6a3a3e1dd1
pos_train_seq119_hmm_aug007,pos_train_seq119,7,471,157,314,9,0.01910828025477707,0.9808917197452229,1,"78,102,114,141,147,173,174,198,205",84dbbb278660972b2e1b4c3c2d9faa86d2599bde8b51cae3004b111f82c8974e
pos_train_seq121_hmm_aug007,pos_train_seq121,7,172,131,41,10,0.05813953488372093,0.9418604651162791,1,"31,57,62,74,81,84,127,128,142,150",647f3af7b01bd4d1fe91b54efb32ab80a9922fa55a50e141ef6d2414a532dd17
pos_train_seq122_hmm_aug007,pos_train_seq122,7,175,157,18,8,0.045714285714285714,0.9542857142857143,1,"22,28,52,92,133,142,145,148",d48cabfb925ae5add1924f92c6c8784b8d2630ef39fb92b1a245899a392c8950
pos_train_seq123_hmm_aug007,pos_train_seq123,7,175,37,138,6,0.03428571428571429,0.9657142857142857,1,"145,147,152,158,160,167",f9f6358cc6f82dcd09a37ad70fd75d80e48748cafa0e3f219c4ef72fab0f8223
pos_train_seq124_hmm_aug007,pos_train_seq124,7,375,285,90,18,0.048,0.952,1,"11,25,27,29,57,78,118,129,134,141,200,227,228,234,239,257,260,294",618e516ba442fc3a681eeffe0bbbf98ca2aae982f943aaa3c929a9a5f34c11fe
pos_train_seq126_hmm_aug007,pos_train_seq126,7,196,188,8,7,0.03571428571428571,0.9642857142857143,1,"15,41,56,60,140,159,171",43499166fcb901f3950931f948f00e5af09541eb4b15683661a6025f6c3fd4fc
pos_train_seq127_hmm_aug007,pos_train_seq127,7,454,363,91,21,0.046255506607929514,0.9537444933920705,1,"93,103,114,117,129,181,184,204,213,230,240,247,250,268,292,310,319,365,367,406,432",81117f122581354b7d7c8c7e4c069f395b3cfc2e3ff95ba5d5e2ff37edff5f15
pos_train_seq129_hmm_aug007,pos_train_seq129,7,385,19,366,2,0.005194805194805195,0.9948051948051948,1,"319,330",92f06f06fe326842ca5327237367429fba0edd8a4b5cf071a9ec3a037f6af92d
pos_train_seq130_hmm_aug007,pos_train_seq130,7,307,47,260,1,0.003257328990228013,0.996742671009772,1,166,166af21b399d9fe5453641679fd43cca142a53b7a2264d0411ec0c3808114c73
pos_train_seq132_hmm_aug007,pos_train_seq132,7,241,59,182,3,0.012448132780082987,0.9875518672199171,1,"172,177,193",9f5a517597b125447b97efc0fc5e9b1626a1b75efd829c98320a31e22e2e4f08
pos_train_seq133_hmm_aug007,pos_train_seq133,7,284,83,201,5,0.017605633802816902,0.9823943661971831,1,"83,92,96,119,143",3a91300137ccdacf14319a164ba07338801b968ab29abaac3f7f1dbdda8e41c7
pos_train_seq135_hmm_aug007,pos_train_seq135,7,185,73,112,5,0.02702702702702703,0.972972972972973,1,"32,69,146,157,167",f1074e09bc5815b3b00a6a37bbd42ecaf017fac9475ac1f17bf9d3ea819e37a2
pos_train_seq137_hmm_aug007,pos_train_seq137,7,435,239,196,11,0.02528735632183908,0.9747126436781609,1,"5,22,25,41,43,54,71,73,179,184,194",261696bf95a4a7119a3d199dd7bd99f145cdc3e268ec625d63f31a976bf6275d
pos_train_seq138_hmm_aug007,pos_train_seq138,7,452,88,364,5,0.011061946902654867,0.9889380530973452,1,"41,44,57,75,96",e4c1c58b893d01202eb9c4a38858d9df96137481c595b9f3da3fbbd3fb90eb98
pos_train_seq139_hmm_aug007,pos_train_seq139,7,297,179,118,11,0.037037037037037035,0.962962962962963,1,"20,78,87,90,95,113,116,251,277,288,295",5a4a9778d3cfca94cae96672f25a99d4e5f3ac10c696faeaf767dc05230a511f
pos_train_seq140_hmm_aug007,pos_train_seq140,7,414,249,165,15,0.036231884057971016,0.9637681159420289,1,"18,23,36,43,44,56,64,71,102,124,143,157,185,237,254",dc02aef47a4e57a4b046900e07a1d4f22acd359ad4251f22645d62e8bc227c49
pos_train_seq143_hmm_aug007,pos_train_seq143,7,454,373,81,16,0.03524229074889868,0.9647577092511013,1,"98,100,163,171,174,217,236,237,265,275,299,303,340,344,347,386",34eedf5fa38997264066bf299bbf9afc1a6bcb9d1faa62d3c4b7d375545e4666
pos_train_seq144_hmm_aug007,pos_train_seq144,7,437,99,338,3,0.006864988558352402,0.9931350114416476,1,"97,98,122",1ea6532b139de9377c718891578d38e7cec51bf88607f2db9e80f350732e5302
pos_train_seq145_hmm_aug007,pos_train_seq145,7,441,4,437,1,0.0022675736961451248,0.9977324263038548,1,351,bce9a503e0ca0ac800d2e2f0a8a6ec92468b51e43fe9fef493cdc130760e3f04
pos_train_seq146_hmm_aug007,pos_train_seq146,7,196,39,157,1,0.00510204081632653,0.9948979591836735,1,105,90ad3e865ee5ebe3d7c622cdd1ad54564c72461d823bb859f3fb229f43acb20f
pos_train_seq148_hmm_aug007,pos_train_seq148,7,475,327,148,21,0.04421052631578947,0.9557894736842105,1,"159,183,185,186,208,216,231,235,290,293,300,308,329,345,353,355,406,430,435,452,462",c0f571963b18c8db59e09c120c4b0ac4dcbd69815a88ee8243c1433d39077ecf
pos_train_seq151_hmm_aug007,pos_train_seq151,7,414,360,54,15,0.036231884057971016,0.9637681159420289,1,"11,13,18,77,88,92,94,100,151,166,243,266,338,345,396",79ec336de7c7529a468f04c2cb9778072b5bce6d2dbd4ad6407d3bb7c0f794a5
pos_train_seq153_hmm_aug007,pos_train_seq153,7,163,75,88,6,0.03680981595092025,0.9631901840490797,1,"17,35,40,54,56,72",b3e314996921d5923a8ed0ed7b9a08b581cbfd90622208cf040a793a758e8843
pos_train_seq155_hmm_aug007,pos_train_seq155,7,471,138,333,7,0.014861995753715499,0.9851380042462845,1,"26,49,50,91,98,104,144",3c587bd3ac77638fdf46ebe0bffad70578a21a4f61fa5976ff1cd1eed6223fbd
pos_train_seq157_hmm_aug007,pos_train_seq157,7,268,245,23,6,0.022388059701492536,0.9776119402985075,1,"16,32,38,194,218,220",a2dba3f91feaaf935e388a605bb27d6050beba6e59303cee9da459037e6920c4
pos_train_seq158_hmm_aug007,pos_train_seq158,7,214,189,25,7,0.03271028037383177,0.9672897196261683,1,"47,53,126,166,172,175,179",5bf22c02167c545393f262d5003e96d7c73439684ddb383078ffa8eff3d33556
pos_train_seq160_hmm_aug007,pos_train_seq160,7,311,155,156,9,0.028938906752411574,0.9710610932475884,1,"33,40,43,45,68,108,132,150,172",42979102c79f7c360f8796427dd698aeb45051b7b0b92a4225a7fb3d16d23baa
pos_train_seq161_hmm_aug007,pos_train_seq161,7,501,84,417,5,0.00998003992015968,0.9900199600798403,1,"316,322,349,352,367",00ede654dab5c7220a69e00c163f0ca6c06fdf436f10f8837548680bf4153010
pos_train_seq163_hmm_aug007,pos_train_seq163,7,163,72,91,5,0.03067484662576687,0.9693251533742331,1,"12,27,48,66,82",09c01f0b8e7a1ffc66a84de5386e7fead79364942b5feeb92e237ae14bee6658
pos_train_seq165_hmm_aug007,pos_train_seq165,7,457,403,54,21,0.045951859956236324,0.9540481400437637,1,"49,88,110,120,129,148,200,255,288,292,332,335,344,399,409,414,417,419,428,434,437",03e5aae58bb32d8ae5f7d773de98b423a32e263acb6320d6f37240104987fff5
pos_train_seq166_hmm_aug007,pos_train_seq166,7,178,165,13,10,0.056179775280898875,0.9438202247191011,1,"30,31,35,61,126,130,132,151,160,166",0da69461a2053c9c037d59d97d08bfaba3e4202402d4f892bc81aaf7f6dfb2aa
pos_train_seq169_hmm_aug007,pos_train_seq169,7,130,23,107,2,0.015384615384615385,0.9846153846153847,1,"65,77",7c091b10256b38ef565730d152507e3aff60ae18e7d0cb1e41f37347dee5a98e
pos_train_seq171_hmm_aug007,pos_train_seq171,7,69,5,64,1,0.014492753623188406,0.9855072463768116,1,37,e42687bae6e407a4d81d02ea48d13ad5e7d984f5a86cbaf198220262ad096ac5
pos_train_seq173_hmm_aug007,pos_train_seq173,7,431,258,173,10,0.02320185614849188,0.9767981438515081,1,"44,46,70,101,108,193,198,225,229,245",ae3041057cd2c0c16237dc6ceff6b585b55a674c8aa7bb04e2f933f49864dcb7
pos_train_seq174_hmm_aug007,pos_train_seq174,7,453,50,403,5,0.011037527593818985,0.988962472406181,1,"20,22,33,93,101",93897d67ec3dc9a15de5d31ffa38908ef2ec32fdbee624c9104c3dc70c97f41a
pos_train_seq176_hmm_aug007,pos_train_seq176,7,175,37,138,2,0.011428571428571429,0.9885714285714285,1,"152,154",ad544781777b8354dbfc0e227e0b02730bbafa6d314a1532e5783fe3d33ef6c9
pos_train_seq178_hmm_aug007,pos_train_seq178,7,321,1,320,1,0.003115264797507788,0.9968847352024922,1,321,6c76a6dade5523f842f4ee70f22a614a804e9dc7662bd45cba1aeaede19757dc
pos_train_seq179_hmm_aug007,pos_train_seq179,7,134,7,127,1,0.007462686567164179,0.9925373134328358,1,30,82f1dac85eab6be6209fee25e713e6de8c0c0eea21a636e2f28907cfe1bed7a7
pos_train_seq180_hmm_aug007,pos_train_seq180,7,405,23,382,1,0.0024691358024691358,0.9975308641975309,1,35,97cbef034db922e4c4342287a4927212dae7218b02eb1f421511e8195bde0389
pos_train_seq181_hmm_aug007,pos_train_seq181,7,175,36,139,1,0.005714285714285714,0.9942857142857143,1,133,4271c652cd2c8ea28613b112a8a4c0e4d8a3c37dacc97e8a7fdcf11f11bf7944
pos_train_seq183_hmm_aug007,pos_train_seq183,7,412,411,1,27,0.06553398058252427,0.9344660194174758,1,"15,25,35,53,70,71,73,85,121,140,172,182,198,199,216,238,244,248,262,310,311,328,346,350,357,360,412",7ef1933b7bd28746c944daa40439abbc9a35923c042227606a48c1a7cb9517ca
pos_train_seq184_hmm_aug007,pos_train_seq184,7,158,145,13,4,0.02531645569620253,0.9746835443037974,1,"16,18,143,144",56169f82180a1426cbc006ca211d5ce6fceec371c8a623ec349c704563fe25ed
pos_train_seq185_hmm_aug007,pos_train_seq185,7,494,236,258,15,0.030364372469635626,0.9696356275303644,1,"2,21,34,35,40,56,64,67,144,153,164,175,178,191,204",44360403114376a72ee05788ce5311d58305ae859efdb0f636aa45a4523de53e
pos_train_seq186_hmm_aug007,pos_train_seq186,7,240,1,239,1,0.004166666666666667,0.9958333333333333,1,1,67f51e755c61cdebe84815f309f757c08a4481698fb48437cee2200a69e6bd7d
pos_train_seq187_hmm_aug007,pos_train_seq187,7,136,106,30,10,0.07352941176470588,0.9264705882352942,1,"34,39,56,57,88,98,103,116,129,131",47558e0082ca7d6477a5a6f08f44931445300741ba561429d9e5d3d2ae1a52ca
pos_train_seq188_hmm_aug007,pos_train_seq188,7,326,211,115,13,0.03987730061349693,0.9601226993865031,1,"47,73,79,100,103,127,137,140,200,201,296,301,312",13596096bd045872750f6680f2a29ece57bdeed21d0ffa98ed53bf7863c64eba
pos_train_seq189_hmm_aug007,pos_train_seq189,7,180,158,22,6,0.03333333333333333,0.9666666666666667,1,"26,42,60,108,135,175",02c5dcd34aec5be94baa415e7dd96efa6a7b54af49b23bbd64aaeb9f1e7f4c11
pos_train_seq190_hmm_aug007,pos_train_seq190,7,255,239,16,11,0.043137254901960784,0.9568627450980393,1,"12,56,73,98,102,110,169,188,206,230,236",32d28995750d0b002110214a6514feedf6c316d36831404735164adb3355f6db
pos_train_seq191_hmm_aug007,pos_train_seq191,7,175,36,139,2,0.011428571428571429,0.9885714285714285,1,"160,161",c43949167e7dbf19fe2a9b62cdd3f256d2eac4cc990d36a1e49c913c643c02b2
pos_train_seq193_hmm_aug007,pos_train_seq193,7,213,136,77,12,0.056338028169014086,0.9436619718309859,1,"91,92,112,118,130,152,159,163,165,169,176,183",a1d20a1bc3cded33f4694a41b9cb23f4a40e64bae93c28dc1fb4eb411e02091b
pos_train_seq195_hmm_aug007,pos_train_seq195,7,483,372,111,17,0.035196687370600416,0.9648033126293996,1,"123,169,176,198,202,207,224,239,251,284,293,302,365,376,418,440,464",0832ba337cdd221325fff38967793544c724f7673154ba3742aef183bdf450de
pos_train_seq197_hmm_aug007,pos_train_seq197,7,373,9,364,1,0.002680965147453083,0.9973190348525469,1,371,ddf90f542a0ddf4f33a9eb216d192af8c83019dd0b0d3853c3759747be82e815
pos_train_seq199_hmm_aug007,pos_train_seq199,7,25,7,18,1,0.04,0.96,1,24,6af3d8573417356b2e9a32fc58c9910947f89341e3d0d97aff5e6ca9bf0377b9
pos_train_seq200_hmm_aug007,pos_train_seq200,7,317,317,0,19,0.05993690851735016,0.9400630914826499,1,"41,64,89,100,132,138,145,146,172,199,200,210,225,237,247,261,264,267,281",5566a6d274332c1f7f59d9069641c5732acd7b97f6c048acef86f01d13dcd4ae
pos_train_seq201_hmm_aug007,pos_train_seq201,7,403,288,115,18,0.04466501240694789,0.9553349875930521,1,"131,155,160,202,204,215,245,259,262,274,307,324,339,354,358,368,390,395",4a771f84e3ea777cb335ca851742c52acda6237be6457166b882f705a045b4aa
pos_train_seq203_hmm_aug007,pos_train_seq203,7,480,82,398,3,0.00625,0.99375,1,"303,322,331",2a522d2f579fd07d4b9e46b0da31b70c61dbcaf867d59085be3caf8b5f804c2a
pos_train_seq204_hmm_aug007,pos_train_seq204,7,507,351,156,20,0.03944773175542406,0.960552268244576,1,"175,204,233,248,252,253,259,269,284,290,349,405,433,435,438,454,461,469,496,503",1e22ab5c0641c57efa55855510d99108c942e7aa8c394dd8734cc873717e2308
pos_train_seq206_hmm_aug007,pos_train_seq206,7,101,33,68,1,0.009900990099009901,0.9900990099009901,1,49,42bfad9cd401f768477a2c202f66a739719a75d07dcab8b0db43565043bccf37
pos_train_seq207_hmm_aug007,pos_train_seq207,7,509,322,187,18,0.03536345776031434,0.9646365422396856,1,"7,28,54,75,103,145,201,227,230,241,253,352,364,366,376,474,484,497",dd3ae2ef0c1abded903b100df1187358999940aef032514774514af61d252e53
pos_train_seq208_hmm_aug007,pos_train_seq208,7,224,201,23,9,0.04017857142857143,0.9598214285714286,1,"2,8,25,27,52,61,82,139,175",f0653d88cdf47009d7f9f428250ba334ed6130a00223b6cfed889ea9d73633e3
pos_train_seq209_hmm_aug007,pos_train_seq209,7,501,305,196,17,0.033932135728542916,0.9660678642714571,1,"27,100,119,171,173,193,205,209,223,227,302,317,318,321,334,343,356",a1af32d534f2dbfe6302d042d303f527ff56aedb0c7afcbf59a0814700338af3
pos_train_seq210_hmm_aug007,pos_train_seq210,7,239,239,0,9,0.03765690376569038,0.9623430962343096,1,"61,76,94,108,109,132,179,183,231",b28fad28679495a1cc9321a7f3ef9455feb737979b98877b9aefe792ef7c7542
pos_train_seq211_hmm_aug007,pos_train_seq211,7,406,29,377,1,0.0024630541871921183,0.9975369458128078,1,19,fd026832c914abe2f426ce8645cdad7fc74c90add8084aa1977cdf9cd3b98820
pos_train_seq212_hmm_aug007,pos_train_seq212,7,175,37,138,1,0.005714285714285714,0.9942857142857143,1,167,d0ff0f8f18c650f90901a6b005e1228af3a14d9d4453bbf6401c5dc6c8d8206a
pos_train_seq213_hmm_aug007,pos_train_seq213,7,361,124,237,7,0.019390581717451522,0.9806094182825484,1,"239,251,278,280,285,332,342",d13613bc7b4be072e54b2d30d24750cc7eda2abcb375087ee5a159d93a86aca2
pos_train_seq215_hmm_aug007,pos_train_seq215,7,475,473,2,22,0.04631578947368421,0.9536842105263158,1,"9,12,19,32,70,84,102,103,152,183,205,226,265,271,293,302,383,409,412,414,419,453",9d59450ebed7df890e6f42808c7c9071c6b69bce3a3cf159ad221ca7dc845c96
pos_train_seq216_hmm_aug007,pos_train_seq216,7,419,138,281,13,0.031026252983293555,0.9689737470167065,1,"93,98,101,129,136,148,158,309,325,326,328,343,348",995544bbe5497f047289fd759791ac012bdc3381c627f29ffb352f8a8a1f52f1
pos_train_seq217_hmm_aug007,pos_train_seq217,7,91,88,3,5,0.054945054945054944,0.945054945054945,1,"3,4,40,50,84",762b7ee32822421fa9c4e82b3673fb7df9839ebfcacf7f5c158348275756500b
pos_train_seq218_hmm_aug007,pos_train_seq218,7,503,246,257,9,0.017892644135188866,0.9821073558648111,1,"36,292,308,324,369,419,446,463,488",e62440fa17464200507096c3b42a3b09c86038bbe002bfd55dc07d34aea4fbcc
pos_train_seq219_hmm_aug007,pos_train_seq219,7,111,104,7,4,0.036036036036036036,0.963963963963964,1,"26,29,45,85",a7d2a739280d9a42305f30726d3bc9da68960739fb9ebc108b530961a9ef2c2f
pos_train_seq220_hmm_aug007,pos_train_seq220,7,361,2,359,1,0.002770083102493075,0.997229916897507,1,272,4b8704b5f899580ae7d6a9a5c8e0d5b754ff961c6cff37d28cb153c4faf3c5d8
pos_train_seq221_hmm_aug007,pos_train_seq221,7,175,37,138,2,0.011428571428571429,0.9885714285714285,1,"152,154",80490974e585db295dc6442cff2648f94a58d66accc8df04044406a89c0e62e8
pos_train_seq222_hmm_aug007,pos_train_seq222,7,440,212,228,10,0.022727272727272728,0.9772727272727273,1,"35,47,68,72,76,114,134,158,173,177",75c52c92e4158bdfaf24cd35ebfec6542edd0d26586e370c843d308ba1679f67
pos_train_seq223_hmm_aug007,pos_train_seq223,7,338,303,35,15,0.04437869822485207,0.9556213017751479,1,"50,80,100,114,116,119,130,151,157,163,212,238,308,309,334",e81d2b0fa672614c8b8c14a35e38c4e759e72f50d8dc50291e6d411e0f34acd0
pos_train_seq228_hmm_aug007,pos_train_seq228,7,223,38,185,5,0.02242152466367713,0.9775784753363229,1,"114,118,128,129,137",49bf6aaf33b57611220673474f19f6b31e20578ccd1641c151da32d9ed7bdede
pos_train_seq229_hmm_aug007,pos_train_seq229,7,320,154,166,13,0.040625,0.959375,1,"10,30,33,36,40,46,63,68,71,97,124,134,173",7ba5ed9e7faf7b637b9ae5441c8afcf7004686cbc251139523f17780148a7941
pos_train_seq231_hmm_aug007,pos_train_seq231,7,375,98,277,5,0.013333333333333334,0.9866666666666667,1,"261,263,265,337,339",462567321da2349cead10ff76fb3c081202b62ab130438baa904e1732bf15473
pos_train_seq233_hmm_aug007,pos_train_seq233,7,281,253,28,12,0.042704626334519574,0.9572953736654805,1,"34,82,111,113,164,166,206,209,210,222,225,274",72e38f87cc576c2cc1b0197b01d1dde2d0b7fd6b63bcf77704c6aeda949aa317
pos_train_seq234_hmm_aug007,pos_train_seq234,7,472,175,297,10,0.0211864406779661,0.978813559322034,1,"282,283,288,293,327,340,374,398,428,436",d261247d8b779a8c0b1e4281984bb6465c25f57e1a96f14c252e7077bf43a09e
pos_train_seq236_hmm_aug007,pos_train_seq236,7,453,219,234,15,0.033112582781456956,0.9668874172185431,1,"93,109,115,134,155,160,165,212,339,341,365,366,374,404,407",f2f65d3749380cad64a1f07cc1115b2f2c8d0bcb52658297798473d9be024851
pos_train_seq238_hmm_aug007,pos_train_seq238,7,158,1,157,1,0.006329113924050633,0.9936708860759493,1,148,ad3595caf01cdf291e0e1d3c4fb5c09559bbb5c3ddf1493d919943dce5e1f96c
pos_train_seq239_hmm_aug007,pos_train_seq239,7,502,140,362,6,0.01195219123505976,0.9880478087649402,1,"26,60,62,63,70,115",54d25ca2a116ec3410b58f8d98132ded97029a8bd5ee96685cadb526a1246dd8
pos_train_seq240_hmm_aug007,pos_train_seq240,7,341,168,173,7,0.020527859237536656,0.9794721407624634,1,"13,41,65,102,167,176,178",4686fdca9c684beb82828b2e3e1998ad9e5c28bf76bcc5485df314261ea0e590
pos_train_seq243_hmm_aug007,pos_train_seq243,7,382,6,376,1,0.002617801047120419,0.9973821989528796,1,258,5b111ad19c4dd70b0b84e4c5efaaa83a1ba0e85d32723e7ebd9f6de43de812ab
pos_train_seq244_hmm_aug007,pos_train_seq244,7,500,359,141,15,0.03,0.97,1,"137,161,199,202,269,276,338,346,347,349,356,366,382,417,420",e248fb3926897178c678aeff0a451cc515ba6a430c7d7f933b2ac526f376f6e7
pos_train_seq246_hmm_aug007,pos_train_seq246,7,88,41,47,2,0.022727272727272728,0.9772727272727273,1,"62,69",adfcbfd4125502dc60703cf9807a4e59ca026602f31f9aa542cac10c2103b476
pos_train_seq247_hmm_aug007,pos_train_seq247,7,184,171,13,12,0.06521739130434782,0.9347826086956522,1,"23,30,33,58,62,91,106,107,108,109,137,144",fcc67df6af6a760c0404bf77cf0bf60ab0b99af6619edbd90eb341cedd27b5c1
pos_train_seq248_hmm_aug007,pos_train_seq248,7,449,299,150,20,0.044543429844097995,0.955456570155902,1,"13,29,45,57,90,114,115,137,160,162,168,179,295,297,307,309,332,334,342,374",3b09475134532809d2470a85e1c3f97dcfe4492e01736e31b3d933e4c4610678
pos_train_seq249_hmm_aug007,pos_train_seq249,7,184,171,13,9,0.04891304347826087,0.9510869565217391,1,"34,46,61,124,131,146,166,170,172",d7b7effbafc1865563fdc04a1a104bd52b839dcf2c0eaa11e48763c45f38c81b
pos_train_seq250_hmm_aug007,pos_train_seq250,7,462,293,169,16,0.03463203463203463,0.9653679653679653,1,"117,137,146,197,204,205,209,238,239,246,250,278,315,375,376,392",7ac25b5417802fb4b09e80cd743513c78c19254016c0b497e5ef60a44a182f5c
pos_train_seq251_hmm_aug007,pos_train_seq251,7,482,211,271,8,0.016597510373443983,0.983402489626556,1,"11,76,87,96,357,365,367,407",bed9ae7b75ccca9a155254500d5f02878a298e94a5fc0c28ffd0de0b59b0864a
pos_train_seq254_hmm_aug007,pos_train_seq254,7,411,155,256,8,0.019464720194647202,0.9805352798053528,1,"4,57,63,112,124,128,132,179",bb0a9de4a527d6ed5d6ba148c2bb782f92c25000ca980ff54e20f0e89118d258
pos_train_seq257_hmm_aug007,pos_train_seq257,7,294,75,219,1,0.003401360544217687,0.9965986394557823,1,42,2090b3df0a64c818819d819ea35e37f26eae063da0fb7a388c7511dc3ed2f37b
pos_train_seq258_hmm_aug007,pos_train_seq258,7,191,118,73,3,0.015706806282722512,0.9842931937172775,1,"24,140,146",45720abb92504a6988ccd9b3d88cd3ef4649b99753afb9874ffa544bb79c2edb
pos_train_seq259_hmm_aug007,pos_train_seq259,7,409,7,402,2,0.004889975550122249,0.9951100244498777,1,"392,393",a5e70e3e429be3f19d5dc4b6aa06d1335d9a1a8750cf508521c35ecf4591bee0
pos_train_seq260_hmm_aug007,pos_train_seq260,7,460,289,171,18,0.0391304347826087,0.9608695652173913,1,"118,129,170,174,179,188,203,216,235,236,243,275,313,321,373,376,388,390",defbd832b98e1571bc4ba9d9d5ef19ec1cc74159cfb78fa7ecc765ee8dddd39d
pos_train_seq261_hmm_aug007,pos_train_seq261,7,244,34,210,3,0.012295081967213115,0.9877049180327869,1,"80,92,98",4faed6010819f0c7b2276edcb460745565886d5467ee03cb3649fe73348203cf
pos_train_seq262_hmm_aug007,pos_train_seq262,7,184,158,26,10,0.05434782608695652,0.9456521739130435,1,"32,50,56,58,67,87,109,113,150,173",6376549173e8d9ebe19c311881bd5896c77f57fa13b4f023733ab7fcf6423e75
pos_train_seq264_hmm_aug007,pos_train_seq264,7,106,51,55,1,0.009433962264150943,0.9905660377358491,1,75,0e578db13284baded801821c9756e19ec01d7fe720c687d8b54cbbcbc82cc23d
pos_train_seq267_hmm_aug007,pos_train_seq267,7,456,273,183,16,0.03508771929824561,0.9649122807017544,1,"140,175,183,207,225,228,229,256,276,296,307,311,314,352,358,372",25b7ecee979caad3dae2e66a23e5c2977b607cf2cf3b0ae11d0cc00eb12e1b7b
pos_train_seq268_hmm_aug007,pos_train_seq268,7,379,315,64,17,0.044854881266490766,0.9551451187335093,1,"43,52,72,80,92,94,137,154,176,179,184,218,288,290,311,324,330",60b05403d41cce8ce5fa017b6c50c43afd100646d77b199a07c10eeb079fd42f
pos_train_seq269_hmm_aug007,pos_train_seq269,7,396,375,21,19,0.047979797979797977,0.952020202020202,1,"46,56,61,80,120,129,138,152,182,223,239,255,274,283,288,299,328,393,394",6fb028b2a762fa2bb4f25d5d2c7c5de3ccbcd0279567f5df7819e1a64090e324
pos_train_seq273_hmm_aug007,pos_train_seq273,7,341,182,159,4,0.011730205278592375,0.9882697947214076,1,"111,116,135,142",78b395c0f8f916378bbb2a66d073113cc816def19adda380513c716440234edf
pos_train_seq274_hmm_aug007,pos_train_seq274,7,163,54,109,1,0.006134969325153374,0.9938650306748467,1,21,ae25c8bc7eb32b30ab84141b193042d29bd872c60bd5a8702c7bd07f18593962
pos_train_seq276_hmm_aug007,pos_train_seq276,7,250,132,118,8,0.032,0.968,1,"129,132,145,156,163,176,210,249",d99645d87bbe0514d21f7742af919fe74b4dc51fd163b98b2065166adb5a23c1
pos_train_seq277_hmm_aug007,pos_train_seq277,7,177,102,75,7,0.03954802259887006,0.96045197740113,1,"29,52,61,126,133,136,139",e8fc7a58ebae7092f716a2df622cdc8330b875ecd85df82a28222e6fcead3ee2
pos_train_seq278_hmm_aug007,pos_train_seq278,7,392,117,275,8,0.02040816326530612,0.9795918367346939,1,"271,276,296,301,304,342,350,367",87f2b487f4f90bc88b7648be3914c994cb8f488693ddf1581fc0a77ca9afe809
pos_train_seq279_hmm_aug007,pos_train_seq279,7,329,156,173,9,0.02735562310030395,0.9726443768996961,1,"24,27,31,102,112,123,129,168,177",15064db0e3cb9e8a90af44b339d172fbbe71aa6bf4268804430360b7873bf0b7
pos_train_seq280_hmm_aug007,pos_train_seq280,7,211,87,124,5,0.023696682464454975,0.976303317535545,1,"22,29,44,176,207",8c023e4407599890dba23cfbcf8312f55e6a616be1c7826af34dfcd068cab727
pos_train_seq281_hmm_aug007,pos_train_seq281,7,404,160,244,7,0.017326732673267328,0.9826732673267327,1,"8,19,25,30,43,52,106",8f0a191a118ebd15e29a270d05e25ccf38caee4f234c3a1da0f11f6a05065de3
pos_train_seq282_hmm_aug007,pos_train_seq282,7,310,271,39,10,0.03225806451612903,0.967741935483871,1,"117,146,174,191,204,206,219,222,300,310",ff9ea9b3a7f8e118e95097bd67fbb1cde7e1aa8a8cbcd0d9e770f55af2bf567f
pos_train_seq284_hmm_aug007,pos_train_seq284,7,175,37,138,1,0.005714285714285714,0.9942857142857143,1,136,416c12965364d08f5113cf89a0934f56df7747f859b1c41b569000d715bfe392
pos_train_seq285_hmm_aug007,pos_train_seq285,7,396,141,255,8,0.020202020202020204,0.9797979797979798,1,"24,38,71,103,109,146,147,166",5e084f56da442e0122e662e60be2692642c699ba7332339f1bb37a4b2817bebe
pos_train_seq286_hmm_aug007,pos_train_seq286,7,471,194,277,11,0.02335456475583864,0.9766454352441614,1,"36,73,111,121,124,138,139,153,160,238,244",6aaa0376cd95de34f7f62ccdf078b0790fa104df9681b564b1457122dee34bfc
pos_train_seq288_hmm_aug007,pos_train_seq288,7,204,118,86,5,0.024509803921568627,0.9754901960784313,1,"46,50,67,94,157",618563637be5c0749b531c7327cf3b998b8cbcb153db4ea84b754830498308c8
pos_train_seq289_hmm_aug007,pos_train_seq289,7,245,97,148,6,0.024489795918367346,0.9755102040816327,1,"30,63,70,71,103,112",8333d48d2d7c6c0916383baed2ef8f97dac4acca11304ba172376a322e1ae75e
pos_train_seq290_hmm_aug007,pos_train_seq290,7,391,355,36,20,0.05115089514066496,0.948849104859335,1,"38,44,84,130,142,162,163,191,195,207,213,289,310,325,338,350,355,358,368,381",1f0d0715ce9685e8edfdb311b450b2e531221ff17df397ee184b7283afeba967
pos_train_seq291_hmm_aug007,pos_train_seq291,7,290,169,121,6,0.020689655172413793,0.9793103448275862,1,"51,57,63,94,114,190",6440dbf1fbb22050f219cd0a7498152e2429a8d34fc493f1a2d03089143899f0
pos_train_seq292_hmm_aug007,pos_train_seq292,7,262,231,31,14,0.05343511450381679,0.9465648854961832,1,"51,52,66,83,126,128,144,151,154,187,194,197,206,230",d6103dd4736742e3f2b0ebba70b564c73638e030b9078f94eed7f6c895527164
pos_train_seq293_hmm_aug007,pos_train_seq293,7,163,62,101,4,0.024539877300613498,0.9754601226993865,1,"18,40,77,78",9cc0ddc5d1049d4d7691a99df387c1648f9210dd9eb200032ebb83ad739ee781
pos_train_seq294_hmm_aug007,pos_train_seq294,7,494,84,410,8,0.016194331983805668,0.9838056680161943,1,"289,295,326,333,344,350,353,364",8cc9af4ae2996dab36b6549a940306d4ba92be18fb4c6091f9423a3f1217b80b
pos_train_seq295_hmm_aug007,pos_train_seq295,7,163,66,97,2,0.012269938650306749,0.9877300613496932,1,"35,74",76a97c51f9b8538c3f489affdf1a10bc8d9da94c7ac3593fe6f3344acca5fce8
pos_train_seq297_hmm_aug007,pos_train_seq297,7,395,319,76,15,0.0379746835443038,0.9620253164556962,1,"15,38,90,96,110,138,201,206,219,221,228,247,262,273,288",f9d96b5a7a884ac0fda55cad2d95906f443005205d3f46cc488bb7c1d81742a3
pos_train_seq298_hmm_aug007,pos_train_seq298,7,450,370,80,21,0.04666666666666667,0.9533333333333334,1,"38,49,76,85,89,146,155,195,197,223,225,244,311,313,316,318,320,325,343,352,399",0b137480a9e913e141313ff1a9d75999516b090ee2e4a9ad3a7eb2896f39b978
pos_train_seq300_hmm_aug007,pos_train_seq300,7,505,173,332,14,0.027722772277227723,0.9722772277227723,1,"22,32,76,85,101,107,112,127,131,234,237,243,253,264",aceffa099983adffccafa13c559dff77299c27790ab8d1e6e67532a939823215
pos_train_seq301_hmm_aug007,pos_train_seq301,7,332,158,174,8,0.024096385542168676,0.9759036144578314,1,"89,139,140,142,151,171,217,222",8806197e625ec74a974111fc205f587c18ac3d083e1c8944170debece13bc3d7
pos_train_seq303_hmm_aug007,pos_train_seq303,7,412,331,81,15,0.03640776699029126,0.9635922330097088,1,"75,107,118,137,143,183,185,272,289,299,323,341,377,387,409",f1446b10cdc8ddcfbe5bdf5ce9a879a738a6b30af98081a1a59803ca5aa915bc
pos_train_seq304_hmm_aug007,pos_train_seq304,7,352,321,31,18,0.05113636363636364,0.9488636363636364,1,"36,37,62,64,170,173,207,212,226,245,257,272,292,321,324,330,334,340",ec63f2cb4b626a6ba60ea3bea953953e036d5f50ea3ea3c3b0e4dcf05fc3875f
pos_train_seq305_hmm_aug007,pos_train_seq305,7,330,260,70,12,0.03636363636363636,0.9636363636363636,1,"33,60,64,75,134,158,160,190,244,249,259,269",8959875c284ce98dcf2259496656ebe607793d48b9080e04a54c7a278512127c
pos_train_seq307_hmm_aug007,pos_train_seq307,7,174,153,21,8,0.04597701149425287,0.9540229885057472,1,"33,37,47,104,145,156,171,173",563f8d192f400ee5ea00d18dba13a35b3ba09012ab60e8fc707a160ae5eed29f
pos_train_seq310_hmm_aug007,pos_train_seq310,7,206,93,113,2,0.009708737864077669,0.9902912621359223,1,"169,185",dd47154bc4678433b95f4cdf505a039b9f003040eb624d990f4a90b23bd70d04
pos_train_seq312_hmm_aug007,pos_train_seq312,7,422,420,2,28,0.06635071090047394,0.933649289099526,1,"8,20,21,44,47,64,121,126,128,141,173,175,191,212,235,249,272,295,296,323,329,330,332,341,350,375,379,422",3328a26026f936e2a3c0b57a45e5287b2f975eba11af19056a2a82f8b915b01e
pos_train_seq313_hmm_aug007,pos_train_seq313,7,191,122,69,6,0.031413612565445025,0.9685863874345549,1,"64,67,68,120,147,185",545acb26f17756eb5aad61fd90de1e992583531328974dfe84ceb39b7da74c41
pos_train_seq316_hmm_aug007,pos_train_seq316,7,503,399,104,19,0.03777335984095427,0.9622266401590457,1,"4,31,72,86,93,94,121,128,129,188,222,245,272,387,409,411,427,431,502",ac9a9e033a6e0ab45a1d59f248bea952fea862f2e2ca93321dc24df9ea49d8b3
pos_train_seq318_hmm_aug007,pos_train_seq318,7,175,1,174,1,0.005714285714285714,0.9942857142857143,1,175,eda9312cda5003957de3d9ce071d44df8650b0b27219ae291672b32edc26548b
pos_train_seq319_hmm_aug007,pos_train_seq319,7,175,37,138,3,0.017142857142857144,0.9828571428571429,1,"149,158,160",66855289ff0a5172cb5253717783bdbdd1be847c482ff915c078a4e952716ae3
pos_train_seq321_hmm_aug007,pos_train_seq321,7,317,30,287,2,0.006309148264984227,0.9936908517350158,1,"87,95",355ffd0e94ceda3fde3f46c5bf5fa4b284e4130104505f5ba4cd6cb1c63f5442
pos_train_seq322_hmm_aug007,pos_train_seq322,7,326,197,129,11,0.03374233128834356,0.9662576687116564,1,"5,40,49,64,72,73,147,157,191,193,204",c819d875f5f8b4808c4ab74792197d06b47661042cbfb2ce42201de697138658
pos_train_seq324_hmm_aug007,pos_train_seq324,7,244,187,57,9,0.036885245901639344,0.9631147540983607,1,"30,35,39,87,101,106,109,121,218",1c036ad3991117bce58ddaf02df19b914361de08caccbe4a50eb187833979a0e
pos_train_seq326_hmm_aug007,pos_train_seq326,7,338,163,175,7,0.020710059171597635,0.9792899408284024,1,"174,180,182,191,216,264,284",951e93548be0aa219a56266c5d85cd3238565c98b6ba36923b8d29f8c0579668
pos_train_seq327_hmm_aug007,pos_train_seq327,7,93,33,60,2,0.021505376344086023,0.978494623655914,1,"31,51",5ddd02744be9ded0dfc2c68678fbc0b897a431b09e70de6790fb52f3d897481b
pos_train_seq328_hmm_aug007,pos_train_seq328,7,257,184,73,8,0.0311284046692607,0.9688715953307393,1,"25,59,95,144,149,166,170,257",cf22fc635555688d62b42b815cbb025eaa864a542087f2228278b47cb21178c2
pos_train_seq330_hmm_aug007,pos_train_seq330,7,351,351,0,18,0.05128205128205128,0.9487179487179487,1,"2,10,40,61,79,90,110,138,146,200,210,212,223,312,315,325,326,339",dc69bc542b9786caa0ebf14f51edf3cf621212a36a0a36ab7d3a5ab7d731c9c5
pos_train_seq331_hmm_aug007,pos_train_seq331,7,150,1,149,1,0.006666666666666667,0.9933333333333333,1,1,c65a58c620f7e574fb4dbdbc137f418d969d3e32ed5474991f600fdbd17bc63f
pos_train_seq332_hmm_aug007,pos_train_seq332,7,366,216,150,19,0.05191256830601093,0.9480874316939891,1,"59,67,90,98,101,113,118,137,142,150,180,207,230,234,237,254,255,257,272",2d9d455b5c8dd14b4dd604253101122f43330bc7574883d127703f2ed51a7028
pos_train_seq333_hmm_aug007,pos_train_seq333,7,293,257,36,13,0.04436860068259386,0.9556313993174061,1,"46,53,72,89,99,154,171,204,211,233,248,254,268",835421720064011ea373fb2c3b562cb76c920b771bf05925b1d1fdb4c189cad1
pos_train_seq334_hmm_aug007,pos_train_seq334,7,184,171,13,11,0.059782608695652176,0.9402173913043478,1,"46,84,88,91,120,134,142,149,161,167,169",c097257916e0ba76ede814a44203a8457876481a8c52bbd2fbd1c337f0de033d
pos_train_seq336_hmm_aug007,pos_train_seq336,7,118,28,90,3,0.025423728813559324,0.9745762711864406,1,"16,21,34",aae2d6ee0a1c0b4c9e4e7afdef9fa4f247a7e44511d118fa5f1969cac244b630
pos_train_seq338_hmm_aug007,pos_train_seq338,7,505,301,204,16,0.031683168316831684,0.9683168316831683,1,"222,229,234,245,251,256,273,314,325,329,351,376,401,429,456,483",2a2a3de8f63febd5aa3c8f063abe494800c8aa4c89a7d8a432158215b589b0ad
pos_train_seq340_hmm_aug007,pos_train_seq340,7,299,146,153,4,0.013377926421404682,0.9866220735785953,1,"36,85,260,286",5e6d6b58bde9fc09b535cff221ec599ec79ee7321e991a3e1e31891c5ee97892
pos_train_seq342_hmm_aug007,pos_train_seq342,7,445,88,357,6,0.01348314606741573,0.9865168539325843,1,"30,32,52,65,78,110",ad5f36cf47a2200ee84ee41f2f0914625f1117773d38aba1b0d8a055dab49132
pos_train_seq343_hmm_aug007,pos_train_seq343,7,460,442,18,20,0.043478260869565216,0.9565217391304348,1,"7,31,32,51,73,97,132,133,137,146,151,188,207,211,224,263,304,310,347,436",278b053e9fd3d63d542190415209f4da9244606adae37f1834c345be93a55cb3
pos_train_seq347_hmm_aug007,pos_train_seq347,7,294,112,182,5,0.017006802721088437,0.9829931972789115,1,"36,40,122,124,148",d8ff27be4150e513f152637ec4b6c099fd4222d76bfdce61a9bba9fefabef793
pos_train_seq350_hmm_aug007,pos_train_seq350,7,327,157,170,6,0.01834862385321101,0.981651376146789,1,"93,102,115,128,150,220",7b9e72852b1ca438b07853dac08aa3b8cc2a1463a465b0b0e822f100c6f200c3
pos_train_seq351_hmm_aug007,pos_train_seq351,7,484,484,0,27,0.05578512396694215,0.9442148760330579,1,"47,56,95,105,106,127,157,186,192,194,197,212,258,264,295,302,323,357,358,366,372,384,391,414,425,443,484",b1e1716cb76e22e08b654b3f6ae7ee6f758fdeb2fe46a889a227cd2dc3b2c8eb
pos_train_seq352_hmm_aug007,pos_train_seq352,7,442,214,228,8,0.01809954751131222,0.9819004524886877,1,"14,49,52,57,108,158,417,428",94c957c3cfe0b3a84f595bbbceb73f5cdb87e3d0021b7afa0d6e510c3f1c0f80
pos_train_seq353_hmm_aug007,pos_train_seq353,7,501,306,195,19,0.03792415169660679,0.9620758483033932,1,"63,67,71,73,85,97,120,123,129,133,142,151,200,215,245,282,321,336,339",91d9d8eaa6911ffe4e6c1ad5653e99fdd3f50f6a262bae3f74b81a5945e9870b
pos_train_seq355_hmm_aug007,pos_train_seq355,7,207,178,29,9,0.043478260869565216,0.9565217391304348,1,"27,54,56,91,100,102,116,125,154",884837afdb8f0c2d50eaa0dfbd273e2b0f3c571727668c33c5b773f728830072
pos_train_seq356_hmm_aug007,pos_train_seq356,7,490,59,431,1,0.0020408163265306124,0.9979591836734694,1,385,9f4cd816b91d6abb4ef464c803d4cf58405dd154ebae94052bedce42d2b2141c
pos_train_seq359_hmm_aug007,pos_train_seq359,7,117,104,13,5,0.042735042735042736,0.9572649572649573,1,"44,54,93,95,110",172bfa9e6bab6ac81c1daeae501a0c22be42204d065b65f5916868eda1139c55
pos_train_seq360_hmm_aug007,pos_train_seq360,7,377,206,171,12,0.03183023872679045,0.9681697612732095,1,"21,35,62,69,86,92,94,96,123,157,178,207",d6c58a733cdb561fd1dd43bb4a83732b6b8f927768949ca432914723b4b893d8
pos_train_seq361_hmm_aug007,pos_train_seq361,7,418,128,290,12,0.028708133971291867,0.9712918660287081,1,"19,25,28,61,63,68,74,90,91,95,126,142",624a87021112c3db03db12440ee48fbaf0819b372e9c8d4843a861114ce8a390
pos_train_seq362_hmm_aug007,pos_train_seq362,7,208,108,100,6,0.028846153846153848,0.9711538461538461,1,"94,97,102,141,149,163",488cf97820df1cf6557bbf7bc25dea0968d09de19a2ddd80d74e2e04237628bc
pos_train_seq363_hmm_aug007,pos_train_seq363,7,463,278,185,11,0.023758099352051837,0.9762419006479481,1,"134,138,200,297,328,330,350,385,398,406,440",adc3a763d64d8bf4ebac5843614aa083e2145c8df8a25a97273f87e464df637a
pos_train_seq367_hmm_aug007,pos_train_seq367,7,352,140,212,10,0.028409090909090908,0.9715909090909091,1,"12,30,48,49,212,213,222,263,264,292",b75fc58eed1b7bea5463cccaed4f68d2e16666b3c92375ff74d63b1ab60c8c52
pos_train_seq369_hmm_aug007,pos_train_seq369,7,486,28,458,1,0.00205761316872428,0.9979423868312757,1,137,7c3924316b6aa61fda84bd2181d74c85cc9b12e3e6f0cd015bb21fb79a8a5b64
pos_train_seq370_hmm_aug007,pos_train_seq370,7,506,377,129,19,0.037549407114624504,0.9624505928853755,1,"55,60,98,100,117,133,148,170,188,190,202,212,215,226,238,263,371,406,412",2aab31a7b51163b7096ba5745805fc184603d34d9fcb028356800a6bb3f3dddd
pos_train_seq371_hmm_aug007,pos_train_seq371,7,466,210,256,7,0.015021459227467811,0.9849785407725322,1,"23,28,60,128,358,370,397",9b1d2d7c66834a8e3b7df78a5421331208f01522251c531bcc90a9061d3f6ca0
pos_train_seq372_hmm_aug007,pos_train_seq372,7,459,457,2,21,0.0457516339869281,0.954248366013072,1,"5,22,71,88,97,102,121,124,160,229,274,279,305,358,380,386,401,407,414,422,441",bc995924a006134a666a786355d98837778b1963aeba11365c71cb2213c9c7e7
pos_train_seq373_hmm_aug007,pos_train_seq373,7,471,376,95,31,0.06581740976645435,0.9341825902335457,1,"39,44,48,128,144,146,151,168,173,179,195,206,223,248,290,299,302,306,311,315,337,356,381,386,390,414,435,437,459,470,471",e42c3e0ff84b0c3e5c298b74857c92d665d0b1df3548c02a913d4e3b71989b6e
pos_train_seq374_hmm_aug007,pos_train_seq374,7,129,21,108,3,0.023255813953488372,0.9767441860465116,1,"64,65,66",b2ee653d2b2f6a06f35a34ff26e55ed5bf0913175a25d59fac046bdf8c441125
pos_train_seq376_hmm_aug007,pos_train_seq376,7,439,221,218,9,0.02050113895216401,0.979498861047836,1,"81,160,176,197,216,219,225,231,264",735527c6db126f1b1b8a6a3006979d9b8787629290dca7438fb0901d366ea1ec
pos_train_seq377_hmm_aug007,pos_train_seq377,7,174,159,15,10,0.05747126436781609,0.9425287356321839,1,"10,19,51,67,74,145,148,160,161,162",0485e4172488faf82a1fa7b2cd9ace62651ec00a96bde1885ff151a84ced0a3d
pos_train_seq379_hmm_aug007,pos_train_seq379,7,409,171,238,10,0.02444987775061125,0.9755501222493888,1,"7,38,66,193,292,295,378,391,398,404",b1eef7e736231ad41e26c90152f0dc3b84e4992fb09ba46dbbd5cbe3fba4e3ba
pos_train_seq380_hmm_aug007,pos_train_seq380,7,210,208,2,11,0.05238095238095238,0.9476190476190476,1,"21,24,37,70,81,109,137,143,149,172,209",092008a2666b3ce3c1a63fcb82983fa7cd52ff77d4d7f97ba1713cf9f3030d02
pos_train_seq381_hmm_aug007,pos_train_seq381,7,311,156,155,5,0.01607717041800643,0.9839228295819936,1,"15,18,95,139,150",cc3763b7b0d2c504c0a30c8ab931afcc83b6f304702cd160904a84cb302b5b29
pos_train_seq383_hmm_aug007,pos_train_seq383,7,434,295,139,13,0.029953917050691243,0.9700460829493087,1,"57,60,69,100,119,233,278,289,296,301,347,354,429",e6c43769fc296c9630ccacdbbf696341be7ed8aa491a8106d46ad55c4dcfb2d7
pos_train_seq384_hmm_aug007,pos_train_seq384,7,388,372,16,26,0.06701030927835051,0.9329896907216495,1,"13,31,57,67,76,87,88,95,103,115,134,157,158,175,202,213,234,258,266,272,286,315,338,362,363,368",96fc21b405721c4e0b03ab60a83f29edff6b56a9f2ad57b0cb52dcbf2aaa8136
pos_train_seq385_hmm_aug007,pos_train_seq385,7,495,305,190,20,0.04040404040404041,0.9595959595959596,1,"77,92,94,105,106,121,131,135,157,161,165,183,204,229,232,256,275,311,317,339",816e425c723ebcedc7802cd2df13067814ec17845d2d687de4142dcb206e5a4e
pos_train_seq386_hmm_aug007,pos_train_seq386,7,240,51,189,2,0.008333333333333333,0.9916666666666667,1,"195,198",3a78b27adb45c1365acf64e55c437026bfc921e8d92e2a965c6cc0de607855b9
pos_train_seq389_hmm_aug007,pos_train_seq389,7,253,79,174,2,0.007905138339920948,0.9920948616600791,1,"173,220",732c1cabc3c7dc43409688bf1ae41d88b4c442e88b6e38f151f90f101690e359
pos_train_seq391_hmm_aug007,pos_train_seq391,7,296,124,172,6,0.02027027027027027,0.9797297297297297,1,"70,73,76,87,97,288",ea41f3ffeb2da015026d822403c212328171bae8eed252f816a9ab3768443244
pos_train_seq393_hmm_aug007,pos_train_seq393,7,374,340,34,15,0.040106951871657755,0.9598930481283422,1,"35,51,81,90,97,123,199,216,241,264,265,271,278,346,361",a9738d62feb9c00f470bb62bd7e05dc02428d4ea4b68c989db0fb3642f602d71
pos_train_seq394_hmm_aug007,pos_train_seq394,7,25,14,11,1,0.04,0.96,1,20,dcd01f20ce414458c51aeed1338b1eee31567b2d84d791aacd86a843f8be7a78
pos_train_seq395_hmm_aug007,pos_train_seq395,7,191,118,73,5,0.02617801047120419,0.9738219895287958,1,"39,160,169,175,176",872b09122ab7b8f721aa45a9d7d48b74f8fbfa9386439ac35f0bc92e07295308
pos_train_seq396_hmm_aug007,pos_train_seq396,7,264,235,29,14,0.05303030303030303,0.946969696969697,1,"17,47,58,100,114,116,119,199,202,214,223,241,247,252",37331662f3c1296854bc2b6798171895322bb2de109f2f186b6da4cd09b77c2f
pos_train_seq397_hmm_aug007,pos_train_seq397,7,305,92,213,3,0.009836065573770493,0.9901639344262295,1,"134,224,243",4dd037fc5aabf145d6bccdc422e83a7cd83514fc9a197071d961d420a92f7136
pos_train_seq399_hmm_aug007,pos_train_seq399,7,183,140,43,9,0.04918032786885246,0.9508196721311475,1,"53,56,69,81,127,141,148,152,182",e51095a371288b971cc06439fca09f74292704e6db82b552ced74554ab23b02c
pos_train_seq400_hmm_aug007,pos_train_seq400,7,381,243,138,7,0.01837270341207349,0.9816272965879265,1,"8,11,20,35,150,211,217",a50f92cd3cf512486b70bd3fcebd27e33633153669ba8362794c9903a5299860
pos_train_seq402_hmm_aug007,pos_train_seq402,7,314,156,158,7,0.022292993630573247,0.9777070063694268,1,"17,67,110,118,130,133,177",8e46f24432bf899bf232bcd250bebd0c8ba96266a9899a29ea25812a72977941
pos_train_seq404_hmm_aug007,pos_train_seq404,7,332,8,324,2,0.006024096385542169,0.9939759036144579,1,"298,311",110f5e04a920ff0c3086c21c088ab523c0a59a91316e69f4587b8e688e082f0a
pos_train_seq405_hmm_aug007,pos_train_seq405,7,100,56,44,2,0.02,0.98,1,"92,94",6fd41933f0cc65a500e26516d0af5b4633e24ca27acdc7aaeb43fea5656a7736
pos_train_seq406_hmm_aug007,pos_train_seq406,7,371,231,140,12,0.03234501347708895,0.967654986522911,1,"24,25,81,93,99,100,108,110,181,192,194,237",266b9b1d5e77625ea5c7cadccc944a3e2f0d8e8754465a0ce0923cb4f0cc277d
pos_train_seq407_hmm_aug007,pos_train_seq407,7,377,174,203,10,0.026525198938992044,0.9734748010610079,1,"40,166,168,178,192,197,207,217,303,363",c3670d781f9d91b18cec2420ddfff0d31a3f5e7698779b7017dd4df7c63eed21
pos_train_seq408_hmm_aug007,pos_train_seq408,7,381,326,55,18,0.047244094488188976,0.952755905511811,1,"20,26,33,110,118,131,194,216,239,268,293,308,312,319,323,348,349,367",32de6d36396661e17145447f489c9b00dd5da889adbb5660f9423a24bbb48b11
pos_train_seq410_hmm_aug007,pos_train_seq410,7,300,1,299,1,0.0033333333333333335,0.9966666666666667,1,300,2029c607f0abf0823e8a920e4633aa0a5a426f3f6337a93c6ad1d46c83a67f71
pos_train_seq412_hmm_aug007,pos_train_seq412,7,346,180,166,8,0.023121387283236993,0.976878612716763,1,"16,47,68,70,77,98,101,239",1f0155b8d140fc6797c4d78553421c2b1b823708b404f7a5fc7eff922e1a2cbc
pos_train_seq413_hmm_aug007,pos_train_seq413,7,152,115,37,5,0.03289473684210526,0.9671052631578947,1,"39,109,112,115,135",9ea9720c7e7953892e2c8662ac4547e7fd42b84853947f4cb8db2345aa05a00d
pos_train_seq414_hmm_aug007,pos_train_seq414,7,417,407,10,27,0.06474820143884892,0.935251798561151,1,"19,27,33,40,45,53,61,67,74,98,129,134,154,167,189,193,211,214,231,241,303,304,330,342,372,397,410",4db95a60fe0a4839532d3625ba39086299218393d7a7eef07760169e55446c21
pos_train_seq415_hmm_aug007,pos_train_seq415,7,414,249,165,16,0.03864734299516908,0.961352657004831,1,"43,44,46,73,86,96,106,113,116,121,145,160,166,189,202,219",4183e1c1ec34dfec3e04a070fd513312370c769a9b3c2c693e0452049dae93a4
pos_train_seq416_hmm_aug007,pos_train_seq416,7,268,166,102,9,0.033582089552238806,0.9664179104477612,1,"18,39,41,44,118,121,198,232,235",ca08072819d9597b8b9b3fa572a4b8f59755e983cea7fd23d068cf2604aaac56
pos_train_seq417_hmm_aug007,pos_train_seq417,7,422,420,2,22,0.052132701421800945,0.9478672985781991,1,"18,36,73,91,96,97,116,118,132,154,202,203,217,243,262,265,268,310,323,328,371,418",6a7545b02f4757f9b3491e85e127cfe312cac0f1cd6fa1d09c5be4b94d8af169
pos_train_seq418_hmm_aug007,pos_train_seq418,7,367,236,131,14,0.03814713896457766,0.9618528610354223,1,"2,14,44,46,51,84,85,117,126,185,196,208,211,218",c961c1a782300e99e94eb33270ab7a7b0a7c19ab7690c4354ebf97da8b675c9c
pos_train_seq419_hmm_aug007,pos_train_seq419,7,418,45,373,3,0.007177033492822967,0.992822966507177,1,"21,35,61",5f4d8daa56f170556b83cace8662d371d0d1138dff785af98f1724b31cc01172
pos_train_seq421_hmm_aug007,pos_train_seq421,7,25,3,22,1,0.04,0.96,1,24,5d81ecc4d425861b88efdf31ce3b222b132ce0e81dbcc54bdf4bf8b3a3c344fd
pos_train_seq422_hmm_aug007,pos_train_seq422,7,187,75,112,1,0.0053475935828877,0.9946524064171123,1,27,b838e7d5356bf3c18b880f8ff1576c68630a35d8b1f8c50b7b399744056677dc
pos_train_seq425_hmm_aug007,pos_train_seq425,7,178,100,78,4,0.02247191011235955,0.9775280898876404,1,"64,80,83,87",0df3684fcec51620c9c70c3db1dab77d69da42934d2ec48d66be58147c5a09ca
pos_train_seq426_hmm_aug007,pos_train_seq426,7,157,72,85,10,0.06369426751592357,0.9363057324840764,1,"2,5,13,28,34,45,49,57,65,71",3b32dbba9557fee60588c04881f09f060396aaba8649c3b6c1e84bd3b34302e5
pos_train_seq427_hmm_aug007,pos_train_seq427,7,495,476,19,23,0.046464646464646465,0.9535353535353536,1,"13,37,41,59,71,86,89,109,161,198,233,245,254,269,288,345,353,391,399,407,409,476,481",7b9627211bdae0e0f4cf158759e5c2af6b9752c50d734cbf362df72f997a5498
pos_train_seq428_hmm_aug007,pos_train_seq428,7,213,99,114,1,0.004694835680751174,0.9953051643192489,1,88,8f52732c0754b5b17b238925729614a925ba3a274b81d0d2023b1c71e2c51da3
pos_train_seq429_hmm_aug007,pos_train_seq429,7,355,163,192,9,0.02535211267605634,0.9746478873239437,1,"141,163,185,202,204,213,247,250,257",a3de7d7c621b3a96765b5fb6f3b549e2003999b74f2eb3312c7b1d38cbb5e7b2
pos_train_seq430_hmm_aug007,pos_train_seq430,7,441,6,435,1,0.0022675736961451248,0.9977324263038548,1,351,2e3d8d15637c0e1445a1991f124e26466273d914071384c5a51113470a5db66c
pos_train_seq431_hmm_aug007,pos_train_seq431,7,372,156,216,6,0.016129032258064516,0.9838709677419355,1,"16,42,58,66,99,137",28e1d7af1b84e99e3089667db8e470d7957dff25615b46b8cc1dea27047743e5
pos_train_seq432_hmm_aug007,pos_train_seq432,7,383,261,122,14,0.03655352480417755,0.9634464751958225,1,"40,143,160,175,189,193,194,248,255,260,280,307,351,364",c2ebd8f89314ad29f181a69cf088013a4e1d9bfd3f581c6be0903e8d42b21edd
pos_train_seq433_hmm_aug007,pos_train_seq433,7,352,232,120,13,0.036931818181818184,0.9630681818181818,1,"127,131,140,158,178,197,208,256,266,286,303,328,335",c423a6115d99416524e0779efe164b95f071c505102daa348cc753dede335677
pos_train_seq435_hmm_aug007,pos_train_seq435,7,205,91,114,6,0.02926829268292683,0.9707317073170731,1,"58,61,66,82,100,104",20904210f6fe90187b05e94181c57751381cc1bcd206ce021751b83918a8d69f
pos_train_seq436_hmm_aug007,pos_train_seq436,7,507,137,370,9,0.01775147928994083,0.9822485207100592,1,"24,108,113,326,329,356,369,477,506",44b38b45079057172e97b72bdf755e13d83817f3a17a6378d47fc7df812cd53a
pos_train_seq437_hmm_aug007,pos_train_seq437,7,411,79,332,4,0.009732360097323601,0.9902676399026764,1,"366,375,384,398",d6c8752ea1f428aa54bf01d63cccfcf11ceca977a8447091eb81f101412951ce
pos_train_seq438_hmm_aug007,pos_train_seq438,7,495,87,408,5,0.010101010101010102,0.98989898989899,1,"20,22,35,62,95",ff8c87b140801ca1f9d9b672f9cb943890875651e7fb0d6347ed7b5051c25fd9
pos_train_seq439_hmm_aug007,pos_train_seq439,7,175,36,139,1,0.005714285714285714,0.9942857142857143,1,140,2c7a04fab0bb384f279c676e650196e0e02da8649e5ddfb0373d16029dcfa227
pos_train_seq442_hmm_aug007,pos_train_seq442,7,390,199,191,6,0.015384615384615385,0.9846153846153847,1,"126,130,175,206,213,266",440efc6030f008e1393eb3d7a020dcffec364487355a2a22202fdb31745061f9
pos_train_seq443_hmm_aug007,pos_train_seq443,7,217,215,2,6,0.027649769585253458,0.9723502304147466,1,"80,132,143,187,192,213",7ea5f7ffefafb3e3df6ce04271433d5cc2d6592fe8c9c83ab76b59967e703763
pos_train_seq444_hmm_aug007,pos_train_seq444,7,23,6,17,1,0.043478260869565216,0.9565217391304348,1,23,9110d38eba51d74c562f12f818447d4f1bcdfe009ea632c1b58f1ced9be09954
pos_train_seq445_hmm_aug007,pos_train_seq445,7,397,313,84,18,0.04534005037783375,0.9546599496221663,1,"21,24,42,112,130,132,154,157,172,202,221,232,277,284,319,332,343,347",3660bab607e6779e97a7260f5fc34954e65054f74d14cb9ab2d213645513c0fb
pos_train_seq446_hmm_aug007,pos_train_seq446,7,270,86,184,5,0.018518518518518517,0.9814814814814815,1,"42,113,125,136,147",9fb391578bb4f64571b09fe586c8579abe32618937add76015f518433402704a
pos_train_seq450_hmm_aug007,pos_train_seq450,7,182,120,62,5,0.027472527472527472,0.9725274725274725,1,"41,67,69,126,139",7eacea7c22557acbd7f4b0f4394d767ab9f2e7194a73900a58905f325c0eaaf9
pos_train_seq452_hmm_aug007,pos_train_seq452,7,317,189,128,12,0.03785488958990536,0.9621451104100947,1,"40,45,85,124,151,153,159,184,187,188,193,225",a34dfd12850dc310defa9ea34734ef6f272e9f6d430348c574469d3437635aa1
pos_train_seq455_hmm_aug007,pos_train_seq455,7,171,106,65,6,0.03508771929824561,0.9649122807017544,1,"46,58,86,106,110,115",d1be57ed891da975b5b0e219ca03254a6c00adac437ba4bba5670f973ce2f4d6
pos_train_seq458_hmm_aug007,pos_train_seq458,7,432,320,112,10,0.023148148148148147,0.9768518518518519,1,"41,49,63,71,235,337,403,406,412,427",920529f203004f9ae72e46fe4560b9f8ef58ce7032d44fdc932517165457e568
pos_train_seq459_hmm_aug007,pos_train_seq459,7,196,40,156,1,0.00510204081632653,0.9948979591836735,1,175,9f9c6d9a1a13ecba8d2cc4a576ea3d3ffecbace137c7720a395d89b53be3d520
pos_train_seq461_hmm_aug007,pos_train_seq461,7,476,284,192,10,0.02100840336134454,0.9789915966386554,1,"14,20,54,57,83,105,143,168,183,211",e7e6fac5e4baf339fa235765c710af830cb7369925573f140b79b632de1e4b11
pos_train_seq462_hmm_aug007,pos_train_seq462,7,305,171,134,5,0.01639344262295082,0.9836065573770492,1,"3,39,48,99,112",c130474c218aab45aa0019b9725cee6f9624805df8a859c26fe8538f5ef7924e
pos_train_seq463_hmm_aug007,pos_train_seq463,7,406,152,254,6,0.014778325123152709,0.9852216748768473,1,"11,19,23,42,118,146",19b3cc14ae485fc20eb8ceea4bce682f3561fb7fb1eabe6f501325c51d6a7540
pos_train_seq466_hmm_aug007,pos_train_seq466,7,425,312,113,19,0.04470588235294118,0.9552941176470588,1,"34,41,59,70,80,109,113,116,120,240,241,266,274,285,292,302,353,364,412",380834ba800bbf7dfbc67abdb34c7f356e16927919efd58ef87e66ad9086f5c8
pos_train_seq467_hmm_aug007,pos_train_seq467,7,386,380,6,15,0.038860103626943004,0.961139896373057,1,"5,6,65,101,132,152,154,167,193,288,301,304,310,334,368",640df9c7b36f1dd4987403f4fb3113d3efb58763fd275f2a0516369bb16b2e8b
pos_train_seq468_hmm_aug007,pos_train_seq468,7,434,262,172,13,0.029953917050691243,0.9700460829493087,1,"31,33,38,41,90,104,116,123,156,170,249,278,316",0f43b52b28a0388e6c1102f28f9c1b491659c4db42a5b986684e87aaab7b8f0b
pos_train_seq469_hmm_aug007,pos_train_seq469,7,231,184,47,7,0.030303030303030304,0.9696969696969697,1,"56,61,187,197,199,203,219",4e3c210f63719a1a0636c0bf4725db61b5105b53681f34a349b9b1526e60bb88
pos_train_seq471_hmm_aug007,pos_train_seq471,7,437,431,6,16,0.036613272311212815,0.9633867276887872,1,"22,67,69,89,97,100,139,163,186,230,250,303,311,380,384,412",2846667f271ab3bb720aa8980e55a3ed6aa4556f7d24010ade7050ce82db199d
pos_train_seq472_hmm_aug007,pos_train_seq472,7,431,263,168,11,0.025522041763341066,0.974477958236659,1,"20,53,70,71,91,94,95,101,150,221,250",352726df1c528a8c272bbf46ca5a3a302f903a1ddc0a4d40ca4ae6d005da6597
pos_train_seq475_hmm_aug007,pos_train_seq475,7,360,145,215,8,0.022222222222222223,0.9777777777777777,1,"147,153,173,190,208,214,222,281",d40017c9aa0cecb727e0b01cf683c12072030e986ea089d6d2cf974f87412c88
pos_train_seq476_hmm_aug007,pos_train_seq476,7,407,254,153,18,0.044226044226044224,0.9557739557739557,1,"155,174,199,230,245,257,291,304,315,319,326,353,357,358,360,370,375,391",e32ef8d53b38835c3ef19797cdc04c40710659d66485b674dba30350ec0fe1fc
pos_train_seq478_hmm_aug007,pos_train_seq478,7,299,119,180,9,0.030100334448160536,0.9698996655518395,1,"63,64,69,200,204,216,222,262,263",0198a053a750913e5d11f1b3963788cbcee739cc2a7f53f2acbc854deb9c1898
pos_train_seq479_hmm_aug007,pos_train_seq479,7,370,309,61,14,0.03783783783783784,0.9621621621621621,1,"54,61,83,112,114,169,203,213,243,251,256,275,282,362",7f1bfabdb82eb8cac753e7a9ed2b35dda28066423fa3d77af5828b4475261f13
pos_train_seq480_hmm_aug007,pos_train_seq480,7,409,308,101,11,0.02689486552567237,0.9731051344743277,1,"2,123,157,162,172,189,190,205,230,351,356",1cf633a9b036cf1ca70afc9f190f1bd3ea891cdf232d09f5c7a6623f25ebc63a
pos_train_seq481_hmm_aug007,pos_train_seq481,7,209,114,95,5,0.023923444976076555,0.9760765550239234,1,"67,90,135,137,169",dd0d19f9ac1aa03723474aaf511aa880c90d12cc9561b7f57cf05ac8695955ea
pos_train_seq484_hmm_aug007,pos_train_seq484,7,359,14,345,1,0.002785515320334262,0.9972144846796658,1,223,ca3b7b15d4658ee41762c390c3db0eaf22717218e6eaa8a42cb520ca50849e4f
pos_train_seq485_hmm_aug007,pos_train_seq485,7,491,86,405,4,0.008146639511201629,0.9918533604887984,1,"158,173,175,198",bdadaae31f8febe72be4bc81199fc19687c2fac50899cfb4bfb6f8704a731e4e
pos_train_seq486_hmm_aug007,pos_train_seq486,7,184,171,13,9,0.04891304347826087,0.9510869565217391,1,"15,24,28,35,59,96,115,142,158",eb6fd4fb933b6f8363f1539b9fda1b8dbc9d7099a9c197d3e314024c9df24041
pos_train_seq487_hmm_aug007,pos_train_seq487,7,454,298,156,14,0.030837004405286344,0.9691629955947136,1,"19,20,28,39,47,220,251,256,267,287,288,361,371,412",e4ca92f6915fc261b15cd15b4cd0cf4000295369b75b3e7aa499aba977688c3b
pos_train_seq488_hmm_aug007,pos_train_seq488,7,419,356,63,22,0.05250596658711217,0.9474940334128878,1,"34,56,68,73,74,88,92,171,180,189,221,228,232,248,257,334,341,356,358,359,364,374",106344c51bf2e660f7d09f394714b2a704ac8c3b193c6efa0ee66a8e575d445a
pos_train_seq489_hmm_aug007,pos_train_seq489,7,501,173,328,8,0.015968063872255488,0.9840319361277445,1,"52,58,104,215,216,229,235,247",67b569ea851258e59dc57abcf1ee39e8ea3486b993d25b06fd3b641ab8a9a64b
pos_train_seq490_hmm_aug007,pos_train_seq490,7,136,78,58,5,0.03676470588235294,0.9632352941176471,1,"82,85,97,103,116",b31113f6525e3d2b9644d20dec94c18fec0ce4143f6c0e6c7d4097e6b97bf2fd
pos_train_seq491_hmm_aug007,pos_train_seq491,7,383,329,54,18,0.04699738903394256,0.9530026109660574,1,"19,33,34,62,90,107,126,128,164,165,189,196,202,238,264,291,310,326",14489c2d88bba3eb0fc18bc9eebf8ad9f89ad493ee44a84bb8da3c3ee258c84a
pos_train_seq492_hmm_aug007,pos_train_seq492,7,508,452,56,25,0.04921259842519685,0.9507874015748031,1,"23,30,35,54,60,100,104,121,129,146,184,219,255,274,317,327,344,356,358,366,387,394,451,465,466",acad81f4e7591adde8cfca611ba9f58ac62280f746e633310fcc7eead03dd340
pos_train_seq493_hmm_aug007,pos_train_seq493,7,296,133,163,4,0.013513513513513514,0.9864864864864865,1,"89,106,111,289",4ac238be9eaae04a38fe35557aa9d7cbbf16f25bab1303057e4d3229e5f10123
pos_train_seq494_hmm_aug007,pos_train_seq494,7,192,191,1,12,0.0625,0.9375,1,"3,13,18,20,42,52,61,105,118,125,149,171",cd63d2a3794730593ea78e4cc044c702786df946a021f0d5d0aceed9ebf32280
pos_train_seq495_hmm_aug007,pos_train_seq495,7,340,223,117,7,0.020588235294117647,0.9794117647058823,1,"183,223,234,239,309,321,334",f9a6a8441948267d2159da35ae1477b3613b77a67b14f755aef291468ca67afa
pos_train_seq496_hmm_aug007,pos_train_seq496,7,403,289,114,12,0.02977667493796526,0.9702233250620348,1,"134,180,223,235,261,264,307,316,336,387,390,393",3497479e00ec492bf95f9b35f2687302bc0e612d4153cb9e3ec492698ae33874
pos_train_seq499_hmm_aug007,pos_train_seq499,7,397,242,155,11,0.027707808564231738,0.9722921914357683,1,"177,184,199,202,206,227,233,239,280,360,369",13f40c6dd8977e607e1dd926b41642f11ef5aa9402e7db07ca6e7df01449dece
pos_train_seq500_hmm_aug007,pos_train_seq500,7,449,312,137,13,0.028953229398663696,0.9710467706013363,1,"9,12,18,72,88,89,117,121,292,316,346,361,375",b4f8326502a4e61963c9a880dfa5eb43db812d8ef9d84cd55c04c64395f84816
pos_train_seq502_hmm_aug007,pos_train_seq502,7,353,172,181,6,0.0169971671388102,0.9830028328611898,1,"66,114,135,151,182,184",6aa0a875816a5c08cebe90b9ffd1634a5e570f5789674dd7c3bab3770393e46d
pos_train_seq503_hmm_aug007,pos_train_seq503,7,153,12,141,1,0.006535947712418301,0.9934640522875817,1,8,cb84eceb5cf183063fe0c61bc965a0851138db70cf97bce3bf15937e82077f79
pos_train_seq504_hmm_aug007,pos_train_seq504,7,127,127,0,10,0.07874015748031496,0.9212598425196851,1,"5,20,37,42,64,68,75,86,91,114",8993227b505c8e96998ddfe1001d0052b67fea1cda2358e80efe8cc62752851d
pos_train_seq506_hmm_aug007,pos_train_seq506,7,415,369,46,19,0.04578313253012048,0.9542168674698795,1,"19,67,98,102,162,177,221,229,241,252,258,263,287,324,337,340,347,360,369",8f4c81cb8ef16e9e2e70cf3ad607a3e52af8636d1825dcf6f3cb8b81dbf13529
pos_train_seq507_hmm_aug007,pos_train_seq507,7,443,57,386,3,0.006772009029345372,0.9932279909706546,1,"269,335,336",d9bf5b7bba2343fa02596c0882f8f5a991eba2a3fd09453c488c2eaedd2e2b06
pos_train_seq510_hmm_aug007,pos_train_seq510,7,366,30,336,1,0.00273224043715847,0.9972677595628415,1,334,1eabc402951288bfa95cdcc5c2a1db2b8cdd7809b7bc021fe3ddb102ff35270e
pos_train_seq511_hmm_aug007,pos_train_seq511,7,476,79,397,2,0.004201680672268907,0.9957983193277311,1,"266,294",585e17f52f819e8e24bf7d8fb582fc5098563f4143072cca6d8be23e88e5d9a5
pos_train_seq514_hmm_aug007,pos_train_seq514,7,475,327,148,13,0.02736842105263158,0.9726315789473684,1,"176,196,211,224,246,270,278,285,290,294,351,390,391",02555fa799bd1f135192bc2765aaefd1ce26ca3dc98542e5dc80189424e0e320
pos_train_seq515_hmm_aug007,pos_train_seq515,7,361,107,254,5,0.013850415512465374,0.9861495844875346,1,"51,59,63,109,181",e4acc368f63d3138397f96e9182f757f40083ddd8ee67d9ddc851aebfa090e9b
pos_train_seq518_hmm_aug007,pos_train_seq518,7,429,194,235,11,0.02564102564102564,0.9743589743589743,1,"38,45,61,77,156,166,215,228,232,422,426",1abd57e935e068bd6b1675ad338938c8782f8a2994de6228fa9adbf9380944ef
pos_train_seq519_hmm_aug007,pos_train_seq519,7,358,105,253,5,0.013966480446927373,0.9860335195530726,1,"32,34,41,53,90",558206151343d6a910987a675b886277b5a964dc83f6745fb7a99188787dce22
pos_train_seq520_hmm_aug007,pos_train_seq520,7,254,79,175,3,0.011811023622047244,0.9881889763779528,1,"148,153,217",df55624db09f83450f4ec93555fae728b4a7069219bbc344190feafbc7bdc2a6
pos_train_seq521_hmm_aug007,pos_train_seq521,7,210,1,209,1,0.004761904761904762,0.9952380952380953,1,1,02355272c63111e5dceac51b42542395ecf32c39dce6a616beafe02157780021
pos_train_seq523_hmm_aug007,pos_train_seq523,7,175,37,138,2,0.011428571428571429,0.9885714285714285,1,"160,168",3abfaa62e3fb90c4e7c8ec7e87d57b1bd64e5cf624715cbdaed45f2299226fca
pos_train_seq524_hmm_aug007,pos_train_seq524,7,323,204,119,10,0.030959752321981424,0.9690402476780186,1,"24,33,38,42,46,54,106,123,134,146",336da22eb2e52cc1653b97353883d96c487f2e60f90bfeb938a7f457eb6380f6
pos_train_seq526_hmm_aug007,pos_train_seq526,7,340,88,252,6,0.01764705882352941,0.9823529411764705,1,"7,11,24,28,69,88",20cbf72f539588cef1253d06d5bc8f0e7a0f29330d5c7b277324c0fdceed9dc5
pos_train_seq527_hmm_aug007,pos_train_seq527,7,150,1,149,1,0.006666666666666667,0.9933333333333333,1,150,fbcde9fdef66be3f7c2693cc0055cd0794e1c6d818e77b83cdf049dd5064bc37
pos_train_seq528_hmm_aug007,pos_train_seq528,7,266,33,233,1,0.0037593984962406013,0.9962406015037594,1,121,a70d2b5a00b03bd64be8ca262fd2009ee6850aa1ce2841a9987608103a294955
pos_train_seq531_hmm_aug007,pos_train_seq531,7,478,437,41,18,0.03765690376569038,0.9623430962343096,1,"24,44,94,117,142,158,174,177,194,196,217,234,271,278,298,349,353,421",4a72b39e87e007d4702affc82e279e1ee7fcf59c504f1ad0791d3e3c351c95ab
pos_train_seq532_hmm_aug007,pos_train_seq532,7,327,71,256,3,0.009174311926605505,0.9908256880733946,1,"193,200,240",63cea999a6fdea9c0fff57c7c2dc30cb2fe165cb9a6471a9dca07d5ac697384a
pos_train_seq533_hmm_aug007,pos_train_seq533,7,392,117,275,12,0.030612244897959183,0.9693877551020408,1,"292,305,307,317,321,326,342,348,360,374,377,386",f6c82c0ba50de24452b21d2a1da390f7e3b6d7c168dd121553cf95ad5d356daf
pos_train_seq534_hmm_aug007,pos_train_seq534,7,440,152,288,8,0.01818181818181818,0.9818181818181818,1,"156,330,352,377,409,418,430,432",7f26905806832dfd2e2d3840fcb6d78b6736518b581c7bd47b4df15e27693b9c
pos_train_seq536_hmm_aug007,pos_train_seq536,7,377,318,59,11,0.029177718832891247,0.9708222811671088,1,"134,135,136,152,224,294,323,332,334,349,365",81041cb8a5973ecedb7ab2e83764c0ea600636849bd4923b7e2410106fc69ffe
pos_train_seq538_hmm_aug007,pos_train_seq538,7,333,48,285,2,0.006006006006006006,0.993993993993994,1,"264,279",9c06b41a09ea68ac65eaa05f985b20dfa243cdcbfdd682ed16d951b839fb44cd
pos_train_seq540_hmm_aug007,pos_train_seq540,7,140,1,139,1,0.007142857142857143,0.9928571428571429,1,140,74bbefda313f7c3f28a911a19619c22cbeaf80a2589be28201f9009150d39e73
pos_train_seq541_hmm_aug007,pos_train_seq541,7,156,78,78,4,0.02564102564102564,0.9743589743589743,1,"92,94,95,117",a53073663f7d611734fb68deba14a55173096d2aa25fa440b597373e10bc11a3
pos_train_seq543_hmm_aug007,pos_train_seq543,7,294,134,160,5,0.017006802721088437,0.9829931972789115,1,"19,30,64,75,105",c40308efce737557ac9a6b7abd37ba7efb6e86a84420adf24a33efd4fd6fd6a4
pos_train_seq544_hmm_aug007,pos_train_seq544,7,398,163,235,6,0.01507537688442211,0.9849246231155779,1,"25,65,174,294,365,381",659b4a03786018714988e2665c4fb0dc6f6396aa9df54981d63f0d1ff74dc603
pos_train_seq545_hmm_aug007,pos_train_seq545,7,359,348,11,20,0.055710306406685235,0.9442896935933147,1,"15,33,34,66,72,81,100,107,158,180,194,199,226,227,233,257,273,288,329,332",54839affe355406964f1adce644f66a08d684414c184e8e2d3edca3afb2e1048
pos_train_seq548_hmm_aug007,pos_train_seq548,7,108,76,32,7,0.06481481481481481,0.9351851851851852,1,"31,35,59,65,73,82,101",298e31004745c1f6ca792155a88315d07e2a5d334aa1bcfc1d6db01552c8a08d
pos_train_seq549_hmm_aug007,pos_train_seq549,7,331,7,324,1,0.0030211480362537764,0.9969788519637462,1,278,676e2fd3bb3fad8b237bbbb794849f8791c653ac9504f0a3f8d5ccf8a34c8e0f
pos_train_seq550_hmm_aug007,pos_train_seq550,7,439,74,365,3,0.00683371298405467,0.9931662870159453,1,"152,408,415",1b2b394adcc009e2c192c219bb2e2280e1ba8efcac298599c4636a898f99b11c
pos_train_seq551_hmm_aug007,pos_train_seq551,7,185,135,50,9,0.04864864864864865,0.9513513513513514,1,"67,89,91,105,127,136,140,161,177",ca1a5d47dedaf4cf4d9b82e2b20c20c2f38a02fc605a19708598f186656343a6
pos_train_seq552_hmm_aug007,pos_train_seq552,7,103,31,72,2,0.019417475728155338,0.9805825242718447,1,"31,33",725c8225bc85a406ccdefd0d5af247b03f359bbd9bdd4577faaa48f629db69e8
pos_train_seq555_hmm_aug007,pos_train_seq555,7,111,38,73,2,0.018018018018018018,0.9819819819819819,1,"85,89",60af2a962ed3775b7dc6b6337326a4e6845353c8ba76141b8d03702cd3239cfd
pos_train_seq556_hmm_aug007,pos_train_seq556,7,181,121,60,4,0.022099447513812154,0.9779005524861879,1,"53,99,157,159",798af2a0beaf36229c9fbfd70701c5cfd02e428d0cbf3c7fb6460c42c5617bfb
pos_train_seq557_hmm_aug007,pos_train_seq557,7,450,415,35,23,0.051111111111111114,0.9488888888888889,1,"28,30,50,130,147,166,172,178,180,187,196,206,212,222,225,258,323,333,340,365,431,433,435",593501d8316346d2ef0812d87ee452e614f0b3e482991cb28d293643673871c3
pos_train_seq558_hmm_aug007,pos_train_seq558,7,356,106,250,3,0.008426966292134831,0.9915730337078652,1,"36,63,86",ad8c9a3af2d57736577dd545d0afb9ad6ae722ccf65273b2075eb2afed31d7ab
pos_train_seq559_hmm_aug007,pos_train_seq559,7,303,255,48,7,0.0231023102310231,0.976897689768977,1,"43,46,101,178,215,234,262",3e7ddb1fab53bb8138928551f0d4297d63e23547ed0c7411eddee22e4f510161
pos_train_seq560_hmm_aug007,pos_train_seq560,7,221,72,149,6,0.027149321266968326,0.9728506787330317,1,"13,35,69,74,77,81",d4358e3a90f5e2516c4eb3cff924fb7d7816b343b658ed7abbbc6fc965a74a9e
pos_train_seq561_hmm_aug007,pos_train_seq561,7,280,141,139,5,0.017857142857142856,0.9821428571428571,1,"29,76,94,252,273",602905e60a4eed7d582506061eb06d327048c631d0e688e050b0be442a219eb3
pos_train_seq564_hmm_aug007,pos_train_seq564,7,338,63,275,6,0.01775147928994083,0.9822485207100592,1,"156,163,167,169,175,180",c7ac713ad8b0f5a6fe5b23666d8f9c08444fb8988e40135cbd2bc6ca72805227
pos_train_seq566_hmm_aug007,pos_train_seq566,7,313,195,118,8,0.025559105431309903,0.9744408945686901,1,"17,35,96,126,138,139,141,142",32bc23515dca97ab7f200f102c0bd64d3e8545422700e2c7553dfbcc9cfb3cce
pos_train_seq567_hmm_aug007,pos_train_seq567,7,478,87,391,4,0.008368200836820083,0.9916317991631799,1,"20,21,70,89",71e3d9fed959ffff3ead071d22f9abbde94cc3c4a803de6bdbbd22579b6c6fb3
pos_train_seq568_hmm_aug007,pos_train_seq568,7,390,47,343,1,0.002564102564102564,0.9974358974358974,1,52,0976cca18bf7dcb627dd5efdbacec2bc2e635a8e5c9593bc46b00fd941cbd43b
pos_train_seq569_hmm_aug007,pos_train_seq569,7,332,332,0,16,0.04819277108433735,0.9518072289156626,1,"2,22,26,37,70,77,78,84,88,108,122,124,147,225,318,327",6b033e72044373939a9b109cefa4a6efec6d0535fd2088ea2e8f66af176fcfdc
pos_train_seq570_hmm_aug007,pos_train_seq570,7,456,86,370,1,0.0021929824561403508,0.9978070175438597,1,295,098b2dc4ad014c0dc77c0784d9c0102c470dff114117bd96329a4d47da3748be
pos_train_seq572_hmm_aug007,pos_train_seq572,7,160,157,3,8,0.05,0.95,1,"9,15,21,73,76,87,123,144",22b65d9f7dfe649ded1efeb93778f5f315de7f592d3ab8d2296931be8d21e30a
pos_train_seq573_hmm_aug007,pos_train_seq573,7,265,131,134,9,0.033962264150943396,0.9660377358490566,1,"144,150,172,175,224,243,247,263,264",9781bd68a13b98f6bc8d9d948db7e1e52006be3f856068f78f501d63c749818b
pos_train_seq574_hmm_aug007,pos_train_seq574,7,392,224,168,11,0.02806122448979592,0.9719387755102041,1,"4,11,79,116,139,170,234,245,268,270,286",1f6de13accdfdfbca3cb3e8d0cada5a8e218fcd2fbf9a9bf97ffec866c70d782
pos_train_seq576_hmm_aug007,pos_train_seq576,7,443,59,384,5,0.011286681715575621,0.9887133182844243,1,"279,290,326,337,348",e22d8ab6444039706a9bbef799f970e49fd3c1bef36a0b5705e0261a35bb016d
pos_train_seq577_hmm_aug007,pos_train_seq577,7,281,3,278,1,0.0035587188612099642,0.99644128113879,1,46,0a9d5224d1aec8302f03715643e603f866918dc72e8e13c7e5c6884b18f50c0e
pos_train_seq579_hmm_aug007,pos_train_seq579,7,175,36,139,1,0.005714285714285714,0.9942857142857143,1,155,2df972d2243279c04630cc3d5c8980d8b63f8865c3380c934d68f45b93fdbea7
pos_train_seq580_hmm_aug007,pos_train_seq580,7,501,408,93,17,0.033932135728542916,0.9660678642714571,1,"28,45,58,60,70,124,132,151,174,210,250,253,265,269,336,469,483",0015fca98fb0f97a8d3bd92888887c316a5b85c85b063635daef4104b6007826
pos_train_seq581_hmm_aug007,pos_train_seq581,7,313,155,158,5,0.01597444089456869,0.9840255591054313,1,"68,74,123,159,176",45fd73a29ce92cd335b6e439b6b722bdf7c31868cc66e771d0282edf639df6fe
pos_train_seq582_hmm_aug007,pos_train_seq582,7,363,160,203,14,0.03856749311294766,0.9614325068870524,1,"31,33,55,64,73,184,185,191,277,328,348,351,352,356",90415fa3eeaef847139edc7244fcd7164c29b1046ebbe4586435f1b4112d8339
pos_train_seq583_hmm_aug007,pos_train_seq583,7,407,153,254,9,0.022113022113022112,0.9778869778869779,1,"22,30,57,67,72,77,122,124,126",34e722e57e04446a59f6919f4e00161f3b6b665cfa21e4a8ff7b0c9bbc6ba61d
pos_train_seq584_hmm_aug007,pos_train_seq584,7,133,119,14,7,0.05263157894736842,0.9473684210526316,1,"7,36,45,78,91,104,116",079caf69cfbb75ebf7bdb749282159d5846ad44f52e54a7a449e4e619c84e420
pos_train_seq585_hmm_aug007,pos_train_seq585,7,411,122,289,8,0.019464720194647202,0.9805352798053528,1,"230,269,311,316,318,332,343,348",2f3851ded3d598a26bb6aee62d06cece254ff07bfb8ec1550210d4328c1621d8
pos_train_seq587_hmm_aug007,pos_train_seq587,7,163,75,88,3,0.018404907975460124,0.9815950920245399,1,"18,53,70",445474bacf31cf4862bd147a93dfeb0c95cb7c8df16a0ed89c6b7e4c388f737f
pos_train_seq591_hmm_aug007,pos_train_seq591,7,444,254,190,17,0.038288288288288286,0.9617117117117118,1,"173,179,194,202,214,232,235,241,294,300,313,328,334,339,342,350,429",87d54484d220e614211593ab4faa4a12c5a0bea6e4a2f5d659f17608abc33dea
pos_train_seq0_hmm_aug008,pos_train_seq0,8,496,354,142,19,0.038306451612903226,0.9616935483870968,1,"77,100,147,161,168,203,213,249,264,289,295,298,311,317,321,328,418,426,430",dfc70f910dd7f1bba3ec681ed13c1475bf6579439b23a6d20ac79c7bad07ff50
pos_train_seq1_hmm_aug008,pos_train_seq1,8,231,231,0,12,0.05194805194805195,0.948051948051948,1,"28,32,46,56,100,101,107,117,140,153,207,218",668c664446f7cd0dbf41ddafdbc8c5b2ee4c5acd56d3d93ff7c4d8d3c6e64afc
pos_train_seq2_hmm_aug008,pos_train_seq2,8,163,78,85,3,0.018404907975460124,0.9815950920245399,1,"21,71,78",a54dba677f22b2156b503149e6d9a20f35fe09e9ec6f73e40707d09836b066bd
pos_train_seq3_hmm_aug008,pos_train_seq3,8,157,120,37,4,0.025477707006369428,0.9745222929936306,1,"1,6,27,82",7bd50f21d521269666c17d8569d69fb0639aaae5f3ad1ebf1053450a526e850c
pos_train_seq7_hmm_aug008,pos_train_seq7,8,480,148,332,10,0.020833333333333332,0.9791666666666666,1,"120,126,153,246,261,291,341,347,354,378",9eb5eeef066c2c1703eb7cba8358b9ca00f83e70058be9cd6b2afac5d601b7e4
pos_train_seq8_hmm_aug008,pos_train_seq8,8,180,1,179,1,0.005555555555555556,0.9944444444444445,1,97,70dc7205ebb459d1343580e144455a263aa43996a1a5e8c66caa79a67631b26f
pos_train_seq10_hmm_aug008,pos_train_seq10,8,474,318,156,19,0.04008438818565401,0.959915611814346,1,"16,27,31,35,62,102,126,154,189,192,202,218,228,242,263,277,282,294,304",a51a3e73bc6da4530cc5b971a7881a94c116cb643d7602679a065378cfd10e1d
pos_train_seq11_hmm_aug008,pos_train_seq11,8,378,159,219,11,0.0291005291005291,0.9708994708994709,1,"40,54,55,56,78,123,124,151,163,164,183",7d314bfde6afac5c5cba60d6d49307da228b9c7f373753990800ca21eecaf841
pos_train_seq12_hmm_aug008,pos_train_seq12,8,359,6,353,1,0.002785515320334262,0.9972144846796658,1,181,a5c6b417ffd468c73040b122a2089e8e77066ad9ff4bb5f979ee51c88a146807
pos_train_seq14_hmm_aug008,pos_train_seq14,8,501,305,196,11,0.021956087824351298,0.9780439121756487,1,"124,128,141,185,205,232,238,321,349,355,357",cdadfcf978f41cd01d14015cc40dfbef1d9b8434486caf21e47c715d162d78cb
pos_train_seq16_hmm_aug008,pos_train_seq16,8,461,210,251,7,0.015184381778741865,0.9848156182212582,1,"16,84,100,123,157,162,428",4075cc527d932589eec00c1b39f70010a2a4f8d239a647d0d23547f4761fce88
pos_train_seq17_hmm_aug008,pos_train_seq17,8,280,124,156,5,0.017857142857142856,0.9821428571428571,1,"82,84,231,245,254",98568cabae1b78c7286efb08787348eea91424f73b360c426371c8cdd5011956
pos_train_seq18_hmm_aug008,pos_train_seq18,8,184,171,13,8,0.043478260869565216,0.9565217391304348,1,"34,41,52,102,124,169,175,179",a5c381b033456659a1a94efc0e864c4989ed857ff2dbe9068cd79e8d88669ce7
pos_train_seq19_hmm_aug008,pos_train_seq19,8,501,305,196,14,0.027944111776447105,0.9720558882235529,1,"70,126,134,152,166,167,169,170,191,210,276,318,323,341",51feee541bbae0f913c635789f17d36d56d29c15c1a28d92aeedfe2ab0da86b4
pos_train_seq24_hmm_aug008,pos_train_seq24,8,165,4,161,1,0.006060606060606061,0.9939393939393939,1,159,ed04cdd4036ac6cbaa79ee09885fab3dcef1870932b6ce3d1147655a981044f3
pos_train_seq25_hmm_aug008,pos_train_seq25,8,198,190,8,7,0.03535353535353535,0.9646464646464646,1,"23,33,35,124,138,156,164",84b6b557779c3fadd894d30d6bb41a55adc6572ad403ce2f07e8dbc8f122395d
pos_train_seq28_hmm_aug008,pos_train_seq28,8,391,312,79,11,0.028132992327365727,0.9718670076726342,1,"30,44,84,100,162,184,218,259,291,311,321",d291a9b1f96a63c755d35cf5f3e24a28e6c4341aeba79ff84111264aedece0d6
pos_train_seq29_hmm_aug008,pos_train_seq29,8,267,135,132,6,0.02247191011235955,0.9775280898876404,1,"27,71,76,103,142,167",2770a8d23093875aa4c79f056e812175ffac8765c226b71f674ba38257b34392
pos_train_seq31_hmm_aug008,pos_train_seq31,8,388,18,370,1,0.002577319587628866,0.9974226804123711,1,361,cae328038c1c8cbd51349ddd92705e12126fc62f1f49588a6454c8e4b0ad699e
pos_train_seq32_hmm_aug008,pos_train_seq32,8,240,131,109,6,0.025,0.975,1,"105,124,126,136,190,204",8a08ecf3fb38a8ffa642667f73b57b0eed55562561a6c94e8c86352df372b502
pos_train_seq33_hmm_aug008,pos_train_seq33,8,495,493,2,23,0.046464646464646465,0.9535353535353536,1,"28,49,111,130,133,148,161,190,210,213,248,270,273,309,331,343,392,399,436,465,466,478,489",96767faafa4584adaab1533ccf570f464757a5172ff9589b2c3d1ba44d450a5d
pos_train_seq34_hmm_aug008,pos_train_seq34,8,357,189,168,5,0.014005602240896359,0.9859943977591037,1,"59,68,277,281,320",7e2a73490c9db04ae1e14b712c7086d39e8a03baa3f66c65163911156ab55e4d
pos_train_seq35_hmm_aug008,pos_train_seq35,8,214,135,79,4,0.018691588785046728,0.9813084112149533,1,"10,82,153,161",84b61c548c9667a53cd8a13b50f270878dd3d81a01c86489e9d4cb00550125c5
pos_train_seq36_hmm_aug008,pos_train_seq36,8,412,405,7,20,0.04854368932038835,0.9514563106796117,1,"5,30,37,67,69,80,88,94,97,120,138,162,188,223,290,341,354,366,373,396",d6bba24033579a858ca7c29d8cbde2f201df83005874cb867e54525f15a72246
pos_train_seq37_hmm_aug008,pos_train_seq37,8,213,94,119,8,0.03755868544600939,0.9624413145539906,1,"31,32,37,65,68,176,203,207",506157aa7acf0d41a2f947d78c7e05d9a9dac843241470e839295230437b6300
pos_train_seq38_hmm_aug008,pos_train_seq38,8,352,148,204,8,0.022727272727272728,0.9772727272727273,1,"154,178,207,237,240,242,266,268",b72cde7835a456dcf99c6f66590c07bbb50ed7f6e002fa63199983cc7ac4aeb4
pos_train_seq39_hmm_aug008,pos_train_seq39,8,328,108,220,7,0.021341463414634148,0.9786585365853658,1,"110,115,116,127,269,270,288",1305de0b5f6fe6ec627385448bbadca0cb14cb767be2cc5dba4e4ec55b811a12
pos_train_seq42_hmm_aug008,pos_train_seq42,8,387,240,147,9,0.023255813953488372,0.9767441860465116,1,"53,65,73,133,146,163,179,181,220",e2a0f477c2b86c64d81d4bf2c096b050325781eb3f71f75d2a809894fe2ee81e
pos_train_seq44_hmm_aug008,pos_train_seq44,8,452,227,225,5,0.011061946902654867,0.9889380530973452,1,"254,260,326,333,367",fa3c9dc32f0ea9524edc73d9a77cb2087e3617d0f2dd8aec1016542d6e5f476f
pos_train_seq45_hmm_aug008,pos_train_seq45,8,429,252,177,21,0.04895104895104895,0.951048951048951,1,"22,25,29,33,81,85,170,176,177,195,202,213,217,246,247,254,269,287,324,325,329",1f5dda330930c55118cecf063c7d31f13abc45eae0936616d43f0f4b5ea6a75f
pos_train_seq46_hmm_aug008,pos_train_seq46,8,392,47,345,1,0.002551020408163265,0.9974489795918368,1,71,84826e1933084a911a869dd0b173f3a18e27c86e3dbf687d4ba5b4b95e3d7baa
pos_train_seq47_hmm_aug008,pos_train_seq47,8,127,126,1,10,0.07874015748031496,0.9212598425196851,1,"22,24,32,59,79,83,89,106,114,119",d961d696db9a2b7e19772d561d53961bd0f7948c74297905514b3a0702a738af
pos_train_seq50_hmm_aug008,pos_train_seq50,8,343,145,198,7,0.02040816326530612,0.9795918367346939,1,"201,214,269,293,314,315,319",7020dcf26f0a51bcfd832e838343772dabc397c18204cd9f78bd5041858231a4
pos_train_seq51_hmm_aug008,pos_train_seq51,8,401,12,389,1,0.0024937655860349127,0.9975062344139651,1,313,6d3aca2cd0d3d56cfca064e00b8253faa3a290f39736d2be640f7e23dfa3e408
pos_train_seq52_hmm_aug008,pos_train_seq52,8,175,37,138,1,0.005714285714285714,0.9942857142857143,1,153,512bf0a6f4420a53fe81f8b3a69ae6c1d2f070f25b82b22f33dc3677c183e173
pos_train_seq54_hmm_aug008,pos_train_seq54,8,376,282,94,15,0.0398936170212766,0.9601063829787234,1,"15,62,89,106,108,109,227,253,278,285,304,321,322,344,366",6eb22db8882d87ad63e546d47388404adae9f39364887e87716215f05bc56049
pos_train_seq55_hmm_aug008,pos_train_seq55,8,393,186,207,11,0.027989821882951654,0.9720101781170484,1,"111,115,127,136,138,145,165,182,195,228,342",867d6ce6d6e4096a93cffc2b6da0212d9c95f6218c475e2b71cceed2d84d2225
pos_train_seq57_hmm_aug008,pos_train_seq57,8,246,35,211,1,0.0040650406504065045,0.9959349593495935,1,232,cacc4846bcb8306520b51bb4cb866b86c981e065fad74f1228d99215bfc8c08e
pos_train_seq59_hmm_aug008,pos_train_seq59,8,185,137,48,12,0.06486486486486487,0.9351351351351351,1,"47,53,68,83,91,112,114,138,139,166,168,178",e4ff6d4aed607dc2916febef0b5b2896cc7a3c559cbafb8b69f9858a305859b8
pos_train_seq60_hmm_aug008,pos_train_seq60,8,341,304,37,19,0.05571847507331378,0.9442815249266863,1,"35,48,58,61,72,103,119,164,174,196,205,211,226,240,257,259,263,292,301",67cda90217838b65d72a3477b7ca194194aed03c10beb0b222254b3e1f045256
pos_train_seq65_hmm_aug008,pos_train_seq65,8,341,271,70,23,0.06744868035190615,0.9325513196480939,1,"80,88,102,105,112,114,135,167,172,181,182,227,231,234,248,256,288,295,310,311,323,330,333",8526f7059c9f7d8416aa40ef821fba3e9b4bc13ee0c7123b2cba88dbb13a8f09
pos_train_seq66_hmm_aug008,pos_train_seq66,8,481,468,13,27,0.056133056133056136,0.9438669438669438,1,"83,95,114,118,136,141,152,169,178,207,219,228,231,242,255,261,270,324,328,340,346,371,374,395,409,419,445",f33244f9285533c86cd7d9e6da78f14953b043418ee27ecdf8d5f9e6f1777cb1
pos_train_seq67_hmm_aug008,pos_train_seq67,8,326,314,12,17,0.05214723926380368,0.9478527607361963,1,"34,40,46,56,98,129,151,159,164,199,247,265,269,286,290,295,309",6075569789734128fd6b82e5456e01a95fa9e98844e15f51907d7bbf0b69dbfe
pos_train_seq68_hmm_aug008,pos_train_seq68,8,341,228,113,15,0.04398826979472141,0.9560117302052786,1,"23,40,94,95,110,113,116,124,234,257,284,316,328,333,338",e63725329e4e7859ca6be893f30e3ce2514c3e9bf03261f37f5bd61ab2fda6ca
pos_train_seq69_hmm_aug008,pos_train_seq69,8,394,379,15,17,0.04314720812182741,0.9568527918781726,1,"48,69,85,87,98,107,113,114,137,158,254,281,297,335,359,385,393",2592245e7928f4cef0d4510d5c8c9ab6efa27c13d701e45f11a9b9308bdfb0c5
pos_train_seq70_hmm_aug008,pos_train_seq70,8,130,78,52,3,0.023076923076923078,0.9769230769230769,1,"73,80,96",d3b13c108dee3676b231fda5dcc48fdd6a82df3b1f9b367ebeb9533bb01d3214
pos_train_seq73_hmm_aug008,pos_train_seq73,8,201,191,10,8,0.03980099502487562,0.9601990049751243,1,"12,17,23,96,125,131,146,168",08bffa65724866692846a10bc7fd21859e9bfa68e5514e08d42010ef20addc03
pos_train_seq75_hmm_aug008,pos_train_seq75,8,501,173,328,10,0.01996007984031936,0.9800399201596807,1,"36,68,77,103,108,116,117,136,260,261",f0e35497eeecfc432a4b5fe1a04024c9d418187709bdc33f81c651ab163ce006
pos_train_seq76_hmm_aug008,pos_train_seq76,8,183,123,60,3,0.01639344262295082,0.9836065573770492,1,"49,94,144",4bec263c8bdfb8458a63f82e59b9c34886106cba3351ed8a4983ec2e39e587fa
pos_train_seq79_hmm_aug008,pos_train_seq79,8,178,157,21,4,0.02247191011235955,0.9775280898876404,1,"40,61,100,174",98498ab150951fdbd9f8a5aeac279467ac55ca683a2b4db05ba473a2fc470749
pos_train_seq80_hmm_aug008,pos_train_seq80,8,427,281,146,14,0.03278688524590164,0.9672131147540983,1,"121,130,147,159,166,189,234,244,279,350,371,378,400,422",e98dc1db99c57b6e666c43c7a6cf7dc34a19c704bdfd2f1698400586ac804caa
pos_train_seq82_hmm_aug008,pos_train_seq82,8,479,466,13,32,0.06680584551148225,0.9331941544885177,1,"12,32,61,71,73,78,86,88,96,104,105,115,145,204,207,214,225,226,231,259,263,280,303,304,315,358,361,364,365,376,422,452",58ff314faf50c7a673472941152530de44249c64a16ec82f76c8318d0427b08b
pos_train_seq86_hmm_aug008,pos_train_seq86,8,377,318,59,18,0.04774535809018567,0.9522546419098143,1,"100,125,135,149,182,201,210,238,242,255,273,274,291,296,319,350,357,364",52ae2059355bbde00f0daaaf66b609e5ab53f88c2b90d9aa0793390408613c3d
pos_train_seq87_hmm_aug008,pos_train_seq87,8,321,199,122,12,0.037383177570093455,0.9626168224299065,1,"97,102,105,109,117,122,170,187,189,211,259,266",d696d005a4f890eceb7770fba775f9e3e640ef06ed5e37a565d0a665b80a2001
pos_train_seq89_hmm_aug008,pos_train_seq89,8,493,325,168,13,0.02636916835699797,0.973630831643002,1,"77,111,133,137,161,168,214,215,240,320,332,344,372",bf68c63fd6cd323abe93c01b67ced5482cba0fb72f73eb4bc67fbb1fecea5f02
pos_train_seq90_hmm_aug008,pos_train_seq90,8,435,229,206,15,0.034482758620689655,0.9655172413793104,1,"205,213,267,269,285,293,312,361,367,372,376,399,400,417,427",888ca270a9820241917f41c7eb91671f2723d045d05edde9f77cd1478457e973
pos_train_seq91_hmm_aug008,pos_train_seq91,8,472,313,159,14,0.029661016949152543,0.9703389830508474,1,"11,64,82,114,122,136,148,152,284,342,357,362,367,370",f7c586887d440e133e331880b1a904cec328b087cb56c1aab1c930940f92840e
pos_train_seq93_hmm_aug008,pos_train_seq93,8,316,127,189,7,0.022151898734177215,0.9778481012658228,1,"21,59,68,71,93,98,109",c027462ce5e6d67b1878f5e481675708e633540c8762e2df0f190a6e39a7066c
pos_train_seq94_hmm_aug008,pos_train_seq94,8,422,246,176,12,0.02843601895734597,0.9715639810426541,1,"37,56,74,96,128,145,175,176,216,360,384,410",67ad94ba418275f5ef0e30538f3db3bc0c44bba0f8788baae6bc2cb6ea835db5
pos_train_seq95_hmm_aug008,pos_train_seq95,8,341,168,173,5,0.01466275659824047,0.9853372434017595,1,"15,54,72,143,170",2534a61e4707d3f6b0adee4b039c860596cbc466b6c28f5442a6a557f89fd989
pos_train_seq96_hmm_aug008,pos_train_seq96,8,336,214,122,12,0.03571428571428571,0.9642857142857143,1,"49,60,81,130,142,251,254,276,292,295,298,325",44c2eb6bd9007e9f4dc34082ac503c15d8529fd5c66953d765e4e3d0bae894e2
pos_train_seq97_hmm_aug008,pos_train_seq97,8,191,117,74,8,0.041884816753926704,0.9581151832460733,1,"30,39,41,46,61,68,120,172",762121cbea47622297af4ee51e6aee667aac0692497a8e3a5f3513a1bd0af454
pos_train_seq98_hmm_aug008,pos_train_seq98,8,178,107,71,4,0.02247191011235955,0.9775280898876404,1,"16,75,95,108",a5dcc938fd38805602e9b50722bd45e2e6749e5c783616dd55ee160a8e1fe51a
pos_train_seq99_hmm_aug008,pos_train_seq99,8,125,114,11,9,0.072,0.928,1,"26,33,38,45,54,102,111,122,123",d74fb8b2cfa36024e0833e819d21967825c632a78d4301ad7b8599d2b517e3e4
pos_train_seq101_hmm_aug008,pos_train_seq101,8,297,210,87,14,0.04713804713804714,0.9528619528619529,1,"43,72,91,160,170,178,188,218,221,222,225,226,231,239",c931981c84aeb35ba233117f912b4641d78a7662144adf279ae3b81b71ed1d69
pos_train_seq103_hmm_aug008,pos_train_seq103,8,426,256,170,13,0.03051643192488263,0.9694835680751174,1,"6,15,20,66,78,110,165,179,203,207,218,233,389",befe1c501dd166a54bfb67c31eb8150ea5008b2e4548b48e25905e29d30efedf
pos_train_seq104_hmm_aug008,pos_train_seq104,8,332,326,6,21,0.06325301204819277,0.9367469879518072,1,"2,68,69,86,103,106,115,119,133,176,190,191,192,194,225,230,233,254,279,291,296",3a784450deb457d44f4ea048eb2fe0c8dae14623b1a495d901cb0c0c340ca68a
pos_train_seq105_hmm_aug008,pos_train_seq105,8,380,78,302,8,0.021052631578947368,0.9789473684210527,1,"269,270,280,291,294,309,313,339",33c972d446ff27a584208f92bee5b00dc00131f998a5d9e43555ab9d1a8841f4
pos_train_seq106_hmm_aug008,pos_train_seq106,8,320,156,164,11,0.034375,0.965625,1,"10,30,52,55,105,122,123,144,162,174,182",1379ccb21947bb1c54d6c5e0ede0d5aa4cca4b63714d68f5e283f47e641ee24f
pos_train_seq107_hmm_aug008,pos_train_seq107,8,219,162,57,7,0.0319634703196347,0.9680365296803652,1,"23,27,38,53,99,148,159",3d5eda4a74c1c6b2d150607f7a5fa858e0cb38a841ecef7d2ed25a131335fcb7
pos_train_seq108_hmm_aug008,pos_train_seq108,8,189,181,8,3,0.015873015873015872,0.9841269841269842,1,"22,138,158",4dcda3b558e56f91993edd40d73316d32df5830a206bcd2316cf2fae310d2863
pos_train_seq109_hmm_aug008,pos_train_seq109,8,244,75,169,3,0.012295081967213115,0.9877049180327869,1,"95,100,131",cfba7581314aed1a407f71a9bd7e2752a0410dacf946524c07d62fbcbf4ffbb1
pos_train_seq112_hmm_aug008,pos_train_seq112,8,194,36,158,4,0.020618556701030927,0.979381443298969,1,"40,43,61,64",885ae71ef52ee12db63d41acca1c55da337f2b2e77afb0d3489c811cb17c55e2
pos_train_seq113_hmm_aug008,pos_train_seq113,8,427,344,83,8,0.01873536299765808,0.9812646370023419,1,"192,276,277,305,315,321,350,364",36e9fe1e4902731b0b3bf163ffb0314c2181a448649ede1885efe854627337d3
pos_train_seq116_hmm_aug008,pos_train_seq116,8,272,267,5,14,0.051470588235294115,0.9485294117647058,1,"57,66,81,88,102,109,114,177,183,187,227,235,244,259",143393bd16f43bbc437850d32462098ea7903814734a5226dce2c51bec53aa70
pos_train_seq118_hmm_aug008,pos_train_seq118,8,339,177,162,7,0.02064896755162242,0.9793510324483776,1,"173,184,214,223,227,270,297",534e63b27d1976cd6711975d457875f7c6303d7908b4767865702b56f7c274f9
pos_train_seq119_hmm_aug008,pos_train_seq119,8,471,157,314,6,0.012738853503184714,0.9872611464968153,1,"106,107,110,131,219,222",edd5d518a98fa057d3bf4b45231e42a9712272727f70a713a61e4992c4e794e3
pos_train_seq121_hmm_aug008,pos_train_seq121,8,172,131,41,9,0.05232558139534884,0.9476744186046512,1,"22,26,67,72,98,105,114,115,121",18a66b157033385a375bf1bee73f1239c544a3065975b4605001607d25ff28a4
pos_train_seq122_hmm_aug008,pos_train_seq122,8,175,157,18,7,0.04,0.96,1,"3,32,44,51,112,151,175",f00416705ef954a84d27aaef7f5729798a59bb21b787ed608ae94c8a430357ab
pos_train_seq123_hmm_aug008,pos_train_seq123,8,175,37,138,3,0.017142857142857144,0.9828571428571429,1,"133,151,154",e53927a6d0c7c7e8099fe1f716f4f9ca2ecfb62dd942946c7201dc190f21d7b2
pos_train_seq124_hmm_aug008,pos_train_seq124,8,375,285,90,12,0.032,0.968,1,"5,6,11,65,98,102,134,142,218,222,231,260",59dd6b4316f7ac5a79714abf15d2079228094715df24463ef602e0bbf9b7800d
pos_train_seq126_hmm_aug008,pos_train_seq126,8,196,188,8,7,0.03571428571428571,0.9642857142857143,1,"21,73,109,125,179,192,195",b0722a8d947c86d2e8be8466f1f8739bca50f2f3ea62949190f4cfeefd31ee9c
pos_train_seq127_hmm_aug008,pos_train_seq127,8,454,363,91,20,0.04405286343612335,0.9559471365638766,1,"101,102,104,126,134,150,179,236,264,267,271,336,353,355,365,372,381,409,433,436",d89e9264a9cb1fe0b3c4b309931a727c73264fd91818484775edd59a276d965c
pos_train_seq129_hmm_aug008,pos_train_seq129,8,385,19,366,1,0.0025974025974025974,0.9974025974025974,1,336,9ef4d05308bea9c7c3be49599a7b5635a0d17e0a189d322250686546af5ea7af
pos_train_seq130_hmm_aug008,pos_train_seq130,8,307,47,260,1,0.003257328990228013,0.996742671009772,1,218,710a585461f8c9fb9dd3f3b3e91bc710c15d8d6b26e5409be0a686c3f461be1e
pos_train_seq132_hmm_aug008,pos_train_seq132,8,241,59,182,6,0.024896265560165973,0.975103734439834,1,"137,140,152,153,159,160",0b60144c50ed0418fc0132389fb06cc6dcbe486bd58f173cef8481fa99771dfa
pos_train_seq133_hmm_aug008,pos_train_seq133,8,284,83,201,4,0.014084507042253521,0.9859154929577465,1,"83,113,114,143",75bd4a288844a899d4057a8ce12b8efe0de5942557b7e7c7ea3f935277a246b6
pos_train_seq135_hmm_aug008,pos_train_seq135,8,185,73,112,4,0.021621621621621623,0.9783783783783784,1,"27,28,41,142",e7cc4caebcd91b8a2e98d34040ba58f18a46dc91faf2dd09f355800e8499c687
pos_train_seq137_hmm_aug008,pos_train_seq137,8,435,239,196,13,0.029885057471264367,0.9701149425287356,1,"37,38,117,128,141,148,150,156,168,176,181,226,238",8fbc02430b73819ea9e72b5749dd806dbd64f0a124bf4402bd9f4751e4bc11c7
pos_train_seq138_hmm_aug008,pos_train_seq138,8,452,88,364,9,0.01991150442477876,0.9800884955752213,1,"28,30,51,52,53,54,64,73,77",b7146fd9088cacf8cf1fc7e2ef427e552bdab203bf0506c48b288be5a676050b
pos_train_seq139_hmm_aug008,pos_train_seq139,8,297,179,118,12,0.04040404040404041,0.9595959595959596,1,"31,90,113,121,122,194,232,240,257,266,276,280",7ab4b2458589fb8daf674196f5db173c23ab4c30b34e5fd36d366b8cd1901f04
pos_train_seq140_hmm_aug008,pos_train_seq140,8,414,249,165,8,0.01932367149758454,0.9806763285024155,1,"42,61,87,98,165,211,227,242",5e750a6595d49d3d84fc31ac5eab66c27ddfe264b278e0f89db94583d44f6b71
pos_train_seq143_hmm_aug008,pos_train_seq143,8,454,373,81,16,0.03524229074889868,0.9647577092511013,1,"35,82,83,94,100,134,151,180,254,279,308,310,311,313,337,338",2883f8b054d85a23987d6a29c20f2d16c463054ccdc5157eaaabb7e5085df7f8
pos_train_seq144_hmm_aug008,pos_train_seq144,8,437,99,338,7,0.016018306636155607,0.9839816933638444,1,"93,128,131,161,164,167,179",80aa7e48adc2840fe30459ffbf911560f342eabe46e21a665a447b0dccdb9506
pos_train_seq145_hmm_aug008,pos_train_seq145,8,441,4,437,1,0.0022675736961451248,0.9977324263038548,1,352,9d9e53d479ff762962be020cfce75b3d2d86cb1ec6e8a637d7b1f86a9c57743f
pos_train_seq146_hmm_aug008,pos_train_seq146,8,196,39,157,2,0.01020408163265306,0.9897959183673469,1,"93,107",374ff8337ecf35f0d90f3773743e272a5f894ac90728f2544bde935169e2193a
pos_train_seq148_hmm_aug008,pos_train_seq148,8,475,327,148,9,0.018947368421052633,0.9810526315789474,1,"152,159,207,261,264,274,341,375,435",5bed6fcc6ed1042c0591e0a8552c7eca99a6ac0e2ca9f098c2feea15e3dccbea
pos_train_seq151_hmm_aug008,pos_train_seq151,8,414,360,54,26,0.06280193236714976,0.9371980676328502,1,"5,23,28,31,39,45,59,121,188,189,195,200,217,251,253,257,338,341,342,348,352,360,376,379,401,406",1a9a87f5f85eff988f97a97163ae3c10c2a8baa174c3203342835aec85c041a1
pos_train_seq153_hmm_aug008,pos_train_seq153,8,163,75,88,4,0.024539877300613498,0.9754601226993865,1,"13,14,26,84",258d81a7f2619934b87dca694db90dbd81c8c0551d7618e077d250aec1da0a96
pos_train_seq155_hmm_aug008,pos_train_seq155,8,471,138,333,2,0.004246284501061571,0.9957537154989384,1,"99,147",72759119bf245200049712460aa601c33e248a727ab2208479922167d273c535
pos_train_seq157_hmm_aug008,pos_train_seq157,8,268,245,23,9,0.033582089552238806,0.9664179104477612,1,"24,50,82,88,103,154,191,205,214",84040c881f994975b7e5fcfcc1d953aab621456a7a262046b6a3d5d0d2b6ed11
pos_train_seq158_hmm_aug008,pos_train_seq158,8,214,189,25,10,0.04672897196261682,0.9532710280373832,1,"9,52,54,61,75,87,99,127,138,204",5d14dcea468d4c93b42b1ae004df3eb76527e01015b225c319dd3111f7747c0e
pos_train_seq160_hmm_aug008,pos_train_seq160,8,311,155,156,7,0.022508038585209004,0.977491961414791,1,"23,47,53,102,116,134,180",d282d6a844a10042d28a597067035cb6de1d7b3f0c68ea0e38c5268f1a0d9151
pos_train_seq161_hmm_aug008,pos_train_seq161,8,501,84,417,9,0.017964071856287425,0.9820359281437125,1,"288,291,306,307,324,328,338,353,368",7cdbb1690f195eb42b84982f76b78c4858b2d6a199fad9b8090d6008ab64ed41
pos_train_seq163_hmm_aug008,pos_train_seq163,8,163,72,91,2,0.012269938650306749,0.9877300613496932,1,"48,56",9bf9477fa7851b9b7e16c572bfe36e1bcb0cdf9e09f10fc53cc907b24dc55174
pos_train_seq165_hmm_aug008,pos_train_seq165,8,457,403,54,18,0.03938730853391685,0.9606126914660832,1,"30,45,59,77,95,129,133,151,195,205,211,224,306,311,321,354,410,438",e98aad884439266977a2bfbf30dccd419de1ec7c9481716f32f0902d9fad2007
pos_train_seq166_hmm_aug008,pos_train_seq166,8,178,165,13,8,0.0449438202247191,0.9550561797752809,1,"34,40,83,92,119,130,132,164",08c91c3995fbac592ab15fe6a646248334bb52af4a747741dc6595da2dbeab47
pos_train_seq169_hmm_aug008,pos_train_seq169,8,130,23,107,1,0.007692307692307693,0.9923076923076923,1,73,4391ab32d97d0e78545c953f87497cffebdea787e963dc937e842f4050338fb6
pos_train_seq171_hmm_aug008,pos_train_seq171,8,69,5,64,1,0.014492753623188406,0.9855072463768116,1,36,486737153bdfb266df20026eb21d75bd162e68d2f2434e96939c8d316a62f476
pos_train_seq173_hmm_aug008,pos_train_seq173,8,431,258,173,20,0.04640371229698376,0.9535962877030162,1,"5,9,20,33,38,46,51,68,96,97,98,129,144,178,192,196,224,233,251,253",4513a8580eb4f8bbce9a870553aaf70946565a4a8c21c818406635ca15b68959
pos_train_seq174_hmm_aug008,pos_train_seq174,8,453,50,403,4,0.008830022075055188,0.9911699779249448,1,"26,33,36,103",bef5697c9dbdb1601fe29a1a8246e42dbd06b3017b57f4c45ad6f85a12a4b718
pos_train_seq176_hmm_aug008,pos_train_seq176,8,175,37,138,1,0.005714285714285714,0.9942857142857143,1,133,b3211a1cc77d939b604f6c135bf97e697e36b964f9b291bdcdfdbab5e71931b6
pos_train_seq178_hmm_aug008,pos_train_seq178,8,321,1,320,1,0.003115264797507788,0.9968847352024922,1,321,0f6f11d0c0169f1d1c002d4cb53f9dda9a864be981aa78153733456b4b9a6a22
pos_train_seq179_hmm_aug008,pos_train_seq179,8,134,7,127,1,0.007462686567164179,0.9925373134328358,1,25,22190bffa717739635ac917ef168074f506cefe7a6db59ac2d590744d703370b
pos_train_seq180_hmm_aug008,pos_train_seq180,8,405,23,382,1,0.0024691358024691358,0.9975308641975309,1,50,53fbf71a4f04d509cbb6d1d58b775d91c9126e7a9769a641dacdd3bfb6ad61f6
pos_train_seq181_hmm_aug008,pos_train_seq181,8,175,36,139,1,0.005714285714285714,0.9942857142857143,1,154,d970d14de467420f2352fcabaa137a1f8e395d3ab4c5f100716d247c8538ddc1
pos_train_seq183_hmm_aug008,pos_train_seq183,8,412,411,1,15,0.03640776699029126,0.9635922330097088,1,"93,103,108,119,123,150,173,182,211,218,237,272,274,278,346",e1c94486dcc2a8b0e477ae365d8bff3411b64664799ffe4fe9c548e2ad77c7f0
pos_train_seq184_hmm_aug008,pos_train_seq184,8,158,145,13,12,0.0759493670886076,0.9240506329113924,1,"27,29,33,37,39,45,51,70,81,92,117,118",0c703e0f949791e2764b289984aeb5a1d1d303d498ab3646f43b4da40f593c4a
pos_train_seq185_hmm_aug008,pos_train_seq185,8,494,236,258,13,0.02631578947368421,0.9736842105263158,1,"11,32,109,114,117,148,150,192,195,215,224,226,231",e853870521127ba55d64696c0c15f46571984dedcc13ec08a8ed62ffb0e60ea1
pos_train_seq186_hmm_aug008,pos_train_seq186,8,240,1,239,1,0.004166666666666667,0.9958333333333333,1,1,c153aa3bdf14c75a928542829bc4fbb6fe3fba058f369cbb6968115bf01ef581
pos_train_seq187_hmm_aug008,pos_train_seq187,8,136,106,30,8,0.058823529411764705,0.9411764705882353,1,"55,59,65,73,90,117,120,125",d025f9cfe5e54454dc51bbf6f87d48755eda54b517403ee639ff2a524c72095c
pos_train_seq188_hmm_aug008,pos_train_seq188,8,326,211,115,10,0.03067484662576687,0.9693251533742331,1,"35,112,145,149,154,161,202,244,306,313",882e7377e2ecb9ec8d56e85150d47ca5bbeee30757bb1e7111c9301ca5452c1f
pos_train_seq189_hmm_aug008,pos_train_seq189,8,180,158,22,10,0.05555555555555555,0.9444444444444444,1,"22,42,63,88,100,118,125,171,173,177",c00ca8df2b6126cfb722d28bc81a36e2d9b9e4929ec217bb2379a8e62ec02e9a
pos_train_seq190_hmm_aug008,pos_train_seq190,8,255,239,16,18,0.07058823529411765,0.9294117647058824,1,"20,25,37,43,44,56,64,107,112,139,148,159,160,173,184,200,203,231",8884343a36d4a960f5746899e2b8405a3e39ef9558586b4aa5463519245b256a
pos_train_seq191_hmm_aug008,pos_train_seq191,8,175,36,139,1,0.005714285714285714,0.9942857142857143,1,153,189d5fe83fc5c50cf11de29c552ed17ce93ebc8cabe6a8e078cde973e26f900a
pos_train_seq193_hmm_aug008,pos_train_seq193,8,213,136,77,4,0.018779342723004695,0.9812206572769953,1,"82,88,131,173",aebd48174b338a0fd3a2d2da19ee613def17acf2e3fc2527a2c2f05231c099a2
pos_train_seq195_hmm_aug008,pos_train_seq195,8,483,372,111,18,0.037267080745341616,0.9627329192546584,1,"102,159,164,168,194,225,242,244,248,266,308,344,355,368,380,403,405,449",3ad38fd2ee7e36bbdb21d847422ba5ff1806b736574fda7dc1429b0c7e064493
pos_train_seq197_hmm_aug008,pos_train_seq197,8,373,9,364,2,0.005361930294906166,0.9946380697050938,1,"365,372",d7aa78e74ba3077126dc9918559687802858af7842b07eead5e63eba01fcb32d
pos_train_seq199_hmm_aug008,pos_train_seq199,8,25,7,18,1,0.04,0.96,1,3,af47b659e478ee4f121e6c83c872b50fa6e50aa7067e807104cdb9656949e7b5
pos_train_seq200_hmm_aug008,pos_train_seq200,8,317,317,0,19,0.05993690851735016,0.9400630914826499,1,"13,28,36,47,56,61,63,78,128,130,131,149,185,188,194,230,291,295,306",a36edde9f8d828d159c64a773e0ef95ce7bbbb2799bd1dc9cba9792ae5e8e44c
pos_train_seq201_hmm_aug008,pos_train_seq201,8,403,288,115,15,0.03722084367245657,0.9627791563275434,1,"123,125,172,195,233,236,263,274,294,295,298,313,318,343,356",323824237c24e2492e90399e4eedbc673edd4e797d7f1d5864d2fd84e7c27538
pos_train_seq203_hmm_aug008,pos_train_seq203,8,480,82,398,2,0.004166666666666667,0.9958333333333333,1,"311,361",5b867427252dad754f18e19f69c66e70c13b9753624f0044d8dc6d5e2e4708b1
pos_train_seq204_hmm_aug008,pos_train_seq204,8,507,351,156,20,0.03944773175542406,0.960552268244576,1,"169,192,204,210,212,235,254,289,297,322,327,355,367,370,420,434,447,480,484,499",53f132348302c4845b46c40e4fcbd8ab9905298917a6d14a85df26edb381d8fe
pos_train_seq206_hmm_aug008,pos_train_seq206,8,101,33,68,1,0.009900990099009901,0.9900990099009901,1,34,a3532574cb47b582c7b16297a5ea283f1854a722670538e98b7e77c2d5433926
pos_train_seq207_hmm_aug008,pos_train_seq207,8,509,322,187,21,0.0412573673870334,0.9587426326129665,1,"6,21,40,47,63,66,78,98,121,122,143,184,233,236,253,258,360,362,365,367,475",dcc8abacb28e25f04bb6c8825b9b3dd26bd2809bdd263af54a1b25ae9f085583
pos_train_seq208_hmm_aug008,pos_train_seq208,8,224,201,23,9,0.04017857142857143,0.9598214285714286,1,"34,39,103,106,147,168,170,181,192",fb95cf64cb07cd813119cdd9c960950127d7ced2b2d3a7c1c9d167354c40f7fa
pos_train_seq209_hmm_aug008,pos_train_seq209,8,501,305,196,15,0.029940119760479042,0.9700598802395209,1,"23,63,64,105,112,192,209,210,213,246,251,282,284,332,351",2f9a83e4f9f1b6a3b947d1fb3e379063071368a48c4a90f93f9a998c122de78c
pos_train_seq210_hmm_aug008,pos_train_seq210,8,239,239,0,13,0.05439330543933055,0.9456066945606695,1,"11,69,77,115,123,128,160,163,194,196,199,212,216",8eabadc0e78cc24d15e6c50149ccd29b82bb378d9cbddf33512e553cfae8c41a
pos_train_seq211_hmm_aug008,pos_train_seq211,8,406,29,377,2,0.0049261083743842365,0.9950738916256158,1,"25,26",a8888c51e1d2b16fb4ef6bf8e21f2893e4b11c175ed071c89aa5c8c438fccc60
pos_train_seq212_hmm_aug008,pos_train_seq212,8,175,37,138,1,0.005714285714285714,0.9942857142857143,1,143,210b2394d04b88e692117ec2b9b4d29f60c17cc0a7644e08cd02e754be525369
pos_train_seq213_hmm_aug008,pos_train_seq213,8,361,124,237,6,0.01662049861495845,0.9833795013850416,1,"206,268,283,304,340,343",27f3c104e9c671c955902ae3b0203b78a6fca912ad19c613575850ab07da5927
pos_train_seq215_hmm_aug008,pos_train_seq215,8,475,473,2,22,0.04631578947368421,0.9536842105263158,1,"22,50,54,66,72,112,137,153,205,221,232,278,286,313,316,353,384,405,417,432,456,463",c8a8ec69b873c20c5717507366fcce08350a0ad608536565a8daa30870c2b6f9
pos_train_seq216_hmm_aug008,pos_train_seq216,8,419,138,281,6,0.014319809069212411,0.9856801909307876,1,"94,112,156,162,300,348",95306fabc1bf6df7ea583e40052a2833d6c806100195138119bf6f624f3e3350
pos_train_seq217_hmm_aug008,pos_train_seq217,8,91,88,3,2,0.02197802197802198,0.978021978021978,1,"11,14",2903ed77b7cd381af704e623bfbfb852f7380c642300dbd5af61b442756d478f
pos_train_seq218_hmm_aug008,pos_train_seq218,8,503,246,257,14,0.027833001988071572,0.9721669980119284,1,"263,269,283,284,288,302,310,317,326,372,458,467,483,489",1e1295351154b470615a633f4e75feda809518fb4778914a4acc5abb4ce1e7b0
pos_train_seq219_hmm_aug008,pos_train_seq219,8,111,104,7,4,0.036036036036036036,0.963963963963964,1,"47,63,66,99",e8ab086c4e91f9e197be7386acc0eb474c899fcb28cff8c3a881ed2371641218
pos_train_seq220_hmm_aug008,pos_train_seq220,8,361,2,359,1,0.002770083102493075,0.997229916897507,1,272,d0fa4889df2cca1ecac4c17f0260c61e05429b6446e20d11745e142cd95b9781
pos_train_seq221_hmm_aug008,pos_train_seq221,8,175,37,138,3,0.017142857142857144,0.9828571428571429,1,"2,141,166",33d27b4bc6482f457c541f859ed8b07d945a3e38a151624f96488af2ef753369
pos_train_seq222_hmm_aug008,pos_train_seq222,8,440,212,228,12,0.02727272727272727,0.9727272727272728,1,"22,26,37,64,89,90,129,151,172,393,397,409",452f479c05ea9d4229d76a2a3b0b1796344784ca5de25f786dcee1bff8c824dd
pos_train_seq223_hmm_aug008,pos_train_seq223,8,338,303,35,12,0.03550295857988166,0.9644970414201184,1,"28,33,97,98,121,163,169,284,295,308,315,323",4ba0aa60f31fb9fe658e2e1f21f533b844ffabf2f4efa89a364c6ac732adb731
pos_train_seq228_hmm_aug008,pos_train_seq228,8,223,38,185,1,0.004484304932735426,0.9955156950672646,1,140,2a63ad4870d97bafabca4cbfd2549b82506fd755e62ea6d3b9e5ed5f9e10735f
pos_train_seq229_hmm_aug008,pos_train_seq229,8,320,154,166,5,0.015625,0.984375,1,"103,108,116,168,173",c9dff166bc62876c00ef7ccb8115060a765281e31520b35f6b5d3dce0adcb382
pos_train_seq231_hmm_aug008,pos_train_seq231,8,375,98,277,7,0.018666666666666668,0.9813333333333333,1,"260,282,284,312,324,325,339",eb9533fd6286816c1fad5f89af5e919b65a274afb6fa2a1cadbe9d3e4c4b1b65
pos_train_seq233_hmm_aug008,pos_train_seq233,8,281,253,28,11,0.03914590747330961,0.9608540925266904,1,"34,43,74,85,95,144,152,245,263,266,278",f566a628649dc4b310767ade3e8bad9f6be89917a9a0a6be816c6f83b99d5ed4
pos_train_seq234_hmm_aug008,pos_train_seq234,8,472,175,297,9,0.019067796610169493,0.9809322033898306,1,"287,311,313,320,326,365,455,456,460",7f96a627ca4696ab914069d172d744b75072396746504364bf97a51a4b5ebc1c
pos_train_seq236_hmm_aug008,pos_train_seq236,8,453,219,234,11,0.024282560706401765,0.9757174392935982,1,"78,115,121,129,151,155,170,175,211,216,349",401fc1a725ec8a730d857c785336c6796346a33aae03a2e32fe559c47b4513fb
pos_train_seq238_hmm_aug008,pos_train_seq238,8,158,1,157,1,0.006329113924050633,0.9936708860759493,1,148,7aaed814ac28912fd66455b3699b11f3cecaef20b03fda0baad12a3a32b1972c
pos_train_seq239_hmm_aug008,pos_train_seq239,8,502,140,362,5,0.0099601593625498,0.9900398406374502,1,"82,99,115,132,143",f2fa8fb34127d40f28a5d4ac594dd0645f58a0080d831aa5dfd94cbe7e802c75
pos_train_seq240_hmm_aug008,pos_train_seq240,8,341,168,173,3,0.008797653958944282,0.9912023460410557,1,"2,66,160",6623664369d964139a93a8bec0ea91fba77dcaefe612c02c272a772f0a540b1c
pos_train_seq243_hmm_aug008,pos_train_seq243,8,382,6,376,1,0.002617801047120419,0.9973821989528796,1,256,186ad069e458a4ae7696950d355a74197288e693cce3fe44f86e7f2acbc78cf4
pos_train_seq244_hmm_aug008,pos_train_seq244,8,500,359,141,14,0.028,0.972,1,"24,55,56,71,101,105,135,162,198,205,283,298,393,426",491cc73c60d79fa12e4c0382b2a9a403e1ae0fa23dc9a6b6222b841f9f7c6ecc
pos_train_seq246_hmm_aug008,pos_train_seq246,8,88,41,47,4,0.045454545454545456,0.9545454545454546,1,"43,60,69,88",261474b5c57250cc04bde07d4b53b271bd6c62eea37d6594b7adcd9a0307b24d
pos_train_seq247_hmm_aug008,pos_train_seq247,8,184,171,13,13,0.07065217391304347,0.9293478260869565,1,"26,27,28,35,36,85,87,96,109,148,160,161,163",84bd3aa0a60aface3ac9e0ea22eb22d99242b2cdcf42a8b066baeebb694014fe
pos_train_seq248_hmm_aug008,pos_train_seq248,8,449,299,150,15,0.0334075723830735,0.9665924276169265,1,"1,22,30,45,65,66,69,72,88,92,131,145,281,288,300",543add7bd81a203fcb42cc16766a0dd96621bfbb77572310e0b343a0f809503e
pos_train_seq249_hmm_aug008,pos_train_seq249,8,184,171,13,14,0.07608695652173914,0.9239130434782609,1,"15,28,34,52,55,72,76,105,124,143,146,161,167,181",cbc23acaf29627d6f25316521a7d4884ff58c780c9b0b4270e3ddd42c097d951
pos_train_seq250_hmm_aug008,pos_train_seq250,8,462,293,169,17,0.0367965367965368,0.9632034632034632,1,"96,97,107,127,134,187,194,254,255,287,314,331,337,341,348,360,407",3d7c3cb5798910bd41be5517091c2b65147e20585908725be12153ae56093b7d
pos_train_seq251_hmm_aug008,pos_train_seq251,8,482,211,271,12,0.024896265560165973,0.975103734439834,1,"16,20,28,32,63,72,116,332,350,381,398,403",23d103a88b1e970261da2f5d123850c6db78de74785695c1ebf044019f810f5b
pos_train_seq254_hmm_aug008,pos_train_seq254,8,411,155,256,6,0.014598540145985401,0.9854014598540146,1,"13,21,47,58,109,116",cac3f8c6e897c80f9c34e74f412d11af6aa078ec3afaccc9c58adfd5f339a9b6
pos_train_seq257_hmm_aug008,pos_train_seq257,8,294,75,219,1,0.003401360544217687,0.9965986394557823,1,121,d95846a843466e384c335141e15e67c363f93e935b878eef5452a812d9d48858
pos_train_seq258_hmm_aug008,pos_train_seq258,8,191,118,73,5,0.02617801047120419,0.9738219895287958,1,"135,142,146,147,160",39ba3daea081d5efbf59bcd23f50b81509855ea8d57f7ebe1aed9a3746316925
pos_train_seq259_hmm_aug008,pos_train_seq259,8,409,7,402,1,0.0024449877750611247,0.9975550122249389,1,392,d7ec7ae2647479e81d9fa821617d932101d2cf5e270efb65d93049360de8afa5
pos_train_seq260_hmm_aug008,pos_train_seq260,8,460,289,171,23,0.05,0.95,1,"129,182,184,189,192,197,205,263,284,290,301,304,314,336,347,348,349,355,366,378,390,393,396",49bc2342837bd8ddf556af7911b2b83cf45b5d71b8cd0babba8a96b9f6df4b99
pos_train_seq261_hmm_aug008,pos_train_seq261,8,244,34,210,3,0.012295081967213115,0.9877049180327869,1,"70,74,76",89abbf1ac2a37d2a36e62a0119eee2c1b654551ad3f13259bcf9aac457f71131
pos_train_seq262_hmm_aug008,pos_train_seq262,8,184,158,26,6,0.03260869565217391,0.967391304347826,1,"62,124,145,156,159,166",d61774b61d21b531ffff72031af84a3f40258a47e02763a0549b44f22aa69e2d
pos_train_seq264_hmm_aug008,pos_train_seq264,8,106,51,55,1,0.009433962264150943,0.9905660377358491,1,91,d15794fbe9671ce6610a7590ee1a4853b4c1a8a7642bdea3606c630e746595c3
pos_train_seq267_hmm_aug008,pos_train_seq267,8,456,273,183,14,0.03070175438596491,0.9692982456140351,1,"124,141,150,152,153,187,236,272,277,295,300,301,366,372",b5feeacd9fe64b9aaaafa6ebbdf784bb3b2761c953b3fa839bfcd3397324d5ee
pos_train_seq268_hmm_aug008,pos_train_seq268,8,379,315,64,11,0.029023746701846966,0.9709762532981531,1,"79,128,129,189,193,210,229,235,241,297,329",a454fff87568fe2b608be7f7a84500bed2771efef0ed02cf923501d14b811154
pos_train_seq269_hmm_aug008,pos_train_seq269,8,396,375,21,23,0.05808080808080808,0.9419191919191919,1,"1,55,63,76,126,132,136,137,150,151,177,180,191,226,246,271,286,325,334,338,357,370,383",9db6ea5f4ebfe75386e7ccb519cddb233c7f1a940db9cb1e8790bc7f46e280fc
pos_train_seq273_hmm_aug008,pos_train_seq273,8,341,182,159,3,0.008797653958944282,0.9912023460410557,1,"62,136,176",2c720388e2328da4475dbd824414e8c74fa7d81cdc08bbf46527a3bd8b74925b
pos_train_seq274_hmm_aug008,pos_train_seq274,8,163,54,109,2,0.012269938650306749,0.9877300613496932,1,"30,66",31da2eecb9088617ac8b3fc5f0227ace7d8776a1a168f4dfc5de2dbcafb78896
pos_train_seq276_hmm_aug008,pos_train_seq276,8,250,132,118,1,0.004,0.996,1,180,948ef52c1aa120086df3853d955847ff150dbcb55d0fa1afcfccb5c1c421467c
pos_train_seq277_hmm_aug008,pos_train_seq277,8,177,102,75,4,0.022598870056497175,0.9774011299435028,1,"37,55,71,155",152e87545523e241c75fbee1e77574478224bfa9250cb933a6b8a28d0beb4668
pos_train_seq278_hmm_aug008,pos_train_seq278,8,392,117,275,2,0.00510204081632653,0.9948979591836735,1,"281,348",3f29728d7a1e406795552132c32a0d7b754a477d4fe60cccb4276a99dc4c145b
pos_train_seq279_hmm_aug008,pos_train_seq279,8,329,156,173,2,0.0060790273556231,0.993920972644377,1,"14,59",5901731de4df577ae219c5c9b1c406fc11325fe426a00ad63e60e7c54dd7b57d
pos_train_seq280_hmm_aug008,pos_train_seq280,8,211,87,124,2,0.009478672985781991,0.990521327014218,1,"190,195",1b0041c0cd9f6a6555ab1899b2119d8eb09e9cdd36da5431fa9f0b59aea557fc
pos_train_seq281_hmm_aug008,pos_train_seq281,8,404,160,244,11,0.027227722772277228,0.9727722772277227,1,"7,29,35,51,53,60,104,111,159,163,174",3b0a3a7f1ddc0925c378a33cb04b410929afeed760d3e9c3870ebb3f26b5596f
pos_train_seq282_hmm_aug008,pos_train_seq282,8,310,271,39,15,0.04838709677419355,0.9516129032258065,1,"40,91,115,143,156,166,177,182,183,211,231,244,246,257,307",f4bc4e4f32a59650b614443fca275ec432e3ab54cd9330aac4fe37374fe9c2de
pos_train_seq284_hmm_aug008,pos_train_seq284,8,175,37,138,2,0.011428571428571429,0.9885714285714285,1,"149,158",d64fbc36d843d111ad52ed9d1ec7daebb64d72464c0961288412c14e16055ce5
pos_train_seq285_hmm_aug008,pos_train_seq285,8,396,141,255,10,0.025252525252525252,0.9747474747474747,1,"24,88,95,112,115,117,118,142,144,169",46a3a645647ca6f115faa82a941a94475bc7dd964e3a76370c971b3099d3a82b
pos_train_seq286_hmm_aug008,pos_train_seq286,8,471,194,277,10,0.021231422505307854,0.9787685774946921,1,"22,57,69,154,160,243,250,253,255,256",c762607be499f9c2a83ce2b8d3533296e4d823646c374763c00bae6bcec9ff31
pos_train_seq288_hmm_aug008,pos_train_seq288,8,204,118,86,3,0.014705882352941176,0.9852941176470589,1,"43,107,157",31318f5f42a8dea3a0af1496899e0a233537402321c3d73619400dcfbe64ab0c
pos_train_seq289_hmm_aug008,pos_train_seq289,8,245,97,148,7,0.02857142857142857,0.9714285714285714,1,"24,41,62,63,102,104,117",91141a31b3831b875251f13f7fc262c884ba5ffc261478de23fb3ed8279e04a1
pos_train_seq290_hmm_aug008,pos_train_seq290,8,391,355,36,16,0.04092071611253197,0.959079283887468,1,"106,141,163,197,199,205,212,215,255,260,265,283,289,313,340,356",994b333ab4321aac69b9aeff479ac03f35dd195d09664f92a7349c66128d9e64
pos_train_seq291_hmm_aug008,pos_train_seq291,8,290,169,121,14,0.04827586206896552,0.9517241379310345,1,"38,40,52,55,59,63,83,90,107,114,144,183,185,186",57c9de682899793e19254e3f933a7eabf6fc69f63d8cac3a0e94416b1fc0b024
pos_train_seq292_hmm_aug008,pos_train_seq292,8,262,231,31,14,0.05343511450381679,0.9465648854961832,1,"27,31,39,55,60,109,116,143,170,181,203,211,220,226",52c540715d90768114b448bf7ea200093e33cdfaf7cd71d54170c30d2314e4e5
pos_train_seq293_hmm_aug008,pos_train_seq293,8,163,62,101,3,0.018404907975460124,0.9815950920245399,1,"32,37,52",4985334d5ac8bd8df7030ae3aa700d9cd147a70824394be7ecd9a02bafa2078d
pos_train_seq294_hmm_aug008,pos_train_seq294,8,494,84,410,8,0.016194331983805668,0.9838056680161943,1,"303,322,325,329,330,335,349,358",e126bc65874358efca01db1e8c5a563f064e147529f3434a6f7da3b0fbd7a96b
pos_train_seq295_hmm_aug008,pos_train_seq295,8,163,66,97,5,0.03067484662576687,0.9693251533742331,1,"10,37,59,74,78",590b56b0cb7449cfac60ed9dec7198a157f5e690cebb133ecae3e9a738cca879
pos_train_seq297_hmm_aug008,pos_train_seq297,8,395,319,76,15,0.0379746835443038,0.9620253164556962,1,"70,87,89,94,111,122,124,125,163,184,207,210,219,236,258",4da39f1c0b91cee5b7404a5fb04f8090f934f1dec5f24c710c7bfac29be782cd
pos_train_seq298_hmm_aug008,pos_train_seq298,8,450,370,80,22,0.04888888888888889,0.9511111111111111,1,"19,44,87,90,154,170,182,203,212,222,241,310,323,324,339,345,348,359,361,364,375,396",c628e471c5c6719357de93b41cba6abd685bb7c37d3d264367d1d7e3c957ee94
pos_train_seq300_hmm_aug008,pos_train_seq300,8,505,173,332,11,0.02178217821782178,0.9782178217821782,1,"31,60,74,99,104,111,122,126,137,233,253",57b27718253ef1efd304e6f5d1ed6288d98aa86107c19a5c3f3f04aca16253c0
pos_train_seq301_hmm_aug008,pos_train_seq301,8,332,158,174,11,0.03313253012048193,0.9668674698795181,1,"73,86,88,102,107,112,135,175,177,190,219",01fb6de89603582a8e93355725e207d38787afab8f047ea49b58aa681cfddcd9
pos_train_seq303_hmm_aug008,pos_train_seq303,8,412,331,81,22,0.05339805825242718,0.9466019417475728,1,"62,87,100,117,145,164,165,175,181,186,197,202,271,276,284,289,297,311,366,375,377,392",a5070ee7410028e3c122a304d726a97fed0b870b4052511802e42ae0bd807179
pos_train_seq304_hmm_aug008,pos_train_seq304,8,352,321,31,22,0.0625,0.9375,1,"31,32,37,55,67,125,133,135,152,182,183,220,223,251,280,282,294,306,311,314,316,322",c7ea367d6e65e33db5a3c4d9c272ff2efb281343d5500dd64a3bca4f992972b7
pos_train_seq305_hmm_aug008,pos_train_seq305,8,330,260,70,13,0.03939393939393939,0.9606060606060606,1,"37,55,62,81,89,90,131,240,242,277,313,316,320",2411744aa354aa95a847aa7f40ef6d2482db9706c1776946a1cf10f4a9af4b38
pos_train_seq307_hmm_aug008,pos_train_seq307,8,174,153,21,10,0.05747126436781609,0.9425287356321839,1,"93,97,123,127,128,136,141,147,168,169",997a1d1a734e247dadd5d54e86417f1fe4814306db5dbde8dc8e5f6741d70a20
pos_train_seq310_hmm_aug008,pos_train_seq310,8,206,93,113,3,0.014563106796116505,0.9854368932038835,1,"43,175,203",86e2de0b7e5374370d471efd177bcc7ce50c809c4155316fabeb97713eb0457e
pos_train_seq312_hmm_aug008,pos_train_seq312,8,422,420,2,20,0.04739336492890995,0.95260663507109,1,"19,27,34,35,52,58,110,132,138,141,142,206,234,254,263,266,310,323,356,422",1063b69d4453e280cc1c85739f3ae8fa3c35f6937a499baf70d1ad51ebc61196
pos_train_seq313_hmm_aug008,pos_train_seq313,8,191,122,69,8,0.041884816753926704,0.9581151832460733,1,"31,33,55,66,123,131,142,184",8dbc6172a0e1f86a223b00fe10652056168407760d749b7891a19b8d68eab314
pos_train_seq316_hmm_aug008,pos_train_seq316,8,503,399,104,27,0.0536779324055666,0.9463220675944334,1,"4,21,23,35,38,51,52,67,81,92,127,134,141,166,184,191,209,240,248,249,268,417,426,452,453,480,501",d655c9e34f3f436d49b9092ddb5212244111fabdf7c7c9c78f8e565134e02994
pos_train_seq318_hmm_aug008,pos_train_seq318,8,175,1,174,1,0.005714285714285714,0.9942857142857143,1,175,0b9533f65d642f54a66411341a6dbaf98b7dcf0a579247f2238bdc858ce86150
pos_train_seq319_hmm_aug008,pos_train_seq319,8,175,37,138,1,0.005714285714285714,0.9942857142857143,1,150,de9b110356371c34e047d8c6971ce0afd07595aca64e2a954a25a32f02185aa0
pos_train_seq321_hmm_aug008,pos_train_seq321,8,317,30,287,4,0.012618296529968454,0.9873817034700315,1,"68,70,88,96",f0dad0236cc36d287b831932c7f018023734dde71a5aaa5fc5a2271bceb77b2a
pos_train_seq322_hmm_aug008,pos_train_seq322,8,326,197,129,10,0.03067484662576687,0.9693251533742331,1,"26,46,48,79,91,92,131,133,145,171",4f8f67ef588891fb0eb5f34bdad9861c9e55a6b714f09137453ace6e4fa19be7
pos_train_seq324_hmm_aug008,pos_train_seq324,8,244,187,57,9,0.036885245901639344,0.9631147540983607,1,"5,45,46,84,104,126,192,198,225",7b0c0841c83fdc46d78686144c2a434572faf90bb4561d973b388511ea3b6712
pos_train_seq326_hmm_aug008,pos_train_seq326,8,338,163,175,6,0.01775147928994083,0.9822485207100592,1,"175,208,259,260,295,303",257e1908d15852f887fd166e391e360ccd38cfb3bcc554d440112a4168e8fafe
pos_train_seq327_hmm_aug008,pos_train_seq327,8,93,33,60,1,0.010752688172043012,0.989247311827957,1,57,296616582928c6cac076306ab5dbc9f3c3d1a6a3105236856e74eb25e726244c
pos_train_seq328_hmm_aug008,pos_train_seq328,8,257,184,73,9,0.03501945525291829,0.9649805447470817,1,"27,38,39,44,68,80,112,125,170",606dd3243830cb84f20f36c38bfde0f45aad04ade801550c962e837071abc108
pos_train_seq330_hmm_aug008,pos_train_seq330,8,351,351,0,21,0.05982905982905983,0.9401709401709402,1,"29,79,105,106,117,146,151,158,161,167,170,179,212,218,241,247,271,296,321,330,350",cb271bf935ea5f3e852e39be4e0c8f85ee47584f29d8b1835dc277aa95aeccf1
pos_train_seq331_hmm_aug008,pos_train_seq331,8,150,1,149,1,0.006666666666666667,0.9933333333333333,1,1,5f5b460372f8a037cfa36b106485fedc2175142240406cc45ebe7fab36ace392
pos_train_seq332_hmm_aug008,pos_train_seq332,8,366,216,150,8,0.02185792349726776,0.9781420765027322,1,"65,67,111,135,189,206,220,260",e81b37a46ee5562b37633d8a555f80d3d5c210321c9080001cd806a5a2fb1bf9
pos_train_seq333_hmm_aug008,pos_train_seq333,8,293,257,36,10,0.034129692832764506,0.9658703071672355,1,"37,47,70,76,84,115,140,226,257,263",5b42e597bb75a0b4e1c59193e314102c436d4cd2c4a2a10361979a6130018ae7
pos_train_seq334_hmm_aug008,pos_train_seq334,8,184,171,13,10,0.05434782608695652,0.9456521739130435,1,"19,23,43,56,77,126,153,155,162,169",e9ce7fdfa74a622b53f5d578cfcf98f9a2b3b51f690f9b0bf876ff8050ec7873
pos_train_seq336_hmm_aug008,pos_train_seq336,8,118,28,90,2,0.01694915254237288,0.9830508474576272,1,"24,36",f1a9151f319c6653c0a46041d63d07da68a7cf1f4619e8e8e7a8218dd8e89081
pos_train_seq338_hmm_aug008,pos_train_seq338,8,505,301,204,16,0.031683168316831684,0.9683168316831683,1,"209,210,232,234,239,314,338,341,353,357,434,443,465,471,472,476",f3d2a2bea8df1595898ebfc503c2d5f439f78624b6d3e5406bdbbc1d02644603
pos_train_seq340_hmm_aug008,pos_train_seq340,8,299,146,153,5,0.016722408026755852,0.9832775919732442,1,"29,38,119,254,272",2f1c1a685f602cf2b26c8fe349915dcca7aa347f3711f4533c96694f7500236c
pos_train_seq342_hmm_aug008,pos_train_seq342,8,445,88,357,3,0.006741573033707865,0.9932584269662922,1,"69,81,85",2ed2c073b805e4451d7e0b86d86164337f28ae87673d57fe1d1a04071c334818
pos_train_seq343_hmm_aug008,pos_train_seq343,8,460,442,18,20,0.043478260869565216,0.9565217391304348,1,"9,29,47,66,118,128,185,186,196,204,209,218,235,249,280,334,375,410,411,448",d18baa4bcfc35ec664be8fc2e51ae7641de9d1c0ecd5279f71ec8f49a964fa8b
pos_train_seq347_hmm_aug008,pos_train_seq347,8,294,112,182,10,0.034013605442176874,0.9659863945578231,1,"114,120,127,131,132,145,158,162,168,175",6349f4c14937e08a6dfc5547d6b27944867f2dd78d5e36e6e99ff688a42c836f
pos_train_seq350_hmm_aug008,pos_train_seq350,8,327,157,170,13,0.039755351681957186,0.9602446483180428,1,"71,72,86,90,102,118,128,129,150,151,152,163,225",8f000fd4333063fc21e3fc40cabb0f0b3ba6bbb7ad59fc4287abd7a26687e627
pos_train_seq351_hmm_aug008,pos_train_seq351,8,484,484,0,31,0.0640495867768595,0.9359504132231405,1,"3,40,45,47,69,77,82,101,128,149,162,174,180,223,247,277,303,328,337,343,346,358,374,385,438,444,447,453,481,482,484",15d899f63db3348de23067c52cf1257c340ec69c667ebfdca827503e5b7a8893
pos_train_seq352_hmm_aug008,pos_train_seq352,8,442,214,228,14,0.03167420814479638,0.9683257918552036,1,"8,16,20,51,53,92,95,120,123,127,138,161,178,396",9c128c9697deb33a79cfa8cab771aaef01829da0d2652057637d60cf8c899bc0
pos_train_seq353_hmm_aug008,pos_train_seq353,8,501,306,195,18,0.03592814371257485,0.9640718562874252,1,"21,96,104,105,133,146,180,186,191,193,240,275,280,291,320,340,347,349",0af984115ff7defd96c74c583c6ab633c19738f3d581c3c81acf27eadbb5972b
pos_train_seq355_hmm_aug008,pos_train_seq355,8,207,178,29,7,0.033816425120772944,0.966183574879227,1,"5,31,67,88,122,144,145",1ed425ee80f6450234f6069b5f5d0dc5ff1c91b162065d0f905f9587f93f7f9d
pos_train_seq356_hmm_aug008,pos_train_seq356,8,490,59,431,4,0.00816326530612245,0.9918367346938776,1,"383,389,391,408",f5657ac9118ed542f5e25da93bda274c6410d6dbf583cf76e7b395d492cc603d
pos_train_seq359_hmm_aug008,pos_train_seq359,8,117,104,13,8,0.06837606837606838,0.9316239316239316,1,"54,56,64,75,78,99,106,108",466196d45f78b69a3a749420b1404f628d88b7d423aa163300ae7cb3d97717fb
pos_train_seq360_hmm_aug008,pos_train_seq360,8,377,206,171,13,0.034482758620689655,0.9655172413793104,1,"2,3,23,77,82,101,122,125,152,161,162,199,230",2bf3c919d0502e1dcc211bd128a5ec9010efb25cadb57272bfa4764289406106
pos_train_seq361_hmm_aug008,pos_train_seq361,8,418,128,290,6,0.014354066985645933,0.9856459330143541,1,"61,72,79,88,96,147",2f7c526708d3b0c95e0eb791ee2da1ef28f96f6bcecdd550a30798ee8f1d70e6
pos_train_seq362_hmm_aug008,pos_train_seq362,8,208,108,100,7,0.03365384615384615,0.9663461538461539,1,"68,85,115,117,122,127,162",537db5b37f653899fa29784f4371e3f4cdd63c498a2b55e27b525f6a882a05db
pos_train_seq363_hmm_aug008,pos_train_seq363,8,463,278,185,11,0.023758099352051837,0.9762419006479481,1,"159,265,291,295,314,320,359,372,378,393,456",7e7eaae579d1e301eaff0bfc353de5c4040aec40268d37d4e3533972ead5b8ac
pos_train_seq367_hmm_aug008,pos_train_seq367,8,352,140,212,5,0.014204545454545454,0.9857954545454546,1,"35,45,61,277,294",c9139043d7f46951a78e38373d8c6de30d30595e52d0254d95d5fa5117fbef00
pos_train_seq369_hmm_aug008,pos_train_seq369,8,486,28,458,5,0.0102880658436214,0.9897119341563786,1,"124,137,139,143,147",a38eb4fbe79923880f01c11402287ce09afbde43f76e452b4a15c05ad40eb629
pos_train_seq370_hmm_aug008,pos_train_seq370,8,506,377,129,20,0.039525691699604744,0.9604743083003953,1,"56,59,94,152,157,172,192,200,203,230,237,241,281,330,366,374,383,389,393,401",bf98a250c6655088dfeae809d0879a001c6a4175cf27f8afa757a6fe26882a70
pos_train_seq371_hmm_aug008,pos_train_seq371,8,466,210,256,6,0.012875536480686695,0.9871244635193133,1,"16,76,85,116,121,407",c92d00efe4cb5e6e4eb23bf2bda15f37d3c75004af34b843ddd8a37cb4d09728
pos_train_seq372_hmm_aug008,pos_train_seq372,8,459,457,2,22,0.04793028322440087,0.9520697167755992,1,"29,33,35,52,92,97,102,105,112,120,202,220,235,254,263,267,277,297,330,371,392,451",8f8346f4aa5040fcab7ce5723ac647b87d12124590a488e5d2c3a61a3f74ac72
pos_train_seq373_hmm_aug008,pos_train_seq373,8,471,376,95,18,0.03821656050955414,0.9617834394904459,1,"47,55,133,148,184,193,246,247,267,275,305,362,404,413,425,435,453,459",3090be895a17f796f9c745097350ec05087b98dbc030d23ab0fe60ab6c0bf578
pos_train_seq374_hmm_aug008,pos_train_seq374,8,129,21,108,2,0.015503875968992248,0.9844961240310077,1,"74,77",d6d23e16d198a2ba81f3b95910666e92688e6372781ef27b16ef5b36119bc5ee
pos_train_seq376_hmm_aug008,pos_train_seq376,8,439,221,218,10,0.022779043280182234,0.9772209567198178,1,"72,88,95,107,129,146,158,189,197,259",83508692f4b4b3112c2a32f827130d644645898399c95b2c5527f4c5821b8291
pos_train_seq377_hmm_aug008,pos_train_seq377,8,174,159,15,8,0.04597701149425287,0.9540229885057472,1,"35,39,42,53,55,56,101,107",7dc16c39c1ebbbe5b2ef3b93a30ba7614db3ae210688f672147c9b1b172fa81b
pos_train_seq379_hmm_aug008,pos_train_seq379,8,409,171,238,7,0.017114914425427872,0.9828850855745721,1,"204,215,365,370,380,390,397",32a9f0444990789705ffc6190f7425f68e85498b89fc1fe07731707f527e2067
pos_train_seq380_hmm_aug008,pos_train_seq380,8,210,208,2,16,0.0761904761904762,0.9238095238095239,1,"31,39,46,60,70,110,112,139,142,146,147,150,159,161,167,210",aa2a8c921cfbdbaca5ccbe631f4e78f62b029440c9d423c368c6e17441c86c25
pos_train_seq381_hmm_aug008,pos_train_seq381,8,311,156,155,6,0.01929260450160772,0.9807073954983923,1,"37,94,110,130,157,169",22ac29f9dff6433656c68224d4c26a54070ac2416a43ac20e31f99649fb3cab5
pos_train_seq383_hmm_aug008,pos_train_seq383,8,434,295,139,11,0.02534562211981567,0.9746543778801844,1,"48,74,123,219,267,300,345,352,362,404,431",5ec431d81c9612004969578120937ca350bda7d8d301f7fcabd829784b8e8ecf
pos_train_seq384_hmm_aug008,pos_train_seq384,8,388,372,16,18,0.04639175257731959,0.9536082474226804,1,"20,24,44,64,69,94,99,134,178,202,228,248,267,307,335,354,359,370",2b6f1b2a974a1d80c043e899298660bd1e9fb21b1482e0a21ea0c24bbb50a851
pos_train_seq385_hmm_aug008,pos_train_seq385,8,495,305,190,10,0.020202020202020204,0.9797979797979798,1,"17,110,155,182,206,237,309,312,319,360",d49a9c8cdece9bb4cc540bc07dfb82f15f4232ed0ef70b29f090dd17f07c52f8
pos_train_seq386_hmm_aug008,pos_train_seq386,8,240,51,189,2,0.008333333333333333,0.9916666666666667,1,"72,190",c147f905e7c9940e410c9af2c0f49779bbdf7ad6ca1dfa88496cab7a009cc7c9
pos_train_seq389_hmm_aug008,pos_train_seq389,8,253,79,174,4,0.015810276679841896,0.9841897233201581,1,"148,183,196,225",7f002c2251f87faa0b5efbc62a0e3557baebaaf3e8c7cd92977e32827620bdea
pos_train_seq391_hmm_aug008,pos_train_seq391,8,296,124,172,6,0.02027027027027027,0.9797297297297297,1,"52,67,79,94,263,282",248bcbaf724cf44200cc5f66cd91774fc1e8a327607b8a5565c866057504c8ed
pos_train_seq393_hmm_aug008,pos_train_seq393,8,374,340,34,14,0.0374331550802139,0.9625668449197861,1,"36,52,86,179,183,223,248,257,285,295,304,348,350,356",d33306ad0df57ddd216a712d7cc9eb35627385e0dd4f77afba1dad4b101e82e1
pos_train_seq394_hmm_aug008,pos_train_seq394,8,25,14,11,1,0.04,0.96,1,9,aba0d7178c1a6198c11d10aac018ac594ddabaf6459f9bdc75525ba33fe35508
pos_train_seq395_hmm_aug008,pos_train_seq395,8,191,118,73,4,0.020942408376963352,0.9790575916230366,1,"27,48,67,186",84b617db14ea7f5e801a1a23f41878981a85c6d790055404bb495b8e1c4aacf8
pos_train_seq396_hmm_aug008,pos_train_seq396,8,264,235,29,12,0.045454545454545456,0.9545454545454546,1,"65,66,69,92,97,175,184,198,206,209,213,229",62b061c604c7aa68cd738b2134952e5b6b559ed82b6f104935a12cc9eaee8129
pos_train_seq397_hmm_aug008,pos_train_seq397,8,305,92,213,4,0.013114754098360656,0.9868852459016394,1,"126,127,226,244",fbef1129c4b6e9fa317228700aa5daa3cfb6ab64228b1e3bdd9d2c8fcfd39cbe
pos_train_seq399_hmm_aug008,pos_train_seq399,8,183,140,43,11,0.060109289617486336,0.9398907103825137,1,"65,67,84,87,89,119,155,162,164,178,181",930ba13d15e0001200dd829583ecb8f70a0854305cc97de0c31d15378ce00442
pos_train_seq400_hmm_aug008,pos_train_seq400,8,381,243,138,11,0.028871391076115485,0.9711286089238845,1,"4,15,28,49,57,105,123,184,196,202,206",1ff7d2937103a563bb8dfce899f2d068611771cc813c66e43d3f9bb7667f76ad
pos_train_seq402_hmm_aug008,pos_train_seq402,8,314,156,158,8,0.025477707006369428,0.9745222929936306,1,"28,64,73,104,113,118,136,170",1826677c26042ec486abeb4eed3f0cb84385b9bf4cbc832f7c228986886dce5e
pos_train_seq404_hmm_aug008,pos_train_seq404,8,332,8,324,1,0.0030120481927710845,0.9969879518072289,1,311,c9499ca5dd8092e78819343a69fd3b684eb61884c48a687d2ee2372c13e13822
pos_train_seq405_hmm_aug008,pos_train_seq405,8,100,56,44,3,0.03,0.97,1,"46,62,66",8c4bf2fe46c6f535e0a0fd834479400aa1238c1de78dea14476cdd0e26886a54
pos_train_seq406_hmm_aug008,pos_train_seq406,8,371,231,140,8,0.0215633423180593,0.9784366576819407,1,"19,68,69,107,147,164,195,207",0db14b836eb250a06b4b9c2f3a6127489114345473256a6e566e8ee42bcbd138
pos_train_seq407_hmm_aug008,pos_train_seq407,8,377,174,203,3,0.007957559681697613,0.9920424403183024,1,"43,308,344",cea4d4e2ea13bac3df0a158c0ec6961d08860851d430b2cdcadb0c09df885941
pos_train_seq408_hmm_aug008,pos_train_seq408,8,381,326,55,24,0.06299212598425197,0.937007874015748,1,"47,109,114,128,140,151,155,164,176,182,193,238,241,261,275,291,293,313,328,335,338,343,377,381",08cc1f04fa89cc1f6f46ee410769e01b88cda7180e1bf803d238609a2501daff
pos_train_seq410_hmm_aug008,pos_train_seq410,8,300,1,299,1,0.0033333333333333335,0.9966666666666667,1,300,9f1be7aed4e48446aa66dadcaff589b8a82225132b089441032c4b4bb2292938
pos_train_seq412_hmm_aug008,pos_train_seq412,8,346,180,166,13,0.03757225433526012,0.9624277456647399,1,"8,21,41,58,71,86,99,220,223,224,228,235,242",53fede8136c2659a17c038ddd437dd5096ea320cd843922543c23d98cec23d5b
pos_train_seq413_hmm_aug008,pos_train_seq413,8,152,115,37,7,0.046052631578947366,0.9539473684210527,1,"35,43,47,73,75,91,133",ffc69c01c8efe70672cebc2a6672d29e6ede946480d8d897bedb287d2c15d60c
pos_train_seq414_hmm_aug008,pos_train_seq414,8,417,407,10,21,0.050359712230215826,0.9496402877697842,1,"23,25,48,94,116,142,147,171,192,212,215,216,235,238,247,280,283,293,358,359,411",c4d9dfc186f4f60add69e0f5a11d20a7f50e8af1f0bdc98dccc8dda4d872e633
pos_train_seq415_hmm_aug008,pos_train_seq415,8,414,249,165,10,0.024154589371980676,0.9758454106280193,1,"33,77,106,112,116,145,197,199,255,256",aad17e5a414399376920fca6341eb546eba0d998aaf992b4abb803a4a227ab6e
pos_train_seq416_hmm_aug008,pos_train_seq416,8,268,166,102,7,0.026119402985074626,0.9738805970149254,1,"34,59,75,99,111,198,217",2fbbad79b51982accb95fcbaa1466f917d287e5fa7807deeca344bece2b64246
pos_train_seq417_hmm_aug008,pos_train_seq417,8,422,420,2,20,0.04739336492890995,0.95260663507109,1,"4,12,24,29,52,72,117,129,142,184,212,236,269,324,334,348,358,377,380,399",18b29810568c757facaba5719fc87d543363374fcb1e819890e8d11bdd8e9b82
pos_train_seq418_hmm_aug008,pos_train_seq418,8,367,236,131,10,0.027247956403269755,0.9727520435967303,1,"3,15,37,87,105,123,145,166,195,224",4ba3eb874fde16915454b51c41286a12b7c0f4821f354e1f51ed7148e402afdb
pos_train_seq419_hmm_aug008,pos_train_seq419,8,418,45,373,2,0.004784688995215311,0.9952153110047847,1,"23,24",b8166ea4d2f0755ae33c61e296dd5eac1c7385ae42172cc62b59f9b1b07dcc0e
pos_train_seq421_hmm_aug008,pos_train_seq421,8,25,3,22,1,0.04,0.96,1,2,c79a511bbf160c1a24429ec2ba210c87a77d4ae1230224ba838cf86711b1f1e6
pos_train_seq422_hmm_aug008,pos_train_seq422,8,187,75,112,1,0.0053475935828877,0.9946524064171123,1,62,ee139d1a582e0db1e7fd510e921f0c7a84e54b183bafc0b3a5fc757d7bbe099d
pos_train_seq425_hmm_aug008,pos_train_seq425,8,178,100,78,4,0.02247191011235955,0.9775280898876404,1,"14,73,78,94",51963ca5e2ed5122baea16928fff35a8e4b61d27ad0012ebba8487a7dba62e26
pos_train_seq426_hmm_aug008,pos_train_seq426,8,157,72,85,3,0.01910828025477707,0.9808917197452229,1,"39,42,50",f5e508960f90478f78eebb171631963e005d7be09e187b2b4df85a4a3d4e72b8
pos_train_seq427_hmm_aug008,pos_train_seq427,8,495,476,19,26,0.052525252525252523,0.9474747474747475,1,"12,15,19,31,49,66,79,97,118,120,138,170,178,179,194,239,245,269,351,368,372,395,403,431,434,460",dd24013de93aa3f45fc4516720fa5ffb6f784b6c08dc971c6143089f52bb9359
pos_train_seq428_hmm_aug008,pos_train_seq428,8,213,99,114,4,0.018779342723004695,0.9812206572769953,1,"18,19,22,52",9046f1309b07adb601b0dfb27ae700604361ec68274cf48def3e2c28232ef357
pos_train_seq429_hmm_aug008,pos_train_seq429,8,355,163,192,8,0.022535211267605635,0.9774647887323944,1,"93,131,150,199,231,232,238,263",d2e95a9b2ce7e9481a81b175457341f92a7549be4650d244e8b4ace527a5913f
pos_train_seq430_hmm_aug008,pos_train_seq430,8,441,6,435,1,0.0022675736961451248,0.9977324263038548,1,318,232b39ff1344c0929e3fd8ed743b7b2e9aa7134dcec8200c4af3cf4569fc5c7c
pos_train_seq431_hmm_aug008,pos_train_seq431,8,372,156,216,8,0.021505376344086023,0.978494623655914,1,"11,35,42,49,61,129,132,153",f7db8cbd5cfb2332fc2f605c15e4ee54376d78b6d91b02a67e83a850984d1c72
pos_train_seq432_hmm_aug008,pos_train_seq432,8,383,261,122,20,0.05221932114882506,0.9477806788511749,1,"147,167,171,193,194,215,216,220,229,230,235,246,279,283,284,294,306,316,328,358",4cdfc71119f1ba3b6298515ac9e9995e595c09a756494a06c28cc4cc2d394976
pos_train_seq433_hmm_aug008,pos_train_seq433,8,352,232,120,16,0.045454545454545456,0.9545454545454546,1,"129,139,154,156,190,228,230,258,277,291,302,309,310,319,327,333",d6e5c1618c3ad14c02a8d7f0809d1103bce5fcc6ccc7c0682a9ed07a1d855098
pos_train_seq435_hmm_aug008,pos_train_seq435,8,205,91,114,4,0.01951219512195122,0.9804878048780488,1,"37,57,78,83",82017a24b083e08d6ae13a5aa954c67f70b6f5f9a707041fe191330050ff3d70
pos_train_seq436_hmm_aug008,pos_train_seq436,8,507,137,370,10,0.01972386587771203,0.980276134122288,1,"113,353,356,363,371,372,404,453,493,507",6d5ac655d2b75354798569ebd4b3b1fd7d330d7b1a689c1b74a6e03b05015001
pos_train_seq437_hmm_aug008,pos_train_seq437,8,411,79,332,4,0.009732360097323601,0.9902676399026764,1,"346,375,382,391",49ac707b5de3cc6a573243443dcca3e9438b128a4b746735b67c4ec5a1a1a19a
pos_train_seq438_hmm_aug008,pos_train_seq438,8,495,87,408,6,0.012121212121212121,0.9878787878787879,1,"15,23,28,35,38,55",989b5d56534d87df6197e956bdc5b9a51d9f10649b60ff111f2fdd56d6028e91
pos_train_seq439_hmm_aug008,pos_train_seq439,8,175,36,139,1,0.005714285714285714,0.9942857142857143,1,162,72206dbbc170e74034a1af0f4df8d97a23ad0e0ed03477e2e96e3dd8c49f8021
pos_train_seq442_hmm_aug008,pos_train_seq442,8,390,199,191,21,0.05384615384615385,0.9461538461538461,1,"106,118,122,123,162,191,193,212,218,221,227,230,231,237,239,243,248,272,274,277,341",b53adeea398a50faea3c13800920a0b157f8971e4f56e72edf75cadb88bae116
pos_train_seq443_hmm_aug008,pos_train_seq443,8,217,215,2,7,0.03225806451612903,0.967741935483871,1,"9,37,113,161,180,204,205",9e71c32bb3365c3e9d02a870599fb40e64550d912d1f57b5c8940ad70cdfee60
pos_train_seq444_hmm_aug008,pos_train_seq444,8,23,6,17,1,0.043478260869565216,0.9565217391304348,1,20,27cb50e9ec6c7880da87056caf1393a5bc4f9675c5db0e4713f5cafa5e4369de
pos_train_seq445_hmm_aug008,pos_train_seq445,8,397,313,84,19,0.04785894206549118,0.9521410579345089,1,"4,26,34,106,109,117,150,156,163,191,216,228,232,252,275,298,308,326,345",14e39887ac3a6f76f062bcf1b5d93c71cb541fd790cef0e928b9304c5843c8d7
pos_train_seq446_hmm_aug008,pos_train_seq446,8,270,86,184,5,0.018518518518518517,0.9814814814814815,1,"56,124,142,149,161",2f55425be63dff308b619780b4f7ad223c70a47728b8811d5e7b48fefe8d2001
pos_train_seq450_hmm_aug008,pos_train_seq450,8,182,120,62,8,0.04395604395604396,0.9560439560439561,1,"33,41,56,66,107,122,124,132",23b7fc8c752c2bfcaa02734dd5cfde9204ec4ea77cb24c158413aeb5bb5636f1
pos_train_seq452_hmm_aug008,pos_train_seq452,8,317,189,128,12,0.03785488958990536,0.9621451104100947,1,"52,67,68,90,117,157,165,174,182,186,223,232",03d2be16229644b1d28fb5d62e9746cf6c2aaa3e77d2f07614cffd65a274a9d4
pos_train_seq455_hmm_aug008,pos_train_seq455,8,171,106,65,9,0.05263157894736842,0.9473684210526316,1,"44,53,57,71,89,105,107,120,129",38e415e19bef6f838a00337713b9aa19fb16a743f84bd0b87c6f7b8e18a5b862
pos_train_seq458_hmm_aug008,pos_train_seq458,8,432,320,112,14,0.032407407407407406,0.9675925925925926,1,"38,55,73,197,201,211,236,298,314,331,335,350,361,389",a26580ddd36d784e4afaacf26ab154ba117fc283e72f4c98b3a2b4dec6dd5818
pos_train_seq459_hmm_aug008,pos_train_seq459,8,196,40,156,1,0.00510204081632653,0.9948979591836735,1,181,78dd9f6d49f61819e8ad06650c7f339838a326d69533c6ef3d7b32064218c01a
pos_train_seq461_hmm_aug008,pos_train_seq461,8,476,284,192,9,0.018907563025210083,0.9810924369747899,1,"5,17,42,52,66,69,87,179,216",cf512f698f7321a93f7b4c478436e1c5e6ff5a291688a0dfca3329a2527d0465
pos_train_seq462_hmm_aug008,pos_train_seq462,8,305,171,134,9,0.029508196721311476,0.9704918032786886,1,"22,47,67,77,87,93,100,140,168",24490ab773b208571bd6d48ef063b1f6f01e9d45c5130f4b65b374c97e02cf35
pos_train_seq463_hmm_aug008,pos_train_seq463,8,406,152,254,5,0.012315270935960592,0.9876847290640394,1,"5,44,137,157,168",fe80b411207bcc131bbf1d949087f9093fde04e477b2f58f3ca26788e3f04960
pos_train_seq466_hmm_aug008,pos_train_seq466,8,425,312,113,19,0.04470588235294118,0.9552941176470588,1,"22,55,72,77,118,233,237,238,279,287,323,330,361,383,389,403,406,407,418",518c78f6bf5ddb7b23195191c9e20718f2d92833e3849a943782a440ac22a498
pos_train_seq467_hmm_aug008,pos_train_seq467,8,386,380,6,12,0.031088082901554404,0.9689119170984456,1,"17,32,39,86,121,131,182,213,236,244,330,339",ba045728ed8edeee200b9aeed3b36dd1ea74f2191a404a35a89d3757f9cd2300
pos_train_seq468_hmm_aug008,pos_train_seq468,8,434,262,172,18,0.041474654377880185,0.9585253456221198,1,"41,43,44,70,73,84,107,118,140,188,189,203,277,279,280,282,293,298",5076880dbcd9330f03c98ac0251d0450ef4a8e2683440fd0da64fe0f2abbfb4b
pos_train_seq469_hmm_aug008,pos_train_seq469,8,231,184,47,12,0.05194805194805195,0.948051948051948,1,"38,40,41,44,46,55,67,176,181,196,206,227",8cb16e3a14bb9c834c16922e39da271e21a8b976f67c65bfd56285dc4729de9d
pos_train_seq471_hmm_aug008,pos_train_seq471,8,437,431,6,19,0.043478260869565216,0.9565217391304348,1,"84,119,124,141,164,198,201,263,313,331,353,365,372,379,385,397,420,423,431",68df47112c7df52ce32a6b85b0ddbac8df909f6b1c3765ad34e85f6255f84b37
pos_train_seq472_hmm_aug008,pos_train_seq472,8,431,263,168,15,0.03480278422273782,0.9651972157772621,1,"7,19,31,33,46,48,55,83,109,123,169,199,213,226,257",fc007904c8284f7c294f918ef09d85d43a61da36f428443e8e248eef4f5b8380
pos_train_seq475_hmm_aug008,pos_train_seq475,8,360,145,215,6,0.016666666666666666,0.9833333333333333,1,"157,163,164,172,219,243",b248e24dde103b2efdede6e21b7a09419a9bfd4e9f8b6a3714186ba8dc1a3631
pos_train_seq476_hmm_aug008,pos_train_seq476,8,407,254,153,8,0.019656019656019656,0.9803439803439803,1,"186,243,299,325,337,340,346,352",46d82ec172559198b71e3ffb760bfebff42fc2f9cdb1562f5a5099d91fd47351
pos_train_seq478_hmm_aug008,pos_train_seq478,8,299,119,180,9,0.030100334448160536,0.9698996655518395,1,"54,182,186,206,213,236,246,247,248",896687c9eec953619fdfbb8ddc5efd911469cfa4b6630a96cdc32ef0462af9b2
pos_train_seq479_hmm_aug008,pos_train_seq479,8,370,309,61,19,0.051351351351351354,0.9486486486486486,1,"21,26,40,41,49,56,81,101,130,137,148,155,156,169,215,253,258,356,366",7a42b6d5a712581d305e3a7f92f5998e937d605588a136c14bec000e90eef1df
pos_train_seq480_hmm_aug008,pos_train_seq480,8,409,308,101,15,0.03667481662591687,0.9633251833740831,1,"33,41,42,45,55,147,153,199,237,238,283,287,307,342,351",cc4e8e6127dd644f0de9b6c30c5b9aa6bbc2d50249f125ad04ee96797ca1a445
pos_train_seq481_hmm_aug008,pos_train_seq481,8,209,114,95,4,0.019138755980861243,0.9808612440191388,1,"42,76,92,166",8e309deb6b218bbd997a7b02ad4c3fd07ef0dddd0928817842a36cebd54c170a
pos_train_seq484_hmm_aug008,pos_train_seq484,8,359,14,345,1,0.002785515320334262,0.9972144846796658,1,217,7ed9ca01137a6a1a9b647c9f79c57e4c5d4174ff3ab5dc55f60d8b916056972c
pos_train_seq485_hmm_aug008,pos_train_seq485,8,491,86,405,7,0.014256619144602852,0.9857433808553971,1,"167,182,184,187,189,199,205",b4f12923560fbafa0aa19b8d66b52a3db6618de93b4c3a86d8aca0212c838c50
pos_train_seq486_hmm_aug008,pos_train_seq486,8,184,171,13,8,0.043478260869565216,0.9565217391304348,1,"33,44,48,88,107,135,142,170",5a2339890b6d23286aebe8e7313028605dbcaef60c94ec4e8ea6bf758fc7ed9b
pos_train_seq487_hmm_aug008,pos_train_seq487,8,454,298,156,17,0.037444933920704845,0.9625550660792952,1,"19,33,215,228,253,282,285,290,334,336,363,373,385,411,413,428,440",67e1880c172c8d47c00bb03c8b802052a10800926915824564c95fd8e1bd5601
pos_train_seq488_hmm_aug008,pos_train_seq488,8,419,356,63,20,0.0477326968973747,0.9522673031026253,1,"13,29,46,50,53,81,88,100,140,155,157,180,233,236,250,262,320,359,380,386",3e3631aff1447a48b5ac00fa6b74b882c28687e6d2d3d71513469d5b36bfc082
pos_train_seq489_hmm_aug008,pos_train_seq489,8,501,173,328,12,0.023952095808383235,0.9760479041916168,1,"18,31,40,46,61,72,75,78,84,118,131,215",7a8d133f0fc243f30637cb1a4128046ed760ad09667fb66498d9f930fa170d13
pos_train_seq490_hmm_aug008,pos_train_seq490,8,136,78,58,4,0.029411764705882353,0.9705882352941176,1,"73,80,82,108",474247e184260708179934036f8bb8ae9fa819ea22f1aeacba98464b4e86223d
pos_train_seq491_hmm_aug008,pos_train_seq491,8,383,329,54,20,0.05221932114882506,0.9477806788511749,1,"3,5,17,22,38,40,47,84,99,108,131,135,179,231,234,279,280,284,297,306",4cdb7a203fc306e795c803e3c134e1240ab7879eb3acac12f63fd26ac0baa4a9
pos_train_seq492_hmm_aug008,pos_train_seq492,8,508,452,56,25,0.04921259842519685,0.9507874015748031,1,"21,22,30,36,37,105,162,177,186,193,195,245,270,277,285,289,318,330,376,380,383,384,401,457,464",e406c92ecefbffe8f824fe24fa0b9f5620e4bb2c7140399b985ba7da1096001d
pos_train_seq493_hmm_aug008,pos_train_seq493,8,296,133,163,9,0.030405405405405407,0.9695945945945946,1,"24,31,36,66,79,102,262,264,271",97843fd7b477e186425b43d9de6cbad1e3075b78680937ddb011d3c82e798d30
pos_train_seq494_hmm_aug008,pos_train_seq494,8,192,191,1,15,0.078125,0.921875,1,"36,45,51,68,80,93,109,110,124,128,132,148,156,183,192",29f8a7358a1a35d71a0cd782ecffcb1c3079cb507d40dd1cd485c6e642111d90
pos_train_seq495_hmm_aug008,pos_train_seq495,8,340,223,117,16,0.047058823529411764,0.9529411764705882,1,"17,42,46,63,180,184,188,202,212,213,247,251,283,293,306,316",2a37c1927f51460d4b42dccc28bb7eaef27f2c354680ca79bbe776cd72845fd5
pos_train_seq496_hmm_aug008,pos_train_seq496,8,403,289,114,15,0.03722084367245657,0.9627791563275434,1,"134,159,179,207,223,224,227,247,258,291,325,359,366,382,393",491b3f30be136c28df7d36837d047eecb9eebccf74e39f86754d2ad43144d420
pos_train_seq499_hmm_aug008,pos_train_seq499,8,397,242,155,10,0.02518891687657431,0.9748110831234257,1,"137,149,153,203,233,243,264,287,309,372",dcaab5f1bef7223d985bb8deadfc8b766fc6afb17b54389d2119818ce1a50a41
pos_train_seq500_hmm_aug008,pos_train_seq500,8,449,312,137,17,0.0378619153674833,0.9621380846325167,1,"10,11,30,68,76,88,101,103,130,149,154,161,298,300,304,362,365",5145e82acdbfda2632817c3f390e131fa866b84fe482457b130278e0a04a19a2
pos_train_seq502_hmm_aug008,pos_train_seq502,8,353,172,181,9,0.025495750708215296,0.9745042492917847,1,"41,45,55,75,110,114,146,156,181",3822368738d3612b574a89aaa96a315c2d6a3aec8729c03dd6bc7e6c78fcc22f
pos_train_seq503_hmm_aug008,pos_train_seq503,8,153,12,141,1,0.006535947712418301,0.9934640522875817,1,153,a0dd66e681af57ada4e0a30de4e31297c9e9b3bc9455d8da65d5b3ea2997084b
pos_train_seq504_hmm_aug008,pos_train_seq504,8,127,127,0,11,0.08661417322834646,0.9133858267716536,1,"13,25,31,35,45,48,55,75,87,123,124",491ba03b7a965f21306f4104788f076684868f8d13e140b716d19cc9175fc8d0
pos_train_seq506_hmm_aug008,pos_train_seq506,8,415,369,46,22,0.05301204819277108,0.946987951807229,1,"35,45,52,58,66,110,141,152,153,156,169,178,184,192,197,217,229,285,288,346,355,369",8d50d156e7bd9f0030ae5c14cdc51e576981ae0f063c43662ed29f22686952f2
pos_train_seq507_hmm_aug008,pos_train_seq507,8,443,57,386,3,0.006772009029345372,0.9932279909706546,1,"275,289,332",9ae6783d7c45652887552a03b48bf423bcd763b7130f08da2950d4e728dd8115
pos_train_seq510_hmm_aug008,pos_train_seq510,8,366,30,336,2,0.00546448087431694,0.994535519125683,1,"135,221",ead4c8b5cff1c8e24d97d9cc53d9f06be2796be8224c218631f07abbf2bcbae3
pos_train_seq511_hmm_aug008,pos_train_seq511,8,476,79,397,1,0.0021008403361344537,0.9978991596638656,1,278,783ab5547d3606b24ca53563c8980fa721cb3457ebcd4badfd6c0026dcb8523c
pos_train_seq514_hmm_aug008,pos_train_seq514,8,475,327,148,13,0.02736842105263158,0.9726315789473684,1,"191,224,249,272,306,313,344,362,367,414,435,442,447",1a58b965ffab549a5bbce83ce5a0b95b7c6c041b5dfa86006536207adf81bd9a
pos_train_seq515_hmm_aug008,pos_train_seq515,8,361,107,254,5,0.013850415512465374,0.9861495844875346,1,"42,68,89,95,101",47e2d1df4382a8014758a836e8ffeed66fd253ff9389f05ba2d71095c985bfdd
pos_train_seq518_hmm_aug008,pos_train_seq518,8,429,194,235,10,0.023310023310023312,0.9766899766899767,1,"19,64,66,148,159,168,215,218,415,428",3923611d94042f652c4975e73d65d1512c0d226209c1b42be595abd42086cea3
pos_train_seq519_hmm_aug008,pos_train_seq519,8,358,105,253,5,0.013966480446927373,0.9860335195530726,1,"40,46,58,99,114",288d94fc9b165222960c25cfd13294dc5cdd16c4bcc19ec819fe1142ade21d93
pos_train_seq520_hmm_aug008,pos_train_seq520,8,254,79,175,8,0.031496062992125984,0.9685039370078741,1,"154,158,172,177,185,187,211,222",c37ad85870c0cd30ac13b873264f790126adb381e6e549ce81d9c44db38d228d
pos_train_seq521_hmm_aug008,pos_train_seq521,8,210,1,209,1,0.004761904761904762,0.9952380952380953,1,1,e0e67c3f6a24dcd1b6d937f16a61b8ee6e56e8fd066d9eb27f9be0fafff9842a
pos_train_seq523_hmm_aug008,pos_train_seq523,8,175,37,138,3,0.017142857142857144,0.9828571428571429,1,"136,160,166",790005d6662725333bc9943f9294364b1a0f85657f7ce0612c73fad607e9fad3
pos_train_seq524_hmm_aug008,pos_train_seq524,8,323,204,119,9,0.02786377708978328,0.9721362229102167,1,"18,25,41,44,94,143,144,185,195",09a712c82eb630ff301005677eea64d42031f23a868deceea7326e608d805fd1
pos_train_seq526_hmm_aug008,pos_train_seq526,8,340,88,252,3,0.008823529411764706,0.9911764705882353,1,"28,35,80",a92f164f30958cc938eb5e28df0a27e8689b9479e86fe32996ae735abd6424f8
pos_train_seq527_hmm_aug008,pos_train_seq527,8,150,1,149,1,0.006666666666666667,0.9933333333333333,1,150,11fad58bf11313b23d363aeee923d68a220cd56bab62071fd1dd366aa09fa5d3
pos_train_seq528_hmm_aug008,pos_train_seq528,8,266,33,233,2,0.007518796992481203,0.9924812030075187,1,"104,117",805c82bc87e32525711635584b0f41049f0997b601b41517cc3986a85ddba68b
pos_train_seq531_hmm_aug008,pos_train_seq531,8,478,437,41,12,0.02510460251046025,0.9748953974895398,1,"11,25,61,94,163,214,249,250,353,355,368,467",f1457010e9caf454d33e52b8f9991c483f16eabb4ebbe68719ad3bef31b66470
pos_train_seq532_hmm_aug008,pos_train_seq532,8,327,71,256,3,0.009174311926605505,0.9908256880733946,1,"195,221,321",d9fab7fb9c020df5e0297f57421e130100d77c6ac8bda22b018fe39c823b68ef
pos_train_seq533_hmm_aug008,pos_train_seq533,8,392,117,275,4,0.01020408163265306,0.9897959183673469,1,"306,330,341,360",5e28488039bb46fb9475c19b0d01be0438a4b9f2c801f18c3f622751f09aed0e
pos_train_seq534_hmm_aug008,pos_train_seq534,8,440,152,288,6,0.013636363636363636,0.9863636363636363,1,"177,336,346,375,385,396",661f383b99eb12b3aa1d36e2195acbb6e76982a1bbdbac6c50b4b74094a47de1
pos_train_seq536_hmm_aug008,pos_train_seq536,8,377,318,59,24,0.0636604774535809,0.9363395225464191,1,"12,18,27,42,103,113,115,155,157,163,173,194,195,212,214,222,245,262,265,272,302,316,337,339",b72a1dd61943f5481bf10afab04ec92b117d9322654df4c991bb0e622afbdd2b
pos_train_seq538_hmm_aug008,pos_train_seq538,8,333,48,285,2,0.006006006006006006,0.993993993993994,1,"299,303",0b2e7ec6a849c3e4ce0f2094750466212e93710da2dd1e20c7a55803c7cfa77a
pos_train_seq540_hmm_aug008,pos_train_seq540,8,140,1,139,1,0.007142857142857143,0.9928571428571429,1,140,1c819e215bb532a2b17e8bc91f9942b95d5efd2cf3405a7eda56547c1be4f67a
pos_train_seq541_hmm_aug008,pos_train_seq541,8,156,78,78,5,0.03205128205128205,0.967948717948718,1,"103,129,137,139,152",fb49b8d69e2fab8d2a7dc4f944ce9bccda67418d56e9963c451dfb646876bab5
pos_train_seq543_hmm_aug008,pos_train_seq543,8,294,134,160,7,0.023809523809523808,0.9761904761904762,1,"16,17,49,266,270,278,284",add2a3fb7fb480402288bcc6a3f52820c08fde54e91ce9fe607d5deaa3d72d38
pos_train_seq544_hmm_aug008,pos_train_seq544,8,398,163,235,4,0.010050251256281407,0.9899497487437185,1,"34,171,366,374",a3dc6d16adbe6baf36c13200ba718709a7f128830813995787b5e49e36446d86
pos_train_seq545_hmm_aug008,pos_train_seq545,8,359,348,11,28,0.07799442896935933,0.9220055710306406,1,"13,27,34,35,36,57,90,103,109,119,120,127,132,138,146,179,244,250,252,260,264,270,279,286,290,299,302,357",31d418bfd7627579701d0c2265c801979327a394038d723123b0f7947f0466c2
pos_train_seq548_hmm_aug008,pos_train_seq548,8,108,76,32,3,0.027777777777777776,0.9722222222222222,1,"30,56,95",44c39a814ace1ca42511c11ecad7bacf9c9537bc25548d5c5e52d342ee4257e4
pos_train_seq549_hmm_aug008,pos_train_seq549,8,331,7,324,1,0.0030211480362537764,0.9969788519637462,1,276,99ee0581182b9e36b32f5c2c15d4d048d815bfc90d316ad396609fdeb3cf9ea4
pos_train_seq550_hmm_aug008,pos_train_seq550,8,439,74,365,3,0.00683371298405467,0.9931662870159453,1,"97,137,152",a218253460bebde9337164585af301fa25e073caf1feda0906b25dbca9fe26a7
pos_train_seq551_hmm_aug008,pos_train_seq551,8,185,135,50,7,0.03783783783783784,0.9621621621621621,1,"55,83,114,122,131,139,164",1289469dc20c208c488e8094559114567de5b3b8a44f956daaab5422d4c66b16
pos_train_seq552_hmm_aug008,pos_train_seq552,8,103,31,72,1,0.009708737864077669,0.9902912621359223,1,26,2af78178121605ff98bb3795340d4dc4283f8682fd66085e2596dcbeabce07b8
pos_train_seq555_hmm_aug008,pos_train_seq555,8,111,38,73,3,0.02702702702702703,0.972972972972973,1,"73,82,99",a3a650a27fca929cf3fa0cfbb66bf26552dd73d98bce5f9cfd41c64526f1cf5f
pos_train_seq556_hmm_aug008,pos_train_seq556,8,181,121,60,5,0.027624309392265192,0.9723756906077348,1,"59,95,99,113,126",bb752a1c0d6174fde05a3298ad3f1d0e6cb21de326b545cdf715885fbc39c20e
pos_train_seq557_hmm_aug008,pos_train_seq557,8,450,415,35,12,0.02666666666666667,0.9733333333333334,1,"5,39,98,160,210,256,291,313,315,324,356,430",7a02f437cc7438a27d14451b48e6390e821009fec21366a960eabab43452685c
pos_train_seq558_hmm_aug008,pos_train_seq558,8,356,106,250,5,0.014044943820224719,0.9859550561797753,1,"22,33,51,88,115",77c026938e40fde04ebcbeed9a0f1765cfa3ec52e7b1d4ad08b80a009ccc1100
pos_train_seq559_hmm_aug008,pos_train_seq559,8,303,255,48,6,0.019801980198019802,0.9801980198019802,1,"40,75,112,158,249,271",156981aa584eb29fa45ee598abadf629ab5c36ccac693b2ed8bd3f225c6520f3
pos_train_seq560_hmm_aug008,pos_train_seq560,8,221,72,149,4,0.01809954751131222,0.9819004524886877,1,"15,26,61,79",41aa85158d30dc48c3ef9f6ded251a70907d0aa054ce7a04336f02a5dc361ce2
pos_train_seq561_hmm_aug008,pos_train_seq561,8,280,141,139,6,0.02142857142857143,0.9785714285714285,1,"22,46,58,258,272,274",565ed1c25331d196f350858f667e31ed7efc6dfc403e6497e12906162d7341a6
pos_train_seq564_hmm_aug008,pos_train_seq564,8,338,63,275,2,0.005917159763313609,0.9940828402366864,1,"163,169",553eadd2578b567939ea191aec7c11f090364a55d1acc8d57a00c4ee817784b8
pos_train_seq566_hmm_aug008,pos_train_seq566,8,313,195,118,11,0.03514376996805112,0.9648562300319489,1,"49,52,92,103,123,137,147,158,162,174,198",bcb1c33a13b5883819aadf40bd92acdca9d1e70386e5693b453db7fefe3071f9
pos_train_seq567_hmm_aug008,pos_train_seq567,8,478,87,391,1,0.0020920502092050207,0.997907949790795,1,75,3345be12556a1055d05a29e05fcb63c86851bf531043217e1af98aa31c76c6f0
pos_train_seq568_hmm_aug008,pos_train_seq568,8,390,47,343,4,0.010256410256410256,0.9897435897435898,1,"58,68,132,150",4dbac750da8262a21406920de42c20c694e82b593bd690d7428e38c69f4abcb7
pos_train_seq569_hmm_aug008,pos_train_seq569,8,332,332,0,20,0.060240963855421686,0.9397590361445783,1,"1,3,20,33,46,61,103,126,140,168,172,230,240,279,287,302,304,307,309,311",47425a565ec03778cdd055a4ceaf274af5bdbe6bc0d4b905bbd71b1340aa6701
pos_train_seq570_hmm_aug008,pos_train_seq570,8,456,86,370,4,0.008771929824561403,0.9912280701754386,1,"306,312,331,363",dfebc15c74e1923a80b13a0746eb9550dbfe712f1604f2051c20d09f4315afb9
pos_train_seq572_hmm_aug008,pos_train_seq572,8,160,157,3,5,0.03125,0.96875,1,"14,16,24,44,126",03763431721255f14172d8bb8f878c7da4561bd299fbeddb015b7cee28d287e7
pos_train_seq573_hmm_aug008,pos_train_seq573,8,265,131,134,5,0.018867924528301886,0.9811320754716981,1,"19,156,192,214,236",df1d73e5731faaede4268d419d638d752eba0557ffc6013e9123a0ed2efcb902
pos_train_seq574_hmm_aug008,pos_train_seq574,8,392,224,168,9,0.02295918367346939,0.9770408163265306,1,"12,14,96,98,110,129,233,239,252",c64c9da84e14e1e23e0d92573af5949deb54de4dbe6efa781cb504bfe3bb30c8
pos_train_seq576_hmm_aug008,pos_train_seq576,8,443,59,384,6,0.013544018058690745,0.9864559819413092,1,"270,276,283,328,341,348",4e9734468dad6c74bf779739f5f92390a6d2c29d675e34c645d18a775cb147ef
pos_train_seq577_hmm_aug008,pos_train_seq577,8,281,3,278,1,0.0035587188612099642,0.99644128113879,1,45,f4d7e357d3a3570230277999ec2e7f0b3ee88c96ce28aa96d0f323ad1f184398
pos_train_seq579_hmm_aug008,pos_train_seq579,8,175,36,139,2,0.011428571428571429,0.9885714285714285,1,"153,163",324531300cdea851ca222b68550f3c6695894feb0dd27601e486846b08a7d98e
pos_train_seq580_hmm_aug008,pos_train_seq580,8,501,408,93,27,0.05389221556886228,0.9461077844311377,1,"22,57,69,76,121,129,141,155,159,164,165,222,227,246,256,290,291,306,308,318,329,335,338,447,458,459,463",eb4293404756d6d352862c2c7df25776cfa8e10f09a0edfc2eab48b2855b8475
pos_train_seq581_hmm_aug008,pos_train_seq581,8,313,155,158,6,0.019169329073482427,0.9808306709265175,1,"11,47,113,160,171,174",a914aff2e194fe9a9ab7154c3d56a87a4b296c0229dd134c7bc6593ad841c922
pos_train_seq582_hmm_aug008,pos_train_seq582,8,363,160,203,9,0.024793388429752067,0.9752066115702479,1,"26,37,51,54,178,193,267,337,355",06150b21cbfec649e182df3e63b66daf9c39b0b3e31a0d12693305f72a6bde11
pos_train_seq583_hmm_aug008,pos_train_seq583,8,407,153,254,8,0.019656019656019656,0.9803439803439803,1,"2,34,44,50,51,56,71,129",7009db33f1a94ea07606a83739e0e66f89189a41e223b6e39d9a3f7aceb23358
pos_train_seq584_hmm_aug008,pos_train_seq584,8,133,119,14,6,0.045112781954887216,0.9548872180451128,1,"38,50,68,71,88,92",3c1e3aeb867a32b1183fc589668a73ccf965cfe866f9523a1c92e7c534a7cc8e
pos_train_seq585_hmm_aug008,pos_train_seq585,8,411,122,289,6,0.014598540145985401,0.9854014598540146,1,"233,236,297,299,333,360",37e4b85a3318b2816b8476c179675ff0acc5ea5024b574131f04c1ce72768120
pos_train_seq587_hmm_aug008,pos_train_seq587,8,163,75,88,3,0.018404907975460124,0.9815950920245399,1,"44,48,72",330757db72e24499f9fa3c30284ffccf689f3efaa819fc1bbcf0824fbfe0ec1e
pos_train_seq591_hmm_aug008,pos_train_seq591,8,444,254,190,10,0.02252252252252252,0.9774774774774775,1,"182,197,206,251,282,347,351,421,432,436",f626ffb9980c3db66f9b372e9acead473c7c138627a9d2b426d2590ae989e420
pos_train_seq0_hmm_aug009,pos_train_seq0,9,496,354,142,16,0.03225806451612903,0.967741935483871,1,"124,130,134,195,198,219,268,273,274,278,318,344,410,413,423,427",add142bc3a96db4bb836039c06e58e28cbc77c7a25e66b197095036d66ae4574
pos_train_seq1_hmm_aug009,pos_train_seq1,9,231,231,0,6,0.025974025974025976,0.974025974025974,1,"19,24,60,166,180,211",daf9a1ccc658d8082b81fc7f0aa6b507092a3b24ce6806874a6c74ef39b6a964
pos_train_seq2_hmm_aug009,pos_train_seq2,9,163,78,85,1,0.006134969325153374,0.9938650306748467,1,14,5cd7f63abb2288af68c028d60b3877af7448bef87f512ceea3ed5812f1f1ed7c
pos_train_seq3_hmm_aug009,pos_train_seq3,9,157,120,37,9,0.05732484076433121,0.9426751592356688,1,"25,60,76,109,110,111,131,143,144",f89dd91b580e907c9dbe602e7f861248acde09b6ac967dabe110f67c97ad701d
pos_train_seq7_hmm_aug009,pos_train_seq7,9,480,148,332,5,0.010416666666666666,0.9895833333333334,1,"108,120,204,251,351",9e99dcb42694e3058ef956eb6f9ae54521dd660825d83abcb5c1a26c67c13c05
pos_train_seq8_hmm_aug009,pos_train_seq8,9,180,1,179,1,0.005555555555555556,0.9944444444444445,1,97,768e1962273bd908c63ff20d9b3a406722bf55276f4abff44a29e2d731342614
pos_train_seq10_hmm_aug009,pos_train_seq10,9,474,318,156,21,0.04430379746835443,0.9556962025316456,1,"48,55,68,97,117,128,131,138,143,159,167,192,210,212,219,257,265,270,275,282,451",6df376628d8eda39275429382e896a3b42701b74d1c3de4957d3dcd076270ee4
pos_train_seq11_hmm_aug009,pos_train_seq11,9,378,159,219,11,0.0291005291005291,0.9708994708994709,1,"33,45,58,77,83,115,128,132,175,182,188",8d32b72fb02e7ffbe7b8d0d1018355c66352316da4e8ce7209731470f7925ffd
pos_train_seq12_hmm_aug009,pos_train_seq12,9,359,6,353,1,0.002785515320334262,0.9972144846796658,1,181,60e9987e2a3ce64eaa26971acc328a47e5f5d2e232202af397d39b2efb651990
pos_train_seq14_hmm_aug009,pos_train_seq14,9,501,305,196,18,0.03592814371257485,0.9640718562874252,1,"76,77,82,113,134,144,165,169,194,207,219,222,249,308,330,348,351,363",5376564278675e05b530e471b08a953df425badfd9bc00e1995ff89c21d9becf
pos_train_seq16_hmm_aug009,pos_train_seq16,9,461,210,251,13,0.028199566160520606,0.9718004338394794,1,"3,40,41,45,50,86,101,119,145,162,401,419,433",e879fa5fc825f22b8c0733fdb8827c1d4e300df688b0625ca39b36940af8e981
pos_train_seq17_hmm_aug009,pos_train_seq17,9,280,124,156,5,0.017857142857142856,0.9821428571428571,1,"83,234,243,265,268",802822d9454056444790fed1689c63aedfa769529999916650283049b663b74e
pos_train_seq18_hmm_aug009,pos_train_seq18,9,184,171,13,8,0.043478260869565216,0.9565217391304348,1,"16,42,50,90,117,127,156,179",a3e7940ae980d69eeaf9f69aa505ce500139968d109d657e3e6ad68dc2a18287
pos_train_seq19_hmm_aug009,pos_train_seq19,9,501,305,196,14,0.027944111776447105,0.9720558882235529,1,"29,75,105,116,130,145,149,159,207,233,239,251,296,307",7a924b4db6f1c2cf55c07def74eda20cc4a6630b9320e219dee42270a69e3b10
pos_train_seq24_hmm_aug009,pos_train_seq24,9,165,4,161,1,0.006060606060606061,0.9939393939393939,1,155,9458988fb35e767f8c41c6157618bb3263aa3b1aa1112d6a28017c2fde48c127
pos_train_seq25_hmm_aug009,pos_train_seq25,9,198,190,8,12,0.06060606060606061,0.9393939393939394,1,"30,36,49,58,79,88,110,124,136,147,167,172",23c4feec05ea1d42ee1b9e1ebf9e499131efe66fc672eefb495bc902cbba7289
pos_train_seq28_hmm_aug009,pos_train_seq28,9,391,312,79,18,0.04603580562659847,0.9539641943734015,1,"23,24,40,44,47,76,80,122,149,175,176,235,278,289,296,299,302,325",adf06d62b0df13ac129be1769e40dc06db36f046a21a1458229eea8287ecdf98
pos_train_seq29_hmm_aug009,pos_train_seq29,9,267,135,132,8,0.0299625468164794,0.9700374531835206,1,"18,25,58,103,132,157,159,160",5b7178428186f05544652a682bcb147873739977ab56d4f7d038ac73e9ecffe3
pos_train_seq31_hmm_aug009,pos_train_seq31,9,388,18,370,1,0.002577319587628866,0.9974226804123711,1,361,42f317ec17f06b165e1e9601f5233aac8a31be86f355ccf44235d6ab5f0c58d3
pos_train_seq32_hmm_aug009,pos_train_seq32,9,240,131,109,4,0.016666666666666666,0.9833333333333333,1,"93,126,186,188",8d618170e11424f5e598ab9c350a1577bcdc1e6b8a2d7afbea33314914432b2d
pos_train_seq33_hmm_aug009,pos_train_seq33,9,495,493,2,20,0.04040404040404041,0.9595959595959596,1,"13,40,77,83,84,93,94,95,154,181,222,233,292,313,348,373,428,460,487,491",073fc2c3dd99dbd53f4b142ba3f237d3736c5b78b65fcd13f6d9c594241ed9ac
pos_train_seq34_hmm_aug009,pos_train_seq34,9,357,189,168,10,0.028011204481792718,0.9719887955182073,1,"28,45,61,65,68,91,314,328,332,343",67de7a7c3021f40f3e518843d9d214eba67bf78ec9be6166c1b15b2f6fcb4e9d
pos_train_seq35_hmm_aug009,pos_train_seq35,9,214,135,79,3,0.014018691588785047,0.985981308411215,1,"147,174,183",f41e4228a1de05bb466f038abf1700787791a74a858413d9faa8fe083cab8b22
pos_train_seq36_hmm_aug009,pos_train_seq36,9,412,405,7,19,0.04611650485436893,0.9538834951456311,1,"16,44,61,70,78,117,142,178,188,200,221,237,246,287,299,336,369,388,410",fd343282b66cfef0b0d039de8a6aeef592ce825b44d45aa891572f58d261f6c8
pos_train_seq37_hmm_aug009,pos_train_seq37,9,213,94,119,5,0.023474178403755867,0.9765258215962441,1,"31,50,65,161,182",ecd4d0bff42faf593acf3e16d6a783d60ac2a9766cfea7cb87b9b14c6bda407c
pos_train_seq38_hmm_aug009,pos_train_seq38,9,352,148,204,7,0.019886363636363636,0.9801136363636364,1,"149,163,187,195,211,276,277",f8c6caad82fe5f16ba2e9b2feed4afa33b29c2fd72f20cf5861b6960d01bedf3
pos_train_seq39_hmm_aug009,pos_train_seq39,9,328,108,220,5,0.01524390243902439,0.9847560975609756,1,"99,109,128,286,291",33893dd0521bfac755ffd2bfe0123ed3b53787fb8b6b658c20c7fb976db6eafc
pos_train_seq42_hmm_aug009,pos_train_seq42,9,387,240,147,11,0.028423772609819122,0.9715762273901809,1,"7,9,21,26,43,47,55,57,122,183,221",eb3e80a2d44bc3d752f71442b8f0cd605e65b20663064013f19bdffdbe0f540a
pos_train_seq44_hmm_aug009,pos_train_seq44,9,452,227,225,6,0.01327433628318584,0.9867256637168141,1,"274,275,376,384,403,437",1e8c081bd93c8a236852a79d17b667360df986f685b5f57af82574eb80291864
pos_train_seq45_hmm_aug009,pos_train_seq45,9,429,252,177,11,0.02564102564102564,0.9743589743589743,1,"29,50,69,71,193,215,245,261,263,279,289",d432aec4a1fde67352775b909d7b5d2115d1b80617f9c8fb555b538ad1ce25ec
pos_train_seq46_hmm_aug009,pos_train_seq46,9,392,47,345,1,0.002551020408163265,0.9974489795918368,1,132,37b8d593fd083e40779681b69869b668509f24befe46391b2be1e97aacced683
pos_train_seq47_hmm_aug009,pos_train_seq47,9,127,126,1,4,0.031496062992125984,0.9685039370078741,1,"33,88,97,103",b6b9b8261f313fa51b7be3119ccaa0b98ac060eb6c0296eee617cbbab67412df
pos_train_seq50_hmm_aug009,pos_train_seq50,9,343,145,198,9,0.026239067055393587,0.9737609329446064,1,"193,195,265,280,301,302,323,333,335",f9b0dc83b80d8fb8e586262ab58d9cc915839ed60f49cab38c920bb98d72e9bc
pos_train_seq51_hmm_aug009,pos_train_seq51,9,401,12,389,1,0.0024937655860349127,0.9975062344139651,1,319,1909bec445440ae9a5a51649cded9c4182cea4ad9aa10ef5c7d9659555e3b6fd
pos_train_seq52_hmm_aug009,pos_train_seq52,9,175,37,138,1,0.005714285714285714,0.9942857142857143,1,165,c2eee1c7da1788540fa60c938c448a81adb6df324928149d44d26b5c9a3ef300
pos_train_seq54_hmm_aug009,pos_train_seq54,9,376,282,94,11,0.02925531914893617,0.9707446808510638,1,"32,35,97,104,226,227,270,299,316,328,344",0e69227d754e0ac15a45b6ec236155260b0a197e042035ecd54ee687b05db6e2
pos_train_seq55_hmm_aug009,pos_train_seq55,9,393,186,207,9,0.022900763358778626,0.9770992366412213,1,"107,135,150,177,193,201,246,268,336",c021ef88c79216353d86b7344bc9a8497dcf8dfddee36d78351d2ef38eda6e0f
pos_train_seq57_hmm_aug009,pos_train_seq57,9,246,35,211,2,0.008130081300813009,0.991869918699187,1,"210,229",8587a2ae19cf20600e8cfdce9472bd4546c9ce174f94e0fb59b9426616890496
pos_train_seq59_hmm_aug009,pos_train_seq59,9,185,137,48,6,0.032432432432432434,0.9675675675675676,1,"84,89,112,132,166,169",d9fd8808187f39356d9451b0edbcff0ba70cacd38ce84fc42262ba4650cfe89c
pos_train_seq60_hmm_aug009,pos_train_seq60,9,341,304,37,11,0.03225806451612903,0.967741935483871,1,"26,38,45,67,134,137,144,193,208,251,294",7aec8c5aec50d90f678525a5d1b2a7d59b87020752731f6be55dd245c97b0e42
pos_train_seq65_hmm_aug009,pos_train_seq65,9,341,271,70,24,0.07038123167155426,0.9296187683284457,1,"75,82,96,100,103,105,113,116,121,125,140,141,151,160,162,177,212,218,271,273,274,278,282,335",0b6e9047b6cf1c7541fb0b40b7574fe08b0c659557484220396836301907c3ab
pos_train_seq66_hmm_aug009,pos_train_seq66,9,481,468,13,25,0.05197505197505198,0.9480249480249481,1,"16,25,29,31,56,77,78,120,127,171,193,206,207,247,311,318,323,355,369,373,384,389,456,478,479",3b209f623b76b43f5e2e3e20b46872eaf56abbca565144a2396d543a714255e4
pos_train_seq67_hmm_aug009,pos_train_seq67,9,326,314,12,16,0.049079754601226995,0.950920245398773,1,"39,45,50,61,92,135,185,207,232,237,245,261,282,321,323,326",92ac9ab577e849e5a6d19977ba58c26364d2e82439f3d861e807b1cdff1b4330
pos_train_seq68_hmm_aug009,pos_train_seq68,9,341,228,113,14,0.04105571847507331,0.9589442815249267,1,"20,46,48,61,68,73,87,97,107,239,279,280,323,327",49956129dcd51eb975fac17b0e1844048c93cb628aa36c94a3ad74feb4c04c24
pos_train_seq69_hmm_aug009,pos_train_seq69,9,394,379,15,25,0.06345177664974619,0.9365482233502538,1,"20,48,59,66,103,120,137,148,166,212,216,249,254,265,288,292,307,329,332,336,337,341,361,370,373",c66a60cf1f9e1bca691aa045b3a424a820984ca8e302d34ce40ec2068a038055
pos_train_seq70_hmm_aug009,pos_train_seq70,9,130,78,52,3,0.023076923076923078,0.9769230769230769,1,"43,57,70",52bb14120480de9102d5cad910e93fd06490ce49d3b7276c33a3fbf170008f6f
pos_train_seq73_hmm_aug009,pos_train_seq73,9,201,191,10,8,0.03980099502487562,0.9601990049751243,1,"7,13,77,80,121,138,145,190",888d17ef73153ab9b8c427782b5108808dbace49523fc2ed295ccb45e03011aa
pos_train_seq75_hmm_aug009,pos_train_seq75,9,501,173,328,2,0.003992015968063872,0.9960079840319361,1,"78,100",290ef08c155169257ce3ddc4be4c9cd9c954da3798ee10d5c138e083be3e62c3
pos_train_seq76_hmm_aug009,pos_train_seq76,9,183,123,60,6,0.03278688524590164,0.9672131147540983,1,"77,81,125,134,140,149",de22fb26527aee0b964ad4cabc1dfc5db217f4a9c119c79197a59cb9a1db1c5a
pos_train_seq79_hmm_aug009,pos_train_seq79,9,178,157,21,6,0.033707865168539325,0.9662921348314607,1,"37,54,91,113,167,173",d983d31bd9a029fad2955044c027350a4e853588c159f91aa4dfc41fb4f293b6
pos_train_seq80_hmm_aug009,pos_train_seq80,9,427,281,146,16,0.03747072599531616,0.9625292740046838,1,"117,138,141,144,150,186,191,208,235,255,261,267,294,296,347,356",4442b5cbb842f98385d27f9a42e1d6ecdf9a1733e59f9a1fdbf0d3e4ecc9b5a7
pos_train_seq82_hmm_aug009,pos_train_seq82,9,479,466,13,18,0.037578288100208766,0.9624217118997912,1,"10,31,78,90,95,122,145,169,201,210,233,237,245,330,343,364,374,434",794ea201907685e99a5fcbe26caa5cd83aeab5442c3d5c4a56ec99feb836760b
pos_train_seq86_hmm_aug009,pos_train_seq86,9,377,318,59,19,0.050397877984084884,0.9496021220159151,1,"3,135,139,142,168,202,214,240,249,295,297,298,305,309,311,333,355,360,375",79d17a43c4ad226235b8dc2819cb5ce12017a9d1b6c6e49fbe586e1b87e726e2
pos_train_seq87_hmm_aug009,pos_train_seq87,9,321,199,122,9,0.028037383177570093,0.9719626168224299,1,"137,145,149,177,178,209,265,268,269",beef6f76315892f2a13a15ec29d6c8f442f4884cb7929fccb9d0ff4dfaf61641
pos_train_seq89_hmm_aug009,pos_train_seq89,9,493,325,168,11,0.02231237322515213,0.9776876267748479,1,"83,127,149,169,170,210,256,263,264,366,489",adfc00a4bcd0887fcd52587edb317cb088e1e288874356429cb3db3b0b93be2c
pos_train_seq90_hmm_aug009,pos_train_seq90,9,435,229,206,12,0.027586206896551724,0.9724137931034482,1,"226,247,252,271,284,287,311,313,338,349,392,396",2a3521164ef64f7fab67de6c21bd8a0124aa7bbd1dc5273363233c7154d5f2e0
pos_train_seq91_hmm_aug009,pos_train_seq91,9,472,313,159,12,0.025423728813559324,0.9745762711864406,1,"52,57,110,124,162,288,291,296,310,311,325,345",0e47477151a4bec7fd26a5cde9bb7bf9feb734b10191afa04a13e80c2dc3bf66
pos_train_seq93_hmm_aug009,pos_train_seq93,9,316,127,189,5,0.015822784810126583,0.9841772151898734,1,"27,59,72,97,158",f945722281da8477d10063cdde2b1b223161d8c34f750f3398d547d2a756f8ca
pos_train_seq94_hmm_aug009,pos_train_seq94,9,422,246,176,10,0.023696682464454975,0.976303317535545,1,"33,48,165,175,201,205,361,362,384,396",1a632a3e747c66cfc0233261a09262890c84e1cc9b32e39131c7f594fe8d72d3
pos_train_seq95_hmm_aug009,pos_train_seq95,9,341,168,173,9,0.026392961876832845,0.9736070381231672,1,"9,18,27,36,40,105,114,116,141",93d8a56e6c1ab21c29821f5f3c761de6bd879905ba258273934237d1129b79ce
pos_train_seq96_hmm_aug009,pos_train_seq96,9,336,214,122,10,0.02976190476190476,0.9702380952380952,1,"64,106,109,119,255,259,262,291,324,333",15b68fc6c4d90670b538d99954f4bb2c7b8a0d0db38c879ea1eff0046a1a5e2a
pos_train_seq97_hmm_aug009,pos_train_seq97,9,191,117,74,6,0.031413612565445025,0.9685863874345549,1,"38,62,63,133,178,179",74fe5236b92426f0a0bf2fcc93409e8d1e2d79087f124fb0e496118986b39dfd
pos_train_seq98_hmm_aug009,pos_train_seq98,9,178,107,71,4,0.02247191011235955,0.9775280898876404,1,"80,94,128,133",799fff1661ef1362ae66c031959b0aa602dcdcda7f98eda7349639011f5f29a1
pos_train_seq99_hmm_aug009,pos_train_seq99,9,125,114,11,6,0.048,0.952,1,"13,37,49,110,111,121",f8745395b6192f80e70fce62bf88644e4235b3d4183515fbc772fdaf3dfc89e9
pos_train_seq101_hmm_aug009,pos_train_seq101,9,297,210,87,8,0.026936026936026935,0.9730639730639731,1,"49,102,109,115,125,140,218,228",aaaed02af2d8e321958f1a23d144024fd302bbfbc71a2ae352ed73a41364122f
pos_train_seq103_hmm_aug009,pos_train_seq103,9,426,256,170,16,0.03755868544600939,0.9624413145539906,1,"11,31,54,58,69,94,97,123,126,148,151,153,200,215,219,402",5bfc367743d388657e665a697fcdec667af03ff11f23edd719e255273914ac87
pos_train_seq104_hmm_aug009,pos_train_seq104,9,332,326,6,18,0.05421686746987952,0.9457831325301205,1,"40,75,86,91,95,113,142,184,195,199,238,246,264,266,267,269,292,319",7376559bc60be16ce453a0c6d4b216d9e09d7471824fdb306d1703cd10d6cf11
pos_train_seq105_hmm_aug009,pos_train_seq105,9,380,78,302,3,0.007894736842105263,0.9921052631578947,1,"295,326,379",aee9c3187098acde2f7efe6648c2e3123e57fee93530d52b336e791d8796b3c5
pos_train_seq106_hmm_aug009,pos_train_seq106,9,320,156,164,10,0.03125,0.96875,1,"12,16,65,71,102,109,113,123,143,164",8568436ad8731a1b94adfb35878f252eea097dcfc2a3c7b9af1af2af7b15d248
pos_train_seq107_hmm_aug009,pos_train_seq107,9,219,162,57,7,0.0319634703196347,0.9680365296803652,1,"61,78,93,142,152,210,216",2b09ec1fd59476669fb868cb79757fba25697478ea07b76c9a2117795808bf2b
pos_train_seq108_hmm_aug009,pos_train_seq108,9,189,181,8,5,0.026455026455026454,0.9735449735449735,1,"35,97,101,126,138",552e244d70b18c8bcc1464655e5eb15ec215408451eb93020e03f42dd3e8add8
pos_train_seq109_hmm_aug009,pos_train_seq109,9,244,75,169,6,0.02459016393442623,0.9754098360655737,1,"74,88,105,113,122,133",73e19bfe2af15c86dd4b9e28bbe95b16efbb95943c08ef8afbceb69cdfac40fb
pos_train_seq112_hmm_aug009,pos_train_seq112,9,194,36,158,2,0.010309278350515464,0.9896907216494846,1,"58,61",8e5c0c848aef3b11019eb442fb46fd8c2403702f2484fc7b40f656198bd769f5
pos_train_seq113_hmm_aug009,pos_train_seq113,9,427,344,83,21,0.04918032786885246,0.9508196721311475,1,"24,39,43,52,53,68,79,97,206,208,219,236,240,247,266,307,317,377,399,401,408",fda15867390115b7d92e9792a72af1b20353bb7679833ed061e2e2863e8bf07d
pos_train_seq116_hmm_aug009,pos_train_seq116,9,272,267,5,12,0.04411764705882353,0.9558823529411765,1,"10,24,48,80,81,114,125,163,184,209,214,246",359c7d8436b6a35c1c12ffbaea13b267345c48954f82b7466e2d2960ca829da3
pos_train_seq118_hmm_aug009,pos_train_seq118,9,339,177,162,12,0.035398230088495575,0.9646017699115044,1,"168,180,199,210,218,224,229,235,242,266,284,308",927039e28fed90318d7da45a36e3fe42a31338943c46f9fe14be174bc3112e32
pos_train_seq119_hmm_aug009,pos_train_seq119,9,471,157,314,10,0.021231422505307854,0.9787685774946921,1,"74,81,93,111,154,163,190,215,217,218",bc4c71d1efc5d7e34ba521e5813840b9ac4ec8e7b827d6d7313ba2a70f2f0504
pos_train_seq121_hmm_aug009,pos_train_seq121,9,172,131,41,5,0.029069767441860465,0.9709302325581395,1,"22,29,49,96,100",4d03a579e5a55112dc7c1143c9a352af93d62e5f7fad246ecf281bb55922b0a6
pos_train_seq122_hmm_aug009,pos_train_seq122,9,175,157,18,5,0.02857142857142857,0.9714285714285714,1,"127,132,133,137,164",148cd928a60cd1afc51ede160e9492fbe7876168a9edf493518ad0616626096c
pos_train_seq123_hmm_aug009,pos_train_seq123,9,175,37,138,3,0.017142857142857144,0.9828571428571429,1,"135,149,150",c8eb6610495d5fc0e9ee6208029d3b9379a580a2afb82f4b042cf3b6edeef2fc
pos_train_seq124_hmm_aug009,pos_train_seq124,9,375,285,90,18,0.048,0.952,1,"11,26,68,73,105,119,156,158,168,219,226,237,241,247,262,267,281,301",88357c149801c670d4ed9fa8a4363d0988f367a1b91d74cc6133b928ef2dc660
pos_train_seq126_hmm_aug009,pos_train_seq126,9,196,188,8,13,0.0663265306122449,0.9336734693877551,1,"10,26,50,79,130,136,141,153,156,166,169,173,184",9f1a3c6a0018bdc75b67ab6b81a41a2877d3d7bd634f3438d54c2ecc37d959b1
pos_train_seq127_hmm_aug009,pos_train_seq127,9,454,363,91,27,0.05947136563876652,0.9405286343612335,1,"84,99,100,142,153,169,174,195,202,203,206,256,258,272,279,289,326,330,331,375,387,397,400,403,406,409,444",5cf4196c96531f4832ae263a809cd695a25a47f432076c5ccae220d24bbc22fb
pos_train_seq129_hmm_aug009,pos_train_seq129,9,385,19,366,1,0.0025974025974025974,0.9974025974025974,1,329,98cf96ba341ad51b9bc7e6b716f98ccfd4de4d3faa3350a6e5ea6e301933b227
pos_train_seq130_hmm_aug009,pos_train_seq130,9,307,47,260,2,0.006514657980456026,0.993485342019544,1,"180,196",aff8b78dffb89eaf5ee90b0e9110c30cc81dcaf9dcad445bd2d5144bcd9c8d67
pos_train_seq132_hmm_aug009,pos_train_seq132,9,241,59,182,2,0.008298755186721992,0.991701244813278,1,"134,171",ecf7e745048dbed4d9cb86162cd5e4e891b610fd42b50129c255c6f0f1152020
pos_train_seq133_hmm_aug009,pos_train_seq133,9,284,83,201,5,0.017605633802816902,0.9823943661971831,1,"96,98,104,106,156",d302bd96a56b607ba83b26535a751c7b2ca31d42ae50eadc8e6b7a611c520836
pos_train_seq135_hmm_aug009,pos_train_seq135,9,185,73,112,1,0.005405405405405406,0.9945945945945946,1,30,85447bad8d70e5c8c0aa32c8bd3751aea576d8e814548783a812455dcc5f5475
pos_train_seq137_hmm_aug009,pos_train_seq137,9,435,239,196,11,0.02528735632183908,0.9747126436781609,1,"2,14,51,69,77,82,87,102,137,152,219",c85a00fd49700a90ed3ab75b736b0b30d8568f1ee8986300ac298074c3ee6055
pos_train_seq138_hmm_aug009,pos_train_seq138,9,452,88,364,3,0.00663716814159292,0.9933628318584071,1,"10,28,80",00404b01755e6fc0f94c65b1e37feaaedf8851c5205a6824a3b164c08140bc67
pos_train_seq139_hmm_aug009,pos_train_seq139,9,297,179,118,9,0.030303030303030304,0.9696969696969697,1,"21,22,106,115,211,243,263,279,285",739031ee9bf2b19aaee03da236c2eae9abf52d8fd10306cfca1a03280a0d3b08
pos_train_seq140_hmm_aug009,pos_train_seq140,9,414,249,165,18,0.043478260869565216,0.9565217391304348,1,"35,49,53,58,72,77,86,127,155,158,162,186,190,205,207,233,234,245",5b0124ffad2bc83847d33af8e9095f329a8f253fb4f46d184966bce22ec3456c
pos_train_seq143_hmm_aug009,pos_train_seq143,9,454,373,81,27,0.05947136563876652,0.9405286343612335,1,"23,48,77,99,110,112,124,151,189,200,204,214,237,242,243,245,251,283,298,305,313,316,326,348,373,377,389",47aa2270a31378ae753de7dc3096aba4d4b104117696f100be24bf11f24927f2
pos_train_seq144_hmm_aug009,pos_train_seq144,9,437,99,338,2,0.004576659038901602,0.9954233409610984,1,"134,147",d500a34bb86ebc71ca59c004809cd1e61f792020ef7e9561ce7dbfeb7b5e654e
pos_train_seq145_hmm_aug009,pos_train_seq145,9,441,4,437,1,0.0022675736961451248,0.9977324263038548,1,349,291922c5b51d7fb80e2cb6b06804224b27542f87e8bca3b0048717af537967cc
pos_train_seq146_hmm_aug009,pos_train_seq146,9,196,39,157,2,0.01020408163265306,0.9897959183673469,1,"110,163",05a46155fdc6230905899142b4fc1b836842f0bde9d24e3e340fbb5c9d8afea8
pos_train_seq148_hmm_aug009,pos_train_seq148,9,475,327,148,23,0.04842105263157895,0.9515789473684211,1,"175,184,188,197,204,209,250,253,283,305,315,342,355,358,377,378,391,407,415,437,450,453,472",d5d734d0f6fddb3f73022eafa9e5663a41ab74134a53fdfe9ea6554c9e4d73e6
pos_train_seq151_hmm_aug009,pos_train_seq151,9,414,360,54,20,0.04830917874396135,0.9516908212560387,1,"11,25,31,49,78,91,102,135,143,145,177,204,211,229,247,255,262,337,349,382",ec6f520ccf1bc3e3ea6af597eb2e7f8e0c3555a5a0a94440aca76da6a1b427ee
pos_train_seq153_hmm_aug009,pos_train_seq153,9,163,75,88,3,0.018404907975460124,0.9815950920245399,1,"44,53,71",34beb75ed62296118d37de11a264e107fa54d1496918320f38d96617c3bbc4fc
pos_train_seq155_hmm_aug009,pos_train_seq155,9,471,138,333,10,0.021231422505307854,0.9787685774946921,1,"23,36,79,96,102,104,122,131,151,156",e387f9f0a01c582c1d8a52ec4d665affa64fcc8a036eb99359edd516319c1a3a
pos_train_seq157_hmm_aug009,pos_train_seq157,9,268,245,23,11,0.041044776119402986,0.9589552238805971,1,"18,31,62,68,137,198,225,228,245,263,267",996311cd210073368a8f9d3307d6699f2deee5b65ba13a0ebccd7cf1edc20f7e
pos_train_seq158_hmm_aug009,pos_train_seq158,9,214,189,25,9,0.04205607476635514,0.9579439252336449,1,"28,51,52,107,115,133,141,181,211",d6861111de379e208203bf5c04bd78e4c3dc9cf64e9549c001606a16c66eec9b
pos_train_seq160_hmm_aug009,pos_train_seq160,9,311,155,156,7,0.022508038585209004,0.977491961414791,1,"67,110,133,146,151,167,172",0feb2768b964469d13dd12c323ea10cac254e37165474d9ef17c915df9cf7d30
pos_train_seq161_hmm_aug009,pos_train_seq161,9,501,84,417,4,0.007984031936127744,0.9920159680638723,1,"297,303,317,352",aaebc5c610062a006b1744d52b940b237c23d59f33cf62c66ba34b6581e37c56
pos_train_seq163_hmm_aug009,pos_train_seq163,9,163,72,91,5,0.03067484662576687,0.9693251533742331,1,"35,36,45,55,65",055cd35bcc0f1e21807cb05ef699acda44fbe7fdfec00287cbe3f299586cd26a
pos_train_seq165_hmm_aug009,pos_train_seq165,9,457,403,54,20,0.0437636761487965,0.9562363238512035,1,"18,20,42,74,100,140,156,158,166,179,184,185,210,244,247,256,299,300,306,356",cb8367199b4b5ca6e8cdfe6d591c14099d79484c56cbd7a0281b84b74b82b1b2
pos_train_seq166_hmm_aug009,pos_train_seq166,9,178,165,13,4,0.02247191011235955,0.9775280898876404,1,"50,100,117,128",ccc1738e5413a4f2d906492943461dafce55294b4d96b81f07822e7ff505489d
pos_train_seq169_hmm_aug009,pos_train_seq169,9,130,23,107,1,0.007692307692307693,0.9923076923076923,1,46,d0416473171e48880268b605e3a1a35fa121dd16e4c10f9497b6e36d2a67ced9
pos_train_seq171_hmm_aug009,pos_train_seq171,9,69,5,64,1,0.014492753623188406,0.9855072463768116,1,37,c5a8883ecd28454ad7f63ba3326f30726842c3a4b671a2d76ea3db0042fe751e
pos_train_seq173_hmm_aug009,pos_train_seq173,9,431,258,173,11,0.025522041763341066,0.974477958236659,1,"1,2,28,39,42,78,119,210,214,215,245",265c2daac511554a105b800a2023aa6a1d02ac86b33a049fd463582be1db5c3b
pos_train_seq174_hmm_aug009,pos_train_seq174,9,453,50,403,1,0.002207505518763797,0.9977924944812362,1,109,5a54017c485d6e797d9e7ca06c43dad5a83379540f3f09c64f4476cbcb861112
pos_train_seq176_hmm_aug009,pos_train_seq176,9,175,37,138,1,0.005714285714285714,0.9942857142857143,1,148,407116edfc911f20c3efe243f2c6d1a2a922159c91ab18a81c9e8569eb5ea680
pos_train_seq178_hmm_aug009,pos_train_seq178,9,321,1,320,1,0.003115264797507788,0.9968847352024922,1,321,e13fa7e238386d783d70495770ad5a504530f390ae7f96bd84727b30e00b35a0
pos_train_seq179_hmm_aug009,pos_train_seq179,9,134,7,127,1,0.007462686567164179,0.9925373134328358,1,27,1dfc9f551cfff328f68d4034f2d2b68913ab31ea91ed26ebb8d3cb170b21766d
pos_train_seq180_hmm_aug009,pos_train_seq180,9,405,23,382,2,0.0049382716049382715,0.9950617283950617,1,"18,44",3186c2d0ff16fa3e3442ad1c2261772151c1e563452235633a540d55c9b9baf3
pos_train_seq181_hmm_aug009,pos_train_seq181,9,175,36,139,6,0.03428571428571429,0.9657142857142857,1,"2,143,146,155,158,163",a2563cb86a9d9c50d993c12c45d2d3ae47d6a5f2f7463cd573f54867dad18f7b
pos_train_seq183_hmm_aug009,pos_train_seq183,9,412,411,1,14,0.03398058252427184,0.9660194174757282,1,"5,27,38,62,140,169,197,250,259,266,314,333,370,382",e1f080eca027863163ba8f491bf28284f85ab4dbab76cf5ff89befa3dfe3b468
pos_train_seq184_hmm_aug009,pos_train_seq184,9,158,145,13,2,0.012658227848101266,0.9873417721518988,1,"23,63",b32c1a564d6eb6feff0a5d63a83142b9ed7ba9b59fdb3203fac2bb9b50d5a99e
pos_train_seq185_hmm_aug009,pos_train_seq185,9,494,236,258,13,0.02631578947368421,0.9736842105263158,1,"12,35,43,45,47,91,121,123,138,140,141,151,167",6b64fb6263523c2e387ef80e1890c3ef3566929954d2bab4576e9c411f2fb398
pos_train_seq186_hmm_aug009,pos_train_seq186,9,240,1,239,1,0.004166666666666667,0.9958333333333333,1,1,c4ab2c0e40af2d9043eea05948180e68e0d839afc5b359c14ade191db43317e6
pos_train_seq187_hmm_aug009,pos_train_seq187,9,136,106,30,4,0.029411764705882353,0.9705882352941176,1,"36,119,120,127",1c718fa96b66d66012d281048657fea909946953b2dbcbd394a7ec60b0126d26
pos_train_seq188_hmm_aug009,pos_train_seq188,9,326,211,115,13,0.03987730061349693,0.9601226993865031,1,"48,52,100,118,128,143,180,186,241,247,254,292,301",bf617a48b45219d163e869d6d9035a35c8f1338ea13829d4020fc0875def9690
pos_train_seq189_hmm_aug009,pos_train_seq189,9,180,158,22,8,0.044444444444444446,0.9555555555555556,1,"25,40,85,86,107,118,123,170",1689063aa1fd485e414724055eb98fa482a89100ea5dd87a4d03a0fd719d6b4e
pos_train_seq190_hmm_aug009,pos_train_seq190,9,255,239,16,16,0.06274509803921569,0.9372549019607843,1,"9,12,18,41,74,90,94,98,117,125,155,162,186,194,211,219",05d851446c5ed537535870fbdeffa5ddc458788f22a5d8558c94d197cc540c49
pos_train_seq191_hmm_aug009,pos_train_seq191,9,175,36,139,4,0.022857142857142857,0.9771428571428571,1,"133,146,154,165",10dbc046b53aec9d382b72cc3b9473b8171507024de599ffc0dfb2f394c341b4
pos_train_seq193_hmm_aug009,pos_train_seq193,9,213,136,77,6,0.028169014084507043,0.971830985915493,1,"100,104,161,181,200,208",0c3ddc4ebca3908eeaeae9e4530fe77de5c628f02991746e6c90f9552f579b23
pos_train_seq195_hmm_aug009,pos_train_seq195,9,483,372,111,20,0.041407867494824016,0.9585921325051759,1,"99,147,148,152,167,177,198,216,246,262,280,281,304,327,342,353,408,417,418,464",c6f07e1b42746a1fae198a167053cf4ad57fdbe09b2304f6b97c2fdd291844a1
pos_train_seq197_hmm_aug009,pos_train_seq197,9,373,9,364,1,0.002680965147453083,0.9973190348525469,1,364,873fe5faadee0c0a8bd29a59acaf562323ba6baacb1d4b7b1f3517f80e2d61a2
pos_train_seq199_hmm_aug009,pos_train_seq199,9,25,7,18,1,0.04,0.96,1,2,fe7fb57a10f706604d59bf46b45a98355794959f2109e98fe84cf878bf9bdb06
pos_train_seq200_hmm_aug009,pos_train_seq200,9,317,317,0,19,0.05993690851735016,0.9400630914826499,1,"3,17,44,85,90,91,104,107,131,132,135,136,144,162,194,203,232,290,317",ddd2a463afd3eb2fb9888cff8a76682c736fc90916d1bce607e4d0ccd68a0fb6
pos_train_seq201_hmm_aug009,pos_train_seq201,9,403,288,115,14,0.034739454094292806,0.9652605459057072,1,"134,172,223,227,233,239,245,251,293,310,334,337,338,387",43ba30e3004384069492e7b40d8b5a0fb8568fae6d26c171bcb1fe1dd5ed7518
pos_train_seq203_hmm_aug009,pos_train_seq203,9,480,82,398,1,0.0020833333333333333,0.9979166666666667,1,331,ffa9aa7b83a339c2a2bb1bdfcb68f308cc1d9868d434f4be7e7b7017f014f438
pos_train_seq204_hmm_aug009,pos_train_seq204,9,507,351,156,19,0.03747534516765286,0.9625246548323472,1,"164,177,217,292,295,299,312,323,324,335,347,364,378,404,411,419,449,464,485",bf7be47a4d02960b2e02cb1e92d610c3e4aeb2bcda20ce7292ad47e6c8498a6f
pos_train_seq206_hmm_aug009,pos_train_seq206,9,101,33,68,1,0.009900990099009901,0.9900990099009901,1,57,21c0f52171696e3bf53954a96a7dc338406c9b4b6bf49c762ba4d90334a50183
pos_train_seq207_hmm_aug009,pos_train_seq207,9,509,322,187,13,0.025540275049115914,0.9744597249508841,1,"17,85,88,92,93,140,187,222,252,353,355,476,485",0456efa9f277ea262c3b4c834e6c7f8c0f10d6230af800c607af2a8a6573d134
pos_train_seq208_hmm_aug009,pos_train_seq208,9,224,201,23,8,0.03571428571428571,0.9642857142857143,1,"10,17,37,47,84,106,118,159",1c7a967c543a95772996d027a704bdfbc0d50ba4bf0174a258a6214c5b79ecf8
pos_train_seq209_hmm_aug009,pos_train_seq209,9,501,305,196,17,0.033932135728542916,0.9660678642714571,1,"17,62,101,109,143,152,184,186,193,203,208,216,221,224,307,316,354",63c2109c2830e3abfc88f9f3a35524ddfa308558b133dde60a2a9f5de9cf520c
pos_train_seq210_hmm_aug009,pos_train_seq210,9,239,239,0,15,0.06276150627615062,0.9372384937238494,1,"23,34,53,79,80,96,122,154,171,172,176,182,203,206,226",cdc76697aca318a244042416723c617cc4b81ccad185d1f9fc1614a52c692d7d
pos_train_seq211_hmm_aug009,pos_train_seq211,9,406,29,377,2,0.0049261083743842365,0.9950738916256158,1,"14,31",873fd1dda14fa50208036a29ee0e309536f7f79e9a10183c12d1fea26b11cfde
pos_train_seq212_hmm_aug009,pos_train_seq212,9,175,37,138,1,0.005714285714285714,0.9942857142857143,1,145,c8c283a33765675fd85253b9405b3cd8daaef7f569f1e7d82869cd5ea5558a05
pos_train_seq213_hmm_aug009,pos_train_seq213,9,361,124,237,9,0.024930747922437674,0.9750692520775623,1,"204,257,263,269,283,287,299,333,342",4c8216b7a76fbb162fd78f98c996fbc346629384da021c76f9590d78025ebb17
pos_train_seq215_hmm_aug009,pos_train_seq215,9,475,473,2,16,0.03368421052631579,0.9663157894736842,1,"44,113,137,143,177,185,247,279,304,319,325,328,387,390,394,457",704f5c7c43df392365291a8fe64dd5ce784d978e26d631455f13349403daab3b
pos_train_seq216_hmm_aug009,pos_train_seq216,9,419,138,281,7,0.016706443914081145,0.9832935560859188,1,"120,134,311,331,348,357,359",d28fd368f84daa6a79d4f19fa76725d0aecd9e0a2b10d61e463508cf2ab6238d
pos_train_seq217_hmm_aug009,pos_train_seq217,9,91,88,3,7,0.07692307692307693,0.9230769230769231,1,"6,11,29,32,61,74,82",7551f3b513a5b3b03964f7b53784f8671d36357dc1823805ee2f660b39ccdaea
pos_train_seq218_hmm_aug009,pos_train_seq218,9,503,246,257,14,0.027833001988071572,0.9721669980119284,1,"39,274,284,316,335,357,367,368,370,408,431,455,457,477",359eaffe2d3808fbb059341a9d8e4eb65d8aad839f99bf6f03d70964b04d81f0
pos_train_seq219_hmm_aug009,pos_train_seq219,9,111,104,7,6,0.05405405405405406,0.9459459459459459,1,"30,33,55,56,85,99",76bdf9a53ffbbfa57738235970939a54c74cade7d747d09c6127552eac69d354
pos_train_seq220_hmm_aug009,pos_train_seq220,9,361,2,359,1,0.002770083102493075,0.997229916897507,1,271,da4562d38c34df01b8df479173b51004d7bc76be63dc78935aeb239eff390dc2
pos_train_seq221_hmm_aug009,pos_train_seq221,9,175,37,138,4,0.022857142857142857,0.9771428571428571,1,"1,141,143,165",2331b76d766933471e480fdc6679678a174291758ffa75b8860f491a02b4dddf
pos_train_seq222_hmm_aug009,pos_train_seq222,9,440,212,228,5,0.011363636363636364,0.9886363636363636,1,"42,53,103,154,169",f782422dabeecdc9e9c43ba8de08d2e4054df0b541dba855e894e37cbc557131
pos_train_seq223_hmm_aug009,pos_train_seq223,9,338,303,35,12,0.03550295857988166,0.9644970414201184,1,"83,86,165,174,178,180,198,204,213,275,299,323",612aace94257baaa9173e58d2a483126a4dbb8f8238f3b77045f4d5067ed75d5
pos_train_seq228_hmm_aug009,pos_train_seq228,9,223,38,185,1,0.004484304932735426,0.9955156950672646,1,112,ec87c9a8f755e03d587218e5412c00bc89f52d8108bd51d7200052e047721f63
pos_train_seq229_hmm_aug009,pos_train_seq229,9,320,154,166,4,0.0125,0.9875,1,"39,62,74,138",d889423a9171a772f055e05d960e280f63581bce99a23affde708a762595840c
pos_train_seq231_hmm_aug009,pos_train_seq231,9,375,98,277,7,0.018666666666666668,0.9813333333333333,1,"250,251,266,277,316,318,338",796c8527b4b79c63c1223f0fb99349dd35c2fdd375021c2244fe08ce758c9b39
pos_train_seq233_hmm_aug009,pos_train_seq233,9,281,253,28,11,0.03914590747330961,0.9608540925266904,1,"37,62,65,107,114,130,175,232,242,249,278",fe1e96bfd5baa7dfd2f4837e0259a56afb05cb500454a926d99c305c9cdebf39
pos_train_seq234_hmm_aug009,pos_train_seq234,9,472,175,297,9,0.019067796610169493,0.9809322033898306,1,"309,310,315,332,337,340,370,373,391",8e20d52569cfcd81b57b351de39ee152c8cf23b2022d691987fcf33c9988bb42
pos_train_seq236_hmm_aug009,pos_train_seq236,9,453,219,234,12,0.026490066225165563,0.9735099337748344,1,"78,85,93,102,136,142,163,200,206,213,361,376",182735fcda35ad6eff6ff5363801a01a11160d14e9b4eec6dca255cfc618eb9c
pos_train_seq238_hmm_aug009,pos_train_seq238,9,158,1,157,1,0.006329113924050633,0.9936708860759493,1,148,b05b0bf140593b1c09da0b76f56a1944508e08ad490c88da06d174acd8ea452a
pos_train_seq239_hmm_aug009,pos_train_seq239,9,502,140,362,4,0.00796812749003984,0.9920318725099602,1,"38,143,284,290",9038caaa400c98f4c63d90d7228aeb210dbf5fc95a74ae0cf296367c36aaf209
pos_train_seq240_hmm_aug009,pos_train_seq240,9,341,168,173,8,0.02346041055718475,0.9765395894428153,1,"15,27,63,99,101,111,140,160",12c44f01db0d489b301b0e537e9f1b46365eff62d2cd126ba369e0b9580d3bfa
pos_train_seq243_hmm_aug009,pos_train_seq243,9,382,6,376,1,0.002617801047120419,0.9973821989528796,1,292,0c60261e72724ffab029834294094b3250b03a73de0cd6182e2bd88196291b62
pos_train_seq244_hmm_aug009,pos_train_seq244,9,500,359,141,16,0.032,0.968,1,"27,36,43,55,94,103,165,203,206,214,323,331,351,355,375,434",442e9758f594665c0adbf57b37eea5f97e8db5ceb4f2e5dbd32a74710529cce2
pos_train_seq246_hmm_aug009,pos_train_seq246,9,88,41,47,2,0.022727272727272728,0.9772727272727273,1,"51,62",cf17d716ca0612ca254e217783092dc6593525ea1b536f1fdcc883b6ce8f7e72
pos_train_seq247_hmm_aug009,pos_train_seq247,9,184,171,13,8,0.043478260869565216,0.9565217391304348,1,"15,52,79,137,159,166,176,180",6ff04b914d0308dcf181583eb37e158b9db4baa7094fbc046342a03a711c2c6f
pos_train_seq248_hmm_aug009,pos_train_seq248,9,449,299,150,10,0.022271714922048998,0.977728285077951,1,"13,25,41,103,112,114,158,281,355,361",c33729b927a3a80e93155c9d8385437072f239986a73f8b23effa83ca4fc500e
pos_train_seq249_hmm_aug009,pos_train_seq249,9,184,171,13,5,0.02717391304347826,0.9728260869565217,1,"32,83,107,119,166",2cdc349aba49e34822daf71518956c4d0dbe71370a7a19ca660cb78c7adecd5f
pos_train_seq250_hmm_aug009,pos_train_seq250,9,462,293,169,13,0.02813852813852814,0.9718614718614719,1,"95,100,120,124,142,152,203,222,273,317,330,349,380",0b58be54fefb85de7a9fb4beab93546721f07d6010b9a945824d95e99edcf482
pos_train_seq251_hmm_aug009,pos_train_seq251,9,482,211,271,10,0.02074688796680498,0.979253112033195,1,"14,19,65,79,83,353,354,371,376,398",aea674586e68108d3a2334ea138f10e9cf876f0df9c0e3e9fded403508ce1d07
pos_train_seq254_hmm_aug009,pos_train_seq254,9,411,155,256,5,0.012165450121654502,0.9878345498783455,1,"46,71,75,175,179",f607f812df1631c2b6dac246521efe1c2686302e790c0557eb2000be181e46bf
pos_train_seq257_hmm_aug009,pos_train_seq257,9,294,75,219,3,0.01020408163265306,0.9897959183673469,1,"114,127,140",650636b287b657999727efc0f1fc6d8b935db82567b325d17db947c2ccb2d673
pos_train_seq258_hmm_aug009,pos_train_seq258,9,191,118,73,9,0.04712041884816754,0.9528795811518325,1,"25,41,60,133,149,160,162,170,190",6087cc6f49a09f6818324730054971a5698b7c0f3cf1930bd07d36bf73fa76fd
pos_train_seq259_hmm_aug009,pos_train_seq259,9,409,7,402,1,0.0024449877750611247,0.9975550122249389,1,393,5504ce14cb05339b91a476614939c8c9e3d6ac7d8c366fe4ab34371472d4c5e2
pos_train_seq260_hmm_aug009,pos_train_seq260,9,460,289,171,13,0.02826086956521739,0.9717391304347827,1,"120,160,208,220,238,247,254,264,270,284,299,316,349",465732310475275db6afac6a6f6737f0ddbc1e6515011131717ac83faab60fdc
pos_train_seq261_hmm_aug009,pos_train_seq261,9,244,34,210,1,0.004098360655737705,0.9959016393442623,1,103,cc2a433c9e79d35e862afd4199d3cf33b39a8b64d91adeb3526285578e8c2164
pos_train_seq262_hmm_aug009,pos_train_seq262,9,184,158,26,6,0.03260869565217391,0.967391304347826,1,"82,88,112,127,136,168",58d4d84163185d018675debf25002911d38ebf309a7a1a4f36c4976aceff8f2f
pos_train_seq264_hmm_aug009,pos_train_seq264,9,106,51,55,1,0.009433962264150943,0.9905660377358491,1,58,55ef2f1bf5ea3a31c6fac3921034b8aae437c759c8ae0b93d1b41b937c3e948e
pos_train_seq267_hmm_aug009,pos_train_seq267,9,456,273,183,16,0.03508771929824561,0.9649122807017544,1,"164,169,197,198,206,212,222,242,259,266,282,298,327,331,347,381",4ff654f26e5271db419074a03baa817a1c321c194baaa6a6e0ae4608368dd158
pos_train_seq268_hmm_aug009,pos_train_seq268,9,379,315,64,15,0.0395778364116095,0.9604221635883905,1,"39,70,122,150,209,211,215,229,234,249,251,267,274,301,303",b63e877c5f9f9da31149c759ff920686f5c09d4e5ea8d3b8e5d6aaf21054f80a
pos_train_seq269_hmm_aug009,pos_train_seq269,9,396,375,21,25,0.06313131313131314,0.9368686868686869,1,"37,57,67,69,95,113,120,135,137,156,172,207,218,228,231,243,250,261,273,278,285,294,321,369,393",511084f8a26fba2598e239f7015d2d4157d9ba5b921ea265180ed82d4061cead
pos_train_seq273_hmm_aug009,pos_train_seq273,9,341,182,159,15,0.04398826979472141,0.9560117302052786,1,"40,44,54,62,89,94,136,145,147,152,159,173,183,187,207",fa1753414fec67f60fea5efe6b5baba48f6b0f78149242edfe8e377d6e7215c5
pos_train_seq274_hmm_aug009,pos_train_seq274,9,163,54,109,3,0.018404907975460124,0.9815950920245399,1,"30,50,55",67b1d71193bf7cbba673071c87eb2f81b4e239a31879a48ad30054f6ead9a1c3
pos_train_seq276_hmm_aug009,pos_train_seq276,9,250,132,118,4,0.016,0.984,1,"121,179,199,223",a37fc6f9491f472b29e266cb767a56059cbf5375db27a144ec56d2fd544c2216
pos_train_seq277_hmm_aug009,pos_train_seq277,9,177,102,75,5,0.02824858757062147,0.9717514124293786,1,"36,58,130,139,164",150779ce0db27a4b00e7b39e31a134abbf8de1363d7484e45fd771b7e1e03d66
pos_train_seq278_hmm_aug009,pos_train_seq278,9,392,117,275,6,0.015306122448979591,0.9846938775510204,1,"337,344,356,359,384,391",7e46069200932e6c3241be56fb8b227fcaab83b1e34ec6989559eedc41384f15
pos_train_seq279_hmm_aug009,pos_train_seq279,9,329,156,173,8,0.0243161094224924,0.9756838905775076,1,"37,50,62,103,107,110,112,146",83b9eac496a4e11e8ec1904cfce5d3ebbb946ca604e09e6f7c4120e6026ceeab
pos_train_seq280_hmm_aug009,pos_train_seq280,9,211,87,124,3,0.014218009478672985,0.985781990521327,1,"180,191,203",ed04acebcc4ebacbff963d8f1324530b4d14276778f12ead0dc6a1a52f0e42ce
pos_train_seq281_hmm_aug009,pos_train_seq281,9,404,160,244,9,0.022277227722772276,0.9777227722772277,1,"5,15,39,73,108,119,125,157,166",ba89f08eac5d2ea3acd0ca47d35a138395eaf040a467c16469911a169fa80f88
pos_train_seq282_hmm_aug009,pos_train_seq282,9,310,271,39,10,0.03225806451612903,0.967741935483871,1,"56,84,99,118,164,195,200,223,231,297",ea094a9b187238a2b0b85bca99399cae25a7574667917fd34daa8f722aceb807
pos_train_seq284_hmm_aug009,pos_train_seq284,9,175,37,138,1,0.005714285714285714,0.9942857142857143,1,150,8311eb3f5e7d605fe668522b8900cf4cb20f3e1a4cee7608015a41e6b942792e
pos_train_seq285_hmm_aug009,pos_train_seq285,9,396,141,255,7,0.017676767676767676,0.9823232323232324,1,"21,22,29,48,128,136,150",6d608760827178fe78f30cd04d09b8ca5567a7dad789d0b56674055e84f592be
pos_train_seq286_hmm_aug009,pos_train_seq286,9,471,194,277,10,0.021231422505307854,0.9787685774946921,1,"4,16,28,66,102,126,134,135,140,237",ebc413e82fb54f4aa3dc22e282f9b4c72668e7182d058a75af09bf623455ec16
pos_train_seq288_hmm_aug009,pos_train_seq288,9,204,118,86,4,0.0196078431372549,0.9803921568627451,1,"44,86,106,109",e8e12650cbfc98f840a12444ae935230ece14a2f21b3c920523a67f2c6c0d2e4
pos_train_seq289_hmm_aug009,pos_train_seq289,9,245,97,148,5,0.02040816326530612,0.9795918367346939,1,"47,75,102,107,114",debe28c7ccee1e608eccf475fc972e19c6f42210cbbd4dc18e5210422f3f4bb7
pos_train_seq290_hmm_aug009,pos_train_seq290,9,391,355,36,14,0.03580562659846547,0.9641943734015346,1,"50,65,78,136,164,195,198,203,211,239,257,262,283,326",5812c948fdd65a953bbeddb2d5e749729a0e0fb9d5113d958275c5666d7478f4
pos_train_seq291_hmm_aug009,pos_train_seq291,9,290,169,121,12,0.041379310344827586,0.9586206896551724,1,"38,50,55,68,72,94,106,116,142,194,195,205",f5336380a5abb0af51a0eb97fa7820da9ce4868729348ee4701c11a04f265506
pos_train_seq292_hmm_aug009,pos_train_seq292,9,262,231,31,7,0.026717557251908396,0.9732824427480916,1,"19,49,121,131,167,211,224",ce872b2c49810ad2c479d8ad85b9edec895bbf19783a143224b19745a21b1eca
pos_train_seq293_hmm_aug009,pos_train_seq293,9,163,62,101,4,0.024539877300613498,0.9754601226993865,1,"21,40,41,81",a4582af790940d25cb8dbb025702f7a4e8f2b300c805e9e0b13b81f145aa0a16
pos_train_seq294_hmm_aug009,pos_train_seq294,9,494,84,410,3,0.006072874493927126,0.9939271255060729,1,"315,322,335",89571cbd91518ac2ef48b3b8ec4916afd34e6b19272c1087a6896aba1457acb0
pos_train_seq295_hmm_aug009,pos_train_seq295,9,163,66,97,6,0.03680981595092025,0.9631901840490797,1,"10,12,15,46,49,57",a4f4638e725a65bea4e5288b918ac04c7ffef28f2f1d5e4ec4942a5dd162f2a7
pos_train_seq297_hmm_aug009,pos_train_seq297,9,395,319,76,11,0.027848101265822784,0.9721518987341772,1,"8,27,40,44,71,143,148,185,230,234,267",5cf18623f846539abd6ad3d8ff8f1418c9f32fe8df7a52218eabcb43baac5c94
pos_train_seq298_hmm_aug009,pos_train_seq298,9,450,370,80,23,0.051111111111111114,0.9488888888888889,1,"45,52,69,90,97,98,106,144,152,154,182,198,217,232,252,318,322,335,344,365,366,375,405",4a510f8cd8fdf54089d362956f6336e3f8640be172fb1af19aa421868a1a08bd
pos_train_seq300_hmm_aug009,pos_train_seq300,9,505,173,332,5,0.009900990099009901,0.9900990099009901,1,"44,77,219,240,246",3127d389110383415e8fd99d7115ce3f0bf07a9ffd912aa07a002bd0f5749530
pos_train_seq301_hmm_aug009,pos_train_seq301,9,332,158,174,8,0.024096385542168676,0.9759036144578314,1,"79,86,100,102,115,118,135,147",49e95f6c4d496a04bdd91a58002073fd8b2ee0d06d6abe8a173a662708875e7e
pos_train_seq303_hmm_aug009,pos_train_seq303,9,412,331,81,18,0.043689320388349516,0.9563106796116505,1,"59,60,69,71,94,159,226,282,320,322,323,325,338,364,367,369,388,394",d84e7dc9d4ab4e0373ac3ab11b7318f5c267d48fe11b87cbefb3b7c0c4de0fea
pos_train_seq304_hmm_aug009,pos_train_seq304,9,352,321,31,20,0.056818181818181816,0.9431818181818182,1,"18,31,35,44,55,79,116,128,132,174,217,221,250,251,256,263,283,331,340,347",11cbba302bc744e94bc53f988c2c491d0a422e54c3380655515c924f04aa4f31
pos_train_seq305_hmm_aug009,pos_train_seq305,9,330,260,70,11,0.03333333333333333,0.9666666666666667,1,"29,77,136,145,146,147,179,201,245,246,254",9866870677c94005d6d9a9257e356f407355c4342d52f500bafbe751948f7f98
pos_train_seq307_hmm_aug009,pos_train_seq307,9,174,153,21,9,0.05172413793103448,0.9482758620689655,1,"52,53,77,98,111,141,163,166,171",49d1544d2658c3bb39f825927bb024ec3d3b51ec694f35c3907704113e874781
pos_train_seq310_hmm_aug009,pos_train_seq310,9,206,93,113,5,0.024271844660194174,0.9757281553398058,1,"54,61,70,169,204",72a95ada021d152c97c92d3cc5a4c0beb487b1494828e22f656649b2d8c7a3d5
pos_train_seq312_hmm_aug009,pos_train_seq312,9,422,420,2,25,0.05924170616113744,0.9407582938388626,1,"6,14,23,74,113,123,131,164,185,186,197,201,203,214,240,278,286,294,309,332,365,392,394,407,414",93842150cbeeb18302094004104dbddf322e1a189471868f3d1001eb00cccb93
pos_train_seq313_hmm_aug009,pos_train_seq313,9,191,122,69,8,0.041884816753926704,0.9581151832460733,1,"36,44,45,158,161,162,171,176",4d85fdb78ff810647e8b9262c9323e2cc33ca9224ee210bde2e68973b782b80b
pos_train_seq316_hmm_aug009,pos_train_seq316,9,503,399,104,21,0.041749502982107355,0.9582504970178927,1,"25,70,98,108,118,134,139,154,156,196,239,256,259,378,385,398,420,442,475,493,498",d49244482017c0e1f31f107f839299cf0ac316b829675aabdd1d89520cbb7512
pos_train_seq318_hmm_aug009,pos_train_seq318,9,175,1,174,1,0.005714285714285714,0.9942857142857143,1,175,b8d30514d19ca2039c62e98a5c90cb9e5e9884d30da2d4967b6a9fb791521836
pos_train_seq319_hmm_aug009,pos_train_seq319,9,175,37,138,1,0.005714285714285714,0.9942857142857143,1,162,146c6672ca725bb0ae4a92c6b03a8c97515bc85684eb19b8a2fce0631973b098
pos_train_seq321_hmm_aug009,pos_train_seq321,9,317,30,287,1,0.0031545741324921135,0.9968454258675079,1,80,8ca820e93698ef3ca96c38fa9c785ae6c8720f9ec5930c5714a58ca92b8438fb
pos_train_seq322_hmm_aug009,pos_train_seq322,9,326,197,129,13,0.03987730061349693,0.9601226993865031,1,"14,20,51,60,127,130,168,177,187,198,213,226,232",fd11438fa04fa55ceeff1f01261ce169678323f0110a69d92d56bfdcde97d284
pos_train_seq324_hmm_aug009,pos_train_seq324,9,244,187,57,7,0.028688524590163935,0.9713114754098361,1,"38,50,52,58,70,98,108",a86df2bae7a9a621b827f29c0cde188df669ad5b69b7c70eb6c97dbd8bd39b14
pos_train_seq326_hmm_aug009,pos_train_seq326,9,338,163,175,6,0.01775147928994083,0.9822485207100592,1,"187,217,240,277,285,293",f9b490f40122c55b18837abb2a72890a9290eef98a7a39cbaa1ae0256c5e1bcd
pos_train_seq327_hmm_aug009,pos_train_seq327,9,93,33,60,1,0.010752688172043012,0.989247311827957,1,51,802f0d398e3a51496aa3d6324c90cd3f76b4d99cc947f59c902bca91923f1f19
pos_train_seq328_hmm_aug009,pos_train_seq328,9,257,184,73,10,0.038910505836575876,0.9610894941634242,1,"11,49,57,65,114,124,128,143,167,183",4b9e7a5e4bfc04972c1a9762725fae56b2c42ee0194ba1acd118af52974532fb
pos_train_seq330_hmm_aug009,pos_train_seq330,9,351,351,0,19,0.05413105413105413,0.9458689458689459,1,"1,50,64,71,77,78,161,174,187,201,228,242,261,265,280,313,316,323,328",b5c273b5e56d6c56c28647db5affc8f9ccb39325a30b0069b491833aaf822c99
pos_train_seq331_hmm_aug009,pos_train_seq331,9,150,1,149,1,0.006666666666666667,0.9933333333333333,1,1,2816b4dfe38145dc73e92871eaeaed2afdc14f1dae9d0a638ef2d286b4168609
pos_train_seq332_hmm_aug009,pos_train_seq332,9,366,216,150,15,0.040983606557377046,0.9590163934426229,1,"53,60,80,89,91,98,102,113,120,138,182,202,229,234,247",03f8b50cc4a7a277e0b1abfb34d5999578260f8ac6f0b742ba46dece97f0fd59
pos_train_seq333_hmm_aug009,pos_train_seq333,9,293,257,36,15,0.051194539249146756,0.9488054607508533,1,"37,55,71,72,87,146,181,184,187,201,236,239,249,268,279",9fa37431fdca468b3fb1780dea4b020a1920223ab7e65b5e1c665492c3e4da5c
pos_train_seq334_hmm_aug009,pos_train_seq334,9,184,171,13,8,0.043478260869565216,0.9565217391304348,1,"23,34,59,62,69,71,103,147",2ab68fb1548bb4ea67946c6a3ba450cf50be7ad2a5be5bcee722781642ef2bef
pos_train_seq336_hmm_aug009,pos_train_seq336,9,118,28,90,1,0.00847457627118644,0.9915254237288136,1,28,a15c558c27549cb1c0da5eb74833f6df5f718c6da5e2edd93c74ec6158b56b28
pos_train_seq338_hmm_aug009,pos_train_seq338,9,505,301,204,18,0.03564356435643564,0.9643564356435643,1,"210,223,258,261,263,288,295,309,353,365,370,386,395,403,424,451,464,505",1ffa71f1a1b6f7478ef8d87341db30e6b8d06d4fca815b71428a66aaa8b0afd4
pos_train_seq340_hmm_aug009,pos_train_seq340,9,299,146,153,9,0.030100334448160536,0.9698996655518395,1,"23,27,63,70,82,99,106,110,271",e3c52bfb5a6c72ab39b37a585c6dd09d5d4fc3347729f32406a8c502b7040f0d
pos_train_seq342_hmm_aug009,pos_train_seq342,9,445,88,357,5,0.011235955056179775,0.9887640449438202,1,"42,47,53,95,108",ac91599507ec882627018e98ab8c7bebcf64dd50143d0123e9df80885fecb2e2
pos_train_seq343_hmm_aug009,pos_train_seq343,9,460,442,18,31,0.06739130434782609,0.932608695652174,1,"15,49,61,64,98,103,110,111,130,154,156,178,221,227,261,263,264,267,299,303,312,318,325,374,377,400,412,413,421,438,446",63e3a564a532b9fe247d2b223933ccc0405361448b98130c2cfd469f0b7dfcdd
pos_train_seq347_hmm_aug009,pos_train_seq347,9,294,112,182,5,0.017006802721088437,0.9829931972789115,1,"23,116,134,139,159",f233f8e54e18b8ad41e0efef68ac538454f3e1418bf1d9189401fe150a9b6056
pos_train_seq350_hmm_aug009,pos_train_seq350,9,327,157,170,9,0.027522935779816515,0.9724770642201834,1,"71,93,97,107,112,114,139,160,223",e2be51d9a2233283edf0bf0264ebcc17e8c19a5cc2edecb5a84f017b99cf9898
pos_train_seq351_hmm_aug009,pos_train_seq351,9,484,484,0,27,0.05578512396694215,0.9442148760330579,1,"2,11,38,44,85,92,98,108,112,114,120,150,154,161,204,214,218,219,239,277,351,375,390,399,426,460,480",ae943b2cc1a7e9ac37696e279993cb882d9d48749a87b39ae58e24488e1e2a3a
pos_train_seq352_hmm_aug009,pos_train_seq352,9,442,214,228,8,0.01809954751131222,0.9819004524886877,1,"15,27,55,62,128,130,141,424",c978f06f7edc511f9a422d82ae98c44b4b956282b49347708620eb08a6545ec5
pos_train_seq353_hmm_aug009,pos_train_seq353,9,501,306,195,14,0.027944111776447105,0.9720558882235529,1,"59,90,121,127,159,166,174,205,215,256,284,307,327,355",21b1bf0eb6c47edfcf03c811c57e1a6e1d81e68e1aacadc092e58c265ff8ab35
pos_train_seq355_hmm_aug009,pos_train_seq355,9,207,178,29,7,0.033816425120772944,0.966183574879227,1,"47,115,133,157,161,172,174",ce65f81c28b4ae1257ee1f704c4033d34b3780820669ed1c094800924922ee99
pos_train_seq356_hmm_aug009,pos_train_seq356,9,490,59,431,3,0.006122448979591836,0.9938775510204082,1,"386,387,402",883517a6801f4418951d7c6fa30c6257104e4eab3d9bdf875d4299e783469deb
pos_train_seq359_hmm_aug009,pos_train_seq359,9,117,104,13,5,0.042735042735042736,0.9572649572649573,1,"16,57,77,82,116",470d522cd36477e81bb331bb31e4bdb65027103af3c41552a3b7ca1acc80e5de
pos_train_seq360_hmm_aug009,pos_train_seq360,9,377,206,171,9,0.023872679045092837,0.9761273209549072,1,"15,66,88,112,131,141,144,167,209",363a6d0c1b3206c623b1c63227d53c409c55bff3e7c25ed107324d2d8db3f9e4
pos_train_seq361_hmm_aug009,pos_train_seq361,9,418,128,290,9,0.0215311004784689,0.9784688995215312,1,"30,61,64,71,87,96,111,152,159",680675aaecce72730415fb3c706be46c829cf8be0a7c62f0457ec804d0c18f73
pos_train_seq362_hmm_aug009,pos_train_seq362,9,208,108,100,4,0.019230769230769232,0.9807692307692307,1,"86,114,117,130",b052e421eed3b2315942b7a36f9092b3ad894f5437a5d5a5e065fd55697ba6de
pos_train_seq363_hmm_aug009,pos_train_seq363,9,463,278,185,15,0.032397408207343416,0.9676025917926566,1,"166,172,199,207,211,308,309,319,331,340,343,344,368,419,429",6a7181cba85fabd64fe643cd76e2139b705d277e81fcbba88ae7a1deafae7ba1
pos_train_seq367_hmm_aug009,pos_train_seq367,9,352,140,212,7,0.019886363636363636,0.9801136363636364,1,"16,21,59,237,264,278,283",a1e1dfb48624409547af0f15a06e4c5da5a38df2d7c59f82a9ed47ec20e939f0
pos_train_seq369_hmm_aug009,pos_train_seq369,9,486,28,458,1,0.00205761316872428,0.9979423868312757,1,131,2306e1a3d6093d1d8067790b524056c49d0113ee04f0df7cd26578f3ae2c80e8
pos_train_seq370_hmm_aug009,pos_train_seq370,9,506,377,129,13,0.025691699604743084,0.974308300395257,1,"55,56,99,110,133,162,174,217,273,307,317,362,363",b392ff15535b66a244b8f12a992e6ebf15c30291255101dcd41816972eacf18f
pos_train_seq371_hmm_aug009,pos_train_seq371,9,466,210,256,13,0.027896995708154508,0.9721030042918455,1,"9,13,46,49,76,78,92,117,346,355,374,376,396",d5f8953adab48589389ea3b008285bbb3113260937e059d05db9171eb8a88f9c
pos_train_seq372_hmm_aug009,pos_train_seq372,9,459,457,2,25,0.054466230936819175,0.9455337690631809,1,"13,29,38,59,77,99,103,108,159,174,182,197,200,251,269,337,343,369,383,402,409,412,413,415,433",79680b024ed4890a2bcafae68ce91333e5ccad6fe315f95a602082da58212636
pos_train_seq373_hmm_aug009,pos_train_seq373,9,471,376,95,18,0.03821656050955414,0.9617834394904459,1,"29,47,136,162,173,176,181,208,221,285,292,293,298,304,307,363,376,435",f00367a4f8fddd9978d9f3cd01faf2c2ba628618beb6f95c4baa93a4300c5ecf
pos_train_seq374_hmm_aug009,pos_train_seq374,9,129,21,108,1,0.007751937984496124,0.9922480620155039,1,64,867b82633e607fa5a62f1b7ff571f4611373c500f7836d4b4b076f7da55e3f93
pos_train_seq376_hmm_aug009,pos_train_seq376,9,439,221,218,11,0.025056947608200455,0.9749430523917996,1,"106,107,115,174,200,221,231,251,263,402,410",dbf1a6dea9e86b54aa48af03e78b0fedbe1332140e167436a2a0b2b27da2a210
pos_train_seq377_hmm_aug009,pos_train_seq377,9,174,159,15,7,0.040229885057471264,0.9597701149425287,1,"9,32,41,65,124,133,168",7001d274e6156eeb26f5e977967424205bc0aa1826e678d5515b7cad8c18338d
pos_train_seq379_hmm_aug009,pos_train_seq379,9,409,171,238,10,0.02444987775061125,0.9755501222493888,1,"23,34,42,65,187,191,200,307,371,397",d60ae518b35e5f6115cdaf3ded9a0287ac28da18283adcd1ac36e0f373c8ea02
pos_train_seq380_hmm_aug009,pos_train_seq380,9,210,208,2,11,0.05238095238095238,0.9476190476190476,1,"35,98,110,112,114,119,120,129,138,139,158",521b973f2a03fd91072ae0f1dbfad13fce4c40070a3a41bcac89ee9f8428d57e
pos_train_seq381_hmm_aug009,pos_train_seq381,9,311,156,155,7,0.022508038585209004,0.977491961414791,1,"60,61,95,103,159,169,174",9492a78a160be65fc49aab74b2e2666526b9ababecc2f9b55b3ff8c8ea96255d
pos_train_seq383_hmm_aug009,pos_train_seq383,9,434,295,139,14,0.03225806451612903,0.967741935483871,1,"55,118,233,246,260,281,296,321,360,381,383,391,406,408",4ba31eaa98419df28cd4e06133e5f1099912ac8a8b2e21068dc73cb71e13bcaf
pos_train_seq384_hmm_aug009,pos_train_seq384,9,388,372,16,24,0.061855670103092786,0.9381443298969072,1,"36,64,91,94,125,128,139,140,147,182,190,209,211,213,231,245,246,276,293,294,298,332,339,363",481d5872ce4667a0d600930e6d7be79a8e0c84e8e0f3b94530a8d974bf1954d2
pos_train_seq385_hmm_aug009,pos_train_seq385,9,495,305,190,22,0.044444444444444446,0.9555555555555556,1,"23,30,77,78,131,134,141,172,196,198,223,237,244,282,291,297,299,302,314,315,352,360",25dfe486fa9d722e8f829a71803f046b8e49406fd68bb6324ba1cd2b930c71a6
pos_train_seq386_hmm_aug009,pos_train_seq386,9,240,51,189,4,0.016666666666666666,0.9833333333333333,1,"73,75,85,194",8146936ec04fed18b72a31d6932b7b7c907ad6df31fb2cce7d4d0ca5bfff8194
pos_train_seq389_hmm_aug009,pos_train_seq389,9,253,79,174,1,0.003952569169960474,0.9960474308300395,1,222,07ebae0d4613b5e3ac144b353a4281709dcda44a550c2c8ebdb6918b997f0839
pos_train_seq391_hmm_aug009,pos_train_seq391,9,296,124,172,9,0.030405405405405407,0.9695945945945946,1,"26,43,47,51,62,84,86,267,290",dbe6f5cbc20e6c97b3a53e70c418736e919f8e5f3992df7cf420b412dd7316ca
pos_train_seq393_hmm_aug009,pos_train_seq393,9,374,340,34,19,0.05080213903743316,0.9491978609625669,1,"40,85,123,130,136,147,148,177,186,192,212,222,234,283,285,316,340,349,351",7d85e342510c8a597e91b5562fd0a339b349df3fbd37fce8670b15ce0472d059
pos_train_seq394_hmm_aug009,pos_train_seq394,9,25,14,11,1,0.04,0.96,1,5,89f74a1f90502d7dba3f4c06c713c44778316e7bf7824085fbb55b14c7308603
pos_train_seq395_hmm_aug009,pos_train_seq395,9,191,118,73,5,0.02617801047120419,0.9738219895287958,1,"43,62,67,133,154",c695397bb9d9722abf38f4677149a0a83d691aa1c54dd5c149bf940ef38158ec
pos_train_seq396_hmm_aug009,pos_train_seq396,9,264,235,29,9,0.03409090909090909,0.9659090909090909,1,"51,57,61,116,133,134,144,145,230",51f79e3cf008c2756b2c64e5c79b9fbeb226dd9e9bcfe038744c8d74de1846c3
pos_train_seq397_hmm_aug009,pos_train_seq397,9,305,92,213,5,0.01639344262295082,0.9836065573770492,1,"135,137,138,245,268",5a27d576b7ccbd3054ecdab03b81a2977e292a34271036050d168c813a6620ec
pos_train_seq399_hmm_aug009,pos_train_seq399,9,183,140,43,5,0.0273224043715847,0.9726775956284153,1,"70,89,91,137,160",96adc5db11c0ba8cd531fba2ab9e4aa8306c4ebb569718b87aca4ffb7f2220ee
pos_train_seq400_hmm_aug009,pos_train_seq400,9,381,243,138,8,0.02099737532808399,0.979002624671916,1,"2,14,22,38,43,128,146,179",248d57a90828249a3e42829ef23f41373fc12da07d9494fc041c97158c1a341a
pos_train_seq402_hmm_aug009,pos_train_seq402,9,314,156,158,5,0.01592356687898089,0.9840764331210191,1,"52,66,68,124,176",c246cb70771a78bceb1f8359fcc5d282d026cb128a801426941a7cf5cc58e511
pos_train_seq404_hmm_aug009,pos_train_seq404,9,332,8,324,1,0.0030120481927710845,0.9969879518072289,1,300,797ffd2c84631ea21740220002b8fc08b52ad4724d885faf822a93be0851797b
pos_train_seq405_hmm_aug009,pos_train_seq405,9,100,56,44,1,0.01,0.99,1,72,00034a8ec61f1dbb94f4c34a4adfd41c86040c30ef7a47bbb73e58d2f1887b2a
pos_train_seq406_hmm_aug009,pos_train_seq406,9,371,231,140,13,0.03504043126684636,0.9649595687331536,1,"22,25,33,74,78,81,141,144,155,164,199,214,249",aa6f9b8863ce2213e8e64c9eb329e9f2f41317352e324bf7b3ec0de884b5bcca
pos_train_seq407_hmm_aug009,pos_train_seq407,9,377,174,203,8,0.021220159151193633,0.9787798408488063,1,"30,41,178,188,195,296,303,354",92438e0b341d0cf12bc0a8aa6ced85d027543fb890e13bee4d42bb4de298551e
pos_train_seq408_hmm_aug009,pos_train_seq408,9,381,326,55,17,0.04461942257217848,0.9553805774278216,1,"19,57,105,116,151,174,193,205,211,264,271,278,280,289,298,343,349",e76cb7e50c42738cd7acb65f5b5fcb666a58bfe34dadc05592c07c5d1153f191
pos_train_seq410_hmm_aug009,pos_train_seq410,9,300,1,299,1,0.0033333333333333335,0.9966666666666667,1,300,e72ee16d493d225ae186c238a579e528e6a895073223f6eef20903422251e629
pos_train_seq412_hmm_aug009,pos_train_seq412,9,346,180,166,8,0.023121387283236993,0.976878612716763,1,"7,42,63,92,102,215,256,262",9196bbd7b41a1a94a66d99d58a773c920fee0d08f7a9cccb83d2b35ec8d23eda
pos_train_seq413_hmm_aug009,pos_train_seq413,9,152,115,37,7,0.046052631578947366,0.9539473684210527,1,"35,42,51,88,113,119,121",7bfce2e9b4512d1cd924e292713d69bf7628dd3ffd4958a8b116a3aae3157a87
pos_train_seq414_hmm_aug009,pos_train_seq414,9,417,407,10,21,0.050359712230215826,0.9496402877697842,1,"5,43,64,78,149,150,152,153,166,194,215,226,230,242,249,286,296,304,310,377,401",1ec106834a48a619e0733eed958dcefcc2c0569c725c4fb6497b29e1a6838f7e
pos_train_seq415_hmm_aug009,pos_train_seq415,9,414,249,165,10,0.024154589371980676,0.9758454106280193,1,"29,46,99,108,131,136,168,180,228,260",2850215e48fc63440916a4efeda2ed407c1b0c798834edf03589b3f161f5c8f0
pos_train_seq416_hmm_aug009,pos_train_seq416,9,268,166,102,6,0.022388059701492536,0.9776119402985075,1,"28,33,80,202,243,247",28c3a718075fcfe8ce57180522aaef8bbfd96c69ea5053ef3ac28edaebd3286c
pos_train_seq417_hmm_aug009,pos_train_seq417,9,422,420,2,28,0.06635071090047394,0.933649289099526,1,"51,66,77,81,90,93,199,201,229,242,252,264,270,279,287,317,319,322,345,359,361,372,376,377,378,381,387,394",84158a75082fae9bd460bfd3418db707304fbef5008cbd9eceb1b8e4b3cda45a
pos_train_seq418_hmm_aug009,pos_train_seq418,9,367,236,131,14,0.03814713896457766,0.9618528610354223,1,"19,31,44,61,107,108,118,132,145,167,169,174,210,222",4a39fe1734f282609d7a6778b897ba3996cf370beb10ec1170fe19af78e2c5a0
pos_train_seq419_hmm_aug009,pos_train_seq419,9,418,45,373,1,0.0023923444976076554,0.9976076555023924,1,31,2880eb631ff484aa2ced5ecc9ede4a283e631b9e90326501b451e13b470f2ed0
pos_train_seq421_hmm_aug009,pos_train_seq421,9,25,3,22,1,0.04,0.96,1,25,ec9d118b19feee0c634457ca404bd5c3f887508d4d31cfba54b14ff219247c87
pos_train_seq422_hmm_aug009,pos_train_seq422,9,187,75,112,1,0.0053475935828877,0.9946524064171123,1,65,c9d3a787b69b7fb69157874eb70a14b5a6cbafd89e7c361e6008ab47a32e255c
pos_train_seq425_hmm_aug009,pos_train_seq425,9,178,100,78,4,0.02247191011235955,0.9775280898876404,1,"14,49,62,75",b09ef9223691c0b37e4f99b5b4e33ed45baf75f1422fd91702dee142fa98ff1f
pos_train_seq426_hmm_aug009,pos_train_seq426,9,157,72,85,6,0.03821656050955414,0.9617834394904459,1,"8,15,29,35,55,69",f274ec387f09fc08ab6555cb689b80465ecfd0ddc168b423c3269bd4178654fc
pos_train_seq427_hmm_aug009,pos_train_seq427,9,495,476,19,31,0.06262626262626263,0.9373737373737374,1,"18,59,68,73,87,106,133,144,148,157,177,204,212,218,219,227,252,262,289,313,338,341,342,366,379,381,414,415,444,451,456",52db15ce324fce1085847024d82235858127dc5a400bd285b1d56cf16cf092a7
pos_train_seq428_hmm_aug009,pos_train_seq428,9,213,99,114,3,0.014084507042253521,0.9859154929577465,1,"43,88,92",a7f810df0ad453b59e330e53819665406d9d1ce533666aa87b25cadad3a90cf0
pos_train_seq429_hmm_aug009,pos_train_seq429,9,355,163,192,4,0.011267605633802818,0.9887323943661972,1,"127,131,234,263",48073b22a5c3bc3a245508cf5f61978cba1f1c340d8a8025f3601f0b06d53f2b
pos_train_seq430_hmm_aug009,pos_train_seq430,9,441,6,435,1,0.0022675736961451248,0.9977324263038548,1,318,de71f2f4648fd18cd9640dd2031ba7e9748297df2ca8b8bc425fe94ecf81f2b4
pos_train_seq431_hmm_aug009,pos_train_seq431,9,372,156,216,14,0.03763440860215054,0.9623655913978495,1,"11,18,39,102,103,109,115,124,127,143,152,157,176,179",265382fea893271f7d76072dd2156e2e6dc1896784153811829439ebc0be56d1
pos_train_seq432_hmm_aug009,pos_train_seq432,9,383,261,122,14,0.03655352480417755,0.9634464751958225,1,"43,44,137,154,171,217,218,222,265,307,311,324,326,343",eb3de8351fe3c0b21f468eff332612552c8283c378f4b8690cbb2c7a6bcf8d94
pos_train_seq433_hmm_aug009,pos_train_seq433,9,352,232,120,13,0.036931818181818184,0.9630681818181818,1,"123,130,138,218,222,225,246,261,273,304,305,331,337",17573c8d30ac69e5f2a4a4d56c25a40cfeeb025516fa293c75d412f699ff369c
pos_train_seq435_hmm_aug009,pos_train_seq435,9,205,91,114,8,0.03902439024390244,0.9609756097560975,1,"34,39,42,43,52,53,86,121",680aa9cd3902b32afaa80e5a325e0d962a7aab4742321160f097f2dfaf4cb821
pos_train_seq436_hmm_aug009,pos_train_seq436,9,507,137,370,2,0.0039447731755424065,0.9960552268244576,1,"330,501",d1611a1c0d186f312c9e165aadfebc75ee3a54394b7b33303f45368f5841e04b
pos_train_seq437_hmm_aug009,pos_train_seq437,9,411,79,332,3,0.0072992700729927005,0.9927007299270073,1,"367,390,402",7172a8cdb96a6e44d13f485ec19f8c5a10b537c566c4097a2805decca46446be
pos_train_seq438_hmm_aug009,pos_train_seq438,9,495,87,408,3,0.006060606060606061,0.9939393939393939,1,"34,82,89",3fc1c425e511f442356e75be4dd81c59320c9b86202a9a6ed38cdb4aca105c7e
pos_train_seq439_hmm_aug009,pos_train_seq439,9,175,36,139,2,0.011428571428571429,0.9885714285714285,1,"153,161",56b511b91b115ec5e222b1629286036469dd845fe516918fbbf0c4e78dc985c3
pos_train_seq442_hmm_aug009,pos_train_seq442,9,390,199,191,9,0.023076923076923078,0.9769230769230769,1,"103,119,120,130,147,180,186,218,263",385a943eef35252e1a7076654e1919f9afd1e02f52b1d867865c7ecad7421e93
pos_train_seq443_hmm_aug009,pos_train_seq443,9,217,215,2,14,0.06451612903225806,0.935483870967742,1,"22,29,49,61,81,94,114,141,157,165,180,196,200,202",46ce8c09d04a086e02994e055f5236a3f055b80c4e87c0c3a14a8373bb4d54a7
pos_train_seq444_hmm_aug009,pos_train_seq444,9,23,6,17,1,0.043478260869565216,0.9565217391304348,1,2,5b2aa341506b65e668c613dd566986394a13e656ec034181e96002b2c19ed5fe
pos_train_seq445_hmm_aug009,pos_train_seq445,9,397,313,84,10,0.02518891687657431,0.9748110831234257,1,"9,38,104,117,186,220,250,277,297,319",5a1d3c7271948b52705c5d6020d56ae004f374d1b3b5adb81ce9a7ea2450e881
pos_train_seq446_hmm_aug009,pos_train_seq446,9,270,86,184,4,0.014814814814814815,0.9851851851851852,1,"31,39,117,132",73bbab2807da7c235e34fc3b39102a443ee8e534acbfcf782aa2ef41e16e66a1
pos_train_seq450_hmm_aug009,pos_train_seq450,9,182,120,62,6,0.03296703296703297,0.967032967032967,1,"47,49,53,128,135,148",518014e58ecec48f4ad8c0649e91ff61b30f90c07a4bd4a4c3bb589e0fe3ec3a
pos_train_seq452_hmm_aug009,pos_train_seq452,9,317,189,128,11,0.03470031545741325,0.9652996845425867,1,"46,50,87,91,115,129,136,144,161,178,230",a9be36ab994544873580f1ec2c13de0541e36c2eaa121e6eb6b23032b69f529b
pos_train_seq455_hmm_aug009,pos_train_seq455,9,171,106,65,8,0.04678362573099415,0.9532163742690059,1,"52,66,69,79,86,95,126,130",7818a74e1a14c26269d73909112645907679b19a29c531beaddfc845528c7335
pos_train_seq458_hmm_aug009,pos_train_seq458,9,432,320,112,20,0.046296296296296294,0.9537037037037037,1,"19,32,44,55,62,209,213,214,224,251,259,270,278,297,308,312,400,419,423,432",93b58c510bcb352ec87836101b5fd5d56438a2f9970e178c96ffbb9b6929c54d
pos_train_seq459_hmm_aug009,pos_train_seq459,9,196,40,156,2,0.01020408163265306,0.9897959183673469,1,"17,167",8b1eb4d591b459068881e3588740f0fe3877029893a375f22dfc6d2d3811433e
pos_train_seq461_hmm_aug009,pos_train_seq461,9,476,284,192,13,0.0273109243697479,0.9726890756302521,1,"10,13,22,58,66,79,112,192,211,234,255,263,462",3659b95e4e73a3e5e911e2747b32b2d532ad3a7a3a2cf4e174a605da6c5447f7
pos_train_seq462_hmm_aug009,pos_train_seq462,9,305,171,134,9,0.029508196721311476,0.9704918032786886,1,"26,35,49,56,81,92,105,118,150",7f1dbf655831548276f2af136f33984fd04f1ebfec8470ed66eef0fe1592a177
pos_train_seq463_hmm_aug009,pos_train_seq463,9,406,152,254,5,0.012315270935960592,0.9876847290640394,1,"14,33,146,153,154",9f1ec53a7b5e560bece2b2c0fdb8c60caf5b220b9581cd7f0165efb1302c6d4d
pos_train_seq466_hmm_aug009,pos_train_seq466,9,425,312,113,13,0.03058823529411765,0.9694117647058823,1,"32,49,55,65,73,92,129,234,239,288,300,352,391",a14ced7bc6e8620684dd89f54526431d8c6e08abc254548efe4d749a91f4cb23
pos_train_seq467_hmm_aug009,pos_train_seq467,9,386,380,6,19,0.04922279792746114,0.9507772020725389,1,"30,42,63,65,109,116,129,148,166,223,234,239,271,303,307,310,339,344,365",c40cec0261f434e434845c7e1aabe59e4711efc18806a51cc753dd5903d99f00
pos_train_seq468_hmm_aug009,pos_train_seq468,9,434,262,172,4,0.009216589861751152,0.9907834101382489,1,"74,120,281,301",0f40752dc0832caedd6b58fbe14869ed19dcc6460724e25a2c97f966a926639b
pos_train_seq469_hmm_aug009,pos_train_seq469,9,231,184,47,14,0.06060606060606061,0.9393939393939394,1,"8,14,16,17,28,31,36,47,49,58,62,83,163,229",df861b7713577b2ea032b5bf2539f8ed832f69ae7ec6fd172def461c2ac9b6fe
pos_train_seq471_hmm_aug009,pos_train_seq471,9,437,431,6,22,0.05034324942791762,0.9496567505720824,1,"2,13,82,83,109,114,115,131,150,161,198,228,237,247,255,297,300,304,307,312,333,362",b5bc620fb828994fa3ca9f6c105423f8b34173eee6757b249b9a31dfc7cd5a1f
pos_train_seq472_hmm_aug009,pos_train_seq472,9,431,263,168,14,0.03248259860788863,0.9675174013921114,1,"22,29,33,52,76,90,93,108,130,202,218,223,234,250",e2298dfe70670db87c03db5dd1c913f10e6d5250e87d06cae1fb422fc4e03b65
pos_train_seq475_hmm_aug009,pos_train_seq475,9,360,145,215,9,0.025,0.975,1,"176,184,232,237,238,248,252,269,282",4f4ce8f932e920633e28eab83a999f44ec8fca637d3b41c4dae2ff0e6a2c6a9d
pos_train_seq476_hmm_aug009,pos_train_seq476,9,407,254,153,15,0.036855036855036855,0.9631449631449631,1,"155,209,242,259,260,270,280,282,285,287,299,321,358,385,395",9821472f5ded14f73bb48f6adafd2713de99f627a3cd88872082e9cb5b0f8a99
pos_train_seq478_hmm_aug009,pos_train_seq478,9,299,119,180,9,0.030100334448160536,0.9698996655518395,1,"57,64,182,185,195,199,202,215,254",47da205324d05c6d59be5b2fbb5624216fb65b4bf8aff2b514b34744066b3a93
pos_train_seq479_hmm_aug009,pos_train_seq479,9,370,309,61,15,0.04054054054054054,0.9594594594594594,1,"7,78,96,111,118,119,126,133,171,214,252,259,264,268,364",88eeafe160963e4640b61616d1be354b8ef9a00d7dc30a3c3aa8e62fca063002
pos_train_seq480_hmm_aug009,pos_train_seq480,9,409,308,101,21,0.05134474327628362,0.9486552567237164,1,"12,13,25,48,51,62,121,129,136,138,180,225,229,244,247,280,285,302,345,352,353",b55282a9c614ad09bd756d3e7778b75930cbd515942f5e50f80ab8c548fcf3f4
pos_train_seq481_hmm_aug009,pos_train_seq481,9,209,114,95,3,0.014354066985645933,0.9856459330143541,1,"94,97,150",1184c0e4d0fdce0a0ccf4a2e9443fb92c0c8ddb9fc5b471bd9844ab59299ac0e
pos_train_seq484_hmm_aug009,pos_train_seq484,9,359,14,345,1,0.002785515320334262,0.9972144846796658,1,224,1508023247b07568a9e69b6c7a8506020cbdb0529b3380b8f4c9d3737999b276
pos_train_seq485_hmm_aug009,pos_train_seq485,9,491,86,405,4,0.008146639511201629,0.9918533604887984,1,"177,209,210,214",0b2217737ad2748896c61b2bcc325a50af30efe5185e9e99d73344a7c696e922
pos_train_seq486_hmm_aug009,pos_train_seq486,9,184,171,13,13,0.07065217391304347,0.9293478260869565,1,"41,44,69,73,76,77,95,96,97,107,125,141,183",f35afedd1a119c2d03375e2b01ceec0a88c9dad670be79d167bb4a7dc1cf0a97
pos_train_seq487_hmm_aug009,pos_train_seq487,9,454,298,156,11,0.024229074889867842,0.9757709251101322,1,"2,31,47,237,246,309,316,394,416,418,435",8e5686e98e5351408227802af3019eeb25e8d1979ab8249fde4c6ef248d36e7e
pos_train_seq488_hmm_aug009,pos_train_seq488,9,419,356,63,9,0.021479713603818614,0.9785202863961814,1,"77,138,145,166,218,250,288,342,369",afbc034b28f4c0d29afc7a7285133efe6edba823d88a5c4233871c184ba93e5b
pos_train_seq489_hmm_aug009,pos_train_seq489,9,501,173,328,17,0.033932135728542916,0.9660678642714571,1,"18,21,26,34,41,66,71,77,91,104,107,130,131,136,224,235,239",43db69ea33de8c0a45d79722f50c67633412c73524431424b0e26d10e8eb1c55
pos_train_seq490_hmm_aug009,pos_train_seq490,9,136,78,58,4,0.029411764705882353,0.9705882352941176,1,"70,89,90,94",804871280197cec562ac534c1dc5adc2ec04eadab558e9bbeee16ac346a82219
pos_train_seq491_hmm_aug009,pos_train_seq491,9,383,329,54,19,0.04960835509138381,0.9503916449086162,1,"14,16,22,34,37,46,78,135,153,161,172,204,223,245,248,263,291,299,302",a5cbafdeb3d6b4e699396ef030c313bf123d39ca0a4f6e1a97fa8477321f5f3a
pos_train_seq492_hmm_aug009,pos_train_seq492,9,508,452,56,17,0.03346456692913386,0.9665354330708661,1,"29,154,158,180,185,196,200,266,280,302,306,344,352,364,415,428,429",7fb8c7d9dcbb1b4976aeffbae596ad4e42258fd552638176cbbc9ed3a8132634
pos_train_seq493_hmm_aug009,pos_train_seq493,9,296,133,163,9,0.030405405405405407,0.9695945945945946,1,"22,45,56,58,69,90,274,276,287",687ae60c64fe0b6c39377f65aba7457d6fcad5d8db36dc258944ce98f3c62657
pos_train_seq494_hmm_aug009,pos_train_seq494,9,192,191,1,7,0.036458333333333336,0.9635416666666666,1,"14,24,34,49,72,87,135",1a0cfa999d6aa2d086c209c7e115812235481e88418bb60df787259bc2f65144
pos_train_seq495_hmm_aug009,pos_train_seq495,9,340,223,117,10,0.029411764705882353,0.9705882352941176,1,"33,183,191,217,241,253,300,301,327,329",e279d19cf5e6f01480fd576cb9801eec748779644cfc16691242ec1a6510a32e
pos_train_seq496_hmm_aug009,pos_train_seq496,9,403,289,114,20,0.04962779156327544,0.9503722084367245,1,"133,144,157,167,191,193,211,224,225,254,274,275,294,307,317,331,335,343,373,374",378626d5e125942b2d6f19fb67519a2b53b0cc69fa92011e80a4a971f550ee85
pos_train_seq499_hmm_aug009,pos_train_seq499,9,397,242,155,15,0.037783375314861464,0.9622166246851386,1,"127,144,164,183,195,214,222,231,235,239,277,307,369,379,383",603f69800f3fccdba796bb4df8751782a8be3321301589ab45487ef7116316ac
pos_train_seq500_hmm_aug009,pos_train_seq500,9,449,312,137,8,0.017817371937639197,0.9821826280623608,1,"32,45,50,81,298,357,359,379",97fe7a658933d73736210cd8d14892cf7c45e4d8b506096de8f3af45e12d42eb
pos_train_seq502_hmm_aug009,pos_train_seq502,9,353,172,181,8,0.0226628895184136,0.9773371104815864,1,"50,54,119,123,141,152,158,176",7bc0e31e4f93155482b0974c2aee3bfa9d35f9b23f109ab3b52fb2000a2b1a24
pos_train_seq503_hmm_aug009,pos_train_seq503,9,153,12,141,1,0.006535947712418301,0.9934640522875817,1,143,7698733ccd8720ddfedaae47f53b912c0cddab2baca97295543da037cbd676cb
pos_train_seq504_hmm_aug009,pos_train_seq504,9,127,127,0,8,0.06299212598425197,0.937007874015748,1,"61,76,81,85,100,109,117,122",b21fccf9cdbe1a9feb3546252b340e38ff331f4f62ec04b6881cb734b437c5e3
pos_train_seq506_hmm_aug009,pos_train_seq506,9,415,369,46,18,0.043373493975903614,0.9566265060240964,1,"35,52,103,107,115,117,130,132,141,147,171,174,179,225,234,265,331,366",7463291eaf8ec2355a9526a1020c926c26a476d3c90cb9515c892c59dbda8309
pos_train_seq507_hmm_aug009,pos_train_seq507,9,443,57,386,2,0.004514672686230248,0.9954853273137697,1,"286,341",a41054380b689814659025851b5c90c2917635f207ecc376a3811931bd7cbc58
pos_train_seq510_hmm_aug009,pos_train_seq510,9,366,30,336,1,0.00273224043715847,0.9972677595628415,1,133,ffe2545a45967e9338c848eb3e64316246e4c3f65c5e1f673f18a83262c88377
pos_train_seq511_hmm_aug009,pos_train_seq511,9,476,79,397,5,0.01050420168067227,0.9894957983193278,1,"248,251,267,283,314",07953035e50b6d4b0cafe7cffb493ed044aa47dd8661fb351cfa6dd6888e41a6
pos_train_seq514_hmm_aug009,pos_train_seq514,9,475,327,148,7,0.014736842105263158,0.9852631578947368,1,"180,201,222,273,382,446,457",643b5b5470b2fd4602c84339d887569cd39612589bb2b6c586bfb6d815b4337d
pos_train_seq515_hmm_aug009,pos_train_seq515,9,361,107,254,4,0.0110803324099723,0.9889196675900277,1,"50,76,80,95",fb89ae165a34cee336e4bd3f469a140a984dcb9ac4d26cfbcb3b56a2f2410cfc
pos_train_seq518_hmm_aug009,pos_train_seq518,9,429,194,235,7,0.016317016317016316,0.9836829836829837,1,"26,97,104,169,326,415,424",b88d791ea13f82c3c1d8124898492c13fc832fdbb9fcba9e9fc15907ddc3e39c
pos_train_seq519_hmm_aug009,pos_train_seq519,9,358,105,253,3,0.008379888268156424,0.9916201117318436,1,"56,84,107",d4ead82c08c4ac95dc81dc790ec16d3312c8b262b7ca5e2eb1d394ae8247d16d
pos_train_seq520_hmm_aug009,pos_train_seq520,9,254,79,175,3,0.011811023622047244,0.9881889763779528,1,"162,204,207",b0965daf5ce1dc981932fcd6a46d26b03caa4c02b5bdd5a24ba7dc3d570443a9
pos_train_seq521_hmm_aug009,pos_train_seq521,9,210,1,209,1,0.004761904761904762,0.9952380952380953,1,1,8d01b1d18300ac18c00501735ac73162af18ace0cac606d1a59dbe9689e20a59
pos_train_seq523_hmm_aug009,pos_train_seq523,9,175,37,138,2,0.011428571428571429,0.9885714285714285,1,"144,164",55ecf502043fbb6dbadd94592783ba1ac3b4317cca4f9338391e5d34fa52dd49
pos_train_seq524_hmm_aug009,pos_train_seq524,9,323,204,119,9,0.02786377708978328,0.9721362229102167,1,"39,68,90,101,106,147,153,185,195",819bc15684d349f157b3a11291bd9279717c3242893671d169a330b4639410f6
pos_train_seq526_hmm_aug009,pos_train_seq526,9,340,88,252,4,0.011764705882352941,0.9882352941176471,1,"7,26,66,78",cde8ce2b3fe9d99caac8c38f386f433eef6a9fcd014d7b8e4bbe8793ac02d1f9
pos_train_seq527_hmm_aug009,pos_train_seq527,9,150,1,149,1,0.006666666666666667,0.9933333333333333,1,150,c62e111cf6bc33f624b972d7ce6a3bb1ec71703ef7b2f2f970d37d15560633f5
pos_train_seq528_hmm_aug009,pos_train_seq528,9,266,33,233,1,0.0037593984962406013,0.9962406015037594,1,117,eeea58ef7acd1823b2bee9082c076b910015013d328d67ab5c0a4d92d7792d75
pos_train_seq531_hmm_aug009,pos_train_seq531,9,478,437,41,27,0.056485355648535567,0.9435146443514645,1,"1,21,25,28,76,77,81,85,113,125,131,157,160,161,163,190,213,230,278,305,343,348,351,369,412,416,454",48b175013d03e9d633e52c499f74be14d4c7c220c75dafb5b70442bc6e2c99ed
pos_train_seq532_hmm_aug009,pos_train_seq532,9,327,71,256,5,0.01529051987767584,0.9847094801223242,1,"208,209,224,239,242",a2f65791bb778e39b6f1693dc188910cf23d7c5c9a2d2d399d3e89cb9b2a1f4b
pos_train_seq533_hmm_aug009,pos_train_seq533,9,392,117,275,6,0.015306122448979591,0.9846938775510204,1,"316,341,343,345,352,391",72ecf667d9eda371d42ac8e912cc7e142f9f5d94a7477b9bb6a7343a5a54019d
pos_train_seq534_hmm_aug009,pos_train_seq534,9,440,152,288,8,0.01818181818181818,0.9818181818181818,1,"345,353,368,401,405,414,430,431",69325cd31c072f7ed20131dfe4d7370a8baef6c231a511d3f2ea5ea81ed9623d
pos_train_seq536_hmm_aug009,pos_train_seq536,9,377,318,59,18,0.04774535809018567,0.9522546419098143,1,"39,40,113,125,133,144,148,171,174,209,231,238,255,307,310,323,337,371",9659f6c54b0b961f997aafc9f6b8a8811d4015639b85b5383136624c7ad8e2f8
pos_train_seq538_hmm_aug009,pos_train_seq538,9,333,48,285,3,0.009009009009009009,0.990990990990991,1,"261,281,307",842a19df3f9025a02b80a1b6db4189064e8c0be7c6ba4986ccaf38494a2a7ad1
pos_train_seq540_hmm_aug009,pos_train_seq540,9,140,1,139,1,0.007142857142857143,0.9928571428571429,1,140,fed655e48daabef9ce5eda3772f18698dcdf939d6bd53d65780640ccf5d9aecf
pos_train_seq541_hmm_aug009,pos_train_seq541,9,156,78,78,5,0.03205128205128205,0.967948717948718,1,"82,92,121,140,149",ac2bd3ddae50862ea21a536f192a29833577c58197f52ef7ccb688fa12bdacd8
pos_train_seq543_hmm_aug009,pos_train_seq543,9,294,134,160,3,0.01020408163265306,0.9897959183673469,1,"75,76,87",1ed33b89e74dccc3f1e154dc750446eadde8677f03f942ffb83b51dd4ea1d7f4
pos_train_seq544_hmm_aug009,pos_train_seq544,9,398,163,235,7,0.017587939698492462,0.9824120603015075,1,"34,55,63,169,170,298,381",96bf093c71dc145129b705d81f6df8d2af56cb841693ee5bbb735a29874947ac
pos_train_seq545_hmm_aug009,pos_train_seq545,9,359,348,11,15,0.04178272980501393,0.958217270194986,1,"7,74,87,90,91,146,157,218,223,243,246,286,323,326,348",7e48bdb092d2b34050ae285acbcc3853d033bc3d83553a0d8cdbf357814e5870
pos_train_seq548_hmm_aug009,pos_train_seq548,9,108,76,32,6,0.05555555555555555,0.9444444444444444,1,"37,78,88,96,100,101",966ce62aba653d461e097b39cfcb9b2bb571068fd305a7b9d51ffacae056f377
pos_train_seq549_hmm_aug009,pos_train_seq549,9,331,7,324,1,0.0030211480362537764,0.9969788519637462,1,282,fb05e2ad400d4e37efe5538c8a55bbafa3962cdad6ad63048e4ee3b95ff67e97
pos_train_seq550_hmm_aug009,pos_train_seq550,9,439,74,365,4,0.009111617312072893,0.9908883826879271,1,"104,115,144,373",14f2df06742d214a42c4e9d1851936b779c4d010a461dca3d3066d530af538e7
pos_train_seq551_hmm_aug009,pos_train_seq551,9,185,135,50,7,0.03783783783783784,0.9621621621621621,1,"64,75,102,103,107,139,167",84764c4b0ed2408d2b7ed1356e27b7f50d31efaffcee9a427cf89a5efe83e50f
pos_train_seq552_hmm_aug009,pos_train_seq552,9,103,31,72,3,0.02912621359223301,0.970873786407767,1,"25,38,45",d301ad7ba5c79cea502dab2390dd89ba6925d9d155b51f166b9b6cd561c79628
pos_train_seq555_hmm_aug009,pos_train_seq555,9,111,38,73,1,0.009009009009009009,0.990990990990991,1,107,2354fe8d4d6284e1a14a754cfebb31acbd7fd472b44c4700730d67b7d7ed70de
pos_train_seq556_hmm_aug009,pos_train_seq556,9,181,121,60,7,0.03867403314917127,0.9613259668508287,1,"51,76,87,109,145,155,158",b30344adf21662a46ddb815a32507b760b9e2f38996790e6f3a5baea281478b2
pos_train_seq557_hmm_aug009,pos_train_seq557,9,450,415,35,25,0.05555555555555555,0.9444444444444444,1,"20,31,42,46,55,63,72,73,87,94,95,171,190,214,227,230,259,274,297,331,335,348,365,371,449",08ee241f0f6f66d751738e1e5322d32b4ca80a339c3524544ceec858768c0af8
pos_train_seq558_hmm_aug009,pos_train_seq558,9,356,106,250,12,0.033707865168539325,0.9662921348314607,1,"12,15,27,39,46,49,62,91,104,111,112,116",dc66faeb485a70b384ef9e294e7a91cd6d8bfae8a3232bd9197e523a449ee56f
pos_train_seq559_hmm_aug009,pos_train_seq559,9,303,255,48,13,0.0429042904290429,0.9570957095709571,1,"61,87,92,114,143,157,181,187,234,246,256,281,297",a2d9b3eade4b1c3344ffc27d2ebfdf33c9ad93300f6b388afa7ba5cf48202dff
pos_train_seq560_hmm_aug009,pos_train_seq560,9,221,72,149,2,0.00904977375565611,0.9909502262443439,1,"18,67",99a31ab3291cab7933b6851ba5c35789cdd88287f8ff20aca66477cc5f42643e
pos_train_seq561_hmm_aug009,pos_train_seq561,9,280,141,139,5,0.017857142857142856,0.9821428571428571,1,"28,235,249,266,268",6c2bdbd055e754953e7c904624038622eb9fe9a2fbeec75f472323e9fb03249f
pos_train_seq564_hmm_aug009,pos_train_seq564,9,338,63,275,5,0.014792899408284023,0.985207100591716,1,"10,135,162,173,182",b3b13be4d8a26bca9298d45496cb6bebc8f38f80205d71a28abe5fe33f58f9bf
pos_train_seq566_hmm_aug009,pos_train_seq566,9,313,195,118,13,0.04153354632587859,0.9584664536741214,1,"54,58,63,65,66,88,105,108,124,146,176,178,184",12fa7636998e12c7cd1c4285c4bb5d536c4649b4f7eac37b583f75ad825f86af
pos_train_seq567_hmm_aug009,pos_train_seq567,9,478,87,391,8,0.016736401673640166,0.9832635983263598,1,"18,28,36,44,50,65,68,90",639ab173fc56662b795b40132caa7cec6d280f7497f1abc8b05d824c6b4f35f7
pos_train_seq568_hmm_aug009,pos_train_seq568,9,390,47,343,2,0.005128205128205128,0.9948717948717949,1,"66,139",60a478b874c1380cd04b8dbeb2cbd89744c734961bf04a46b5ce489e054067db
pos_train_seq569_hmm_aug009,pos_train_seq569,9,332,332,0,18,0.05421686746987952,0.9457831325301205,1,"31,98,125,168,185,193,208,214,220,223,234,248,255,258,261,293,301,314",4467213997333a418a10252114012687aec04ff9f523d187b5d3e757e1ac03bd
